customer_id,region,city,signup_date,contract_type,monthly_charge,data_usage_gb,support_calls,payment_method,tenure_months,satisfaction_score,revenue,churn,product_type,network_type
CUST-100000,Upper Egypt,Sohag,2021-01-01,One year,478.25,141.0,2.0,Mobile wallet,49,4.0,22701.59,0,Fiber Internet,4G
CUST-100001,Alexandria,Smouha,2021-01-01,One year,837.08,293.26,2.0,Credit card,49,,46967.66,0,Bundle,4G
CUST-100002,Canal,Ismailia,2021-01-02,Month-to-month,218.78,,4.0,Credit card,49,3.0,10814.58,0,Mobile,3G
CUST-100003,Upper Egypt,Minya,2021-01-02,Month-to-month,367.33,325.7,3.0,Cash,49,4.0,17453.86,0,Fiber Internet,5G
CUST-100004,Cairo,Maadi,2021-01-03,One year,211.35,9.3,1.0,Mobile wallet,49,5.0,11341.62,0,Mobile,4G
CUST-100005,Red Sea,Marsa Alam,2021-01-03,One year,500.68,420.59,2.0,,49,4.0,25266.98,0,Fiber Internet,5G
CUST-100006,Upper Egypt,Minya,2021-01-05,Two year,384.55,193.61,0.0,Mobile wallet,49,4.0,18995.78,0,Fiber Internet,4G
CUST-100007,Upper Egypt,Assiut,2021-01-06,Two year,187.99,11.97,0.0,Mobile wallet,49,4.0,9330.72,0,Mobile,5G
CUST-100008,Cairo,New Cairo,2021-01-06,One year,442.37,279.13,2.0,Cash,49,5.0,22788.01,0,DSL Internet,5G
CUST-100009,Alexandria,Smouha,2021-01-06,One year,267.86,14.18,1.0,Mobile wallet,49,,13257.56,0,Mobile,5G
CUST-100010,Alexandria,Montazah,2021-01-07,One year,307.11,96.97,0.0,Credit card,49,5.0,14010.23,0,DSL Internet,4G
CUST-100011,Canal,Ismailia,2021-01-07,One year,150.28,13.48,1.0,Credit card,49,5.0,7358.42,0,Mobile,5G
CUST-100012,Delta,Zagazig,2021-01-07,Month-to-month,356.23,171.69,1.0,Credit card,49,4.0,18083.36,0,Fiber Internet,4G
CUST-100013,Upper Egypt,Qena,2021-01-08,One year,204.69,11.67,1.0,Mobile wallet,49,5.0,10010.64,0,Mobile,5G
CUST-100014,Alexandria,Montazah,2021-01-08,One year,545.68,136.36,1.0,Mobile wallet,49,4.0,25684.67,0,Fiber Internet,4G
CUST-100015,Cairo,Zamalek,2021-01-08,One year,247.46,11.18,0.0,Mobile wallet,49,5.0,12107.9,0,Mobile,4G
CUST-100016,Delta,Damanhour,2021-01-09,Two year,467.71,156.04,1.0,Mobile wallet,49,4.0,23710.06,0,Fiber Internet,4G
CUST-100017,Cairo,Zamalek,2021-01-09,One year,234.13,10.92,1.0,Bank transfer,49,,11811.84,1,Mobile,4G
CUST-100018,Upper Egypt,Qena,2021-01-09,Month-to-month,135.31,6.5,2.0,,49,4.0,6336.03,0,Mobile,4G
CUST-100019,Delta,Tanta,2021-01-09,Month-to-month,710.74,209.6,0.0,Credit card,49,4.0,33186.07,0,Bundle,4G
CUST-100020,Upper Egypt,Assiut,2021-01-10,Month-to-month,457.91,176.44,0.0,Bank transfer,49,5.0,22384.72,0,Fiber Internet,4G
CUST-100021,Alexandria,Smouha,2021-01-10,Month-to-month,428.07,258.74,3.0,Mobile wallet,49,3.0,20394.1,0,Fiber Internet,5G
CUST-100022,Red Sea,Sharm El Sheikh,2021-01-10,Month-to-month,405.24,216.25,1.0,Cash,49,5.0,19397.53,0,Fiber Internet,4G
CUST-100023,Canal,Ismailia,2021-01-11,Month-to-month,457.16,216.86,4.0,Credit card,49,1.0,21707.79,1,Fiber Internet,4G
CUST-100024,Upper Egypt,Assiut,2021-01-11,Month-to-month,489.49,544.2,3.0,Mobile wallet,49,4.0,24719.99,0,Bundle,5G
CUST-100025,Cairo,Maadi,2021-01-11,Month-to-month,253.92,11.95,0.0,Credit card,49,5.0,12022.12,0,Mobile,4G
CUST-100026,Alexandria,Borg El Arab,2021-01-12,Two year,837.09,345.4,5.0,Mobile wallet,49,,39103.95,0,Bundle,5G
CUST-100027,Cairo,Zamalek,2021-01-12,One year,684.43,240.85,1.0,Credit card,49,4.0,32545.64,0,Bundle,4G
CUST-100028,Cairo,Zamalek,2021-01-13,Month-to-month,638.91,157.48,1.0,Mobile wallet,49,4.0,29412.08,0,Fiber Internet,3G
CUST-100029,Upper Egypt,Assiut,2021-01-13,Month-to-month,153.05,10.86,1.0,Credit card,49,5.0,7515.22,0,Mobile,4G
CUST-100030,Upper Egypt,Assiut,2021-01-13,Month-to-month,403.87,379.76,1.0,Credit card,49,4.0,19876.0,0,Fiber Internet,5G
CUST-100031,Red Sea,Hurghada,2021-01-15,Month-to-month,313.91,115.84,0.0,Mobile wallet,49,5.0,16003.0,0,DSL Internet,5G
CUST-100032,Alexandria,Borg El Arab,2021-01-15,Month-to-month,230.04,22.75,1.0,Bank transfer,49,5.0,10794.66,0,Mobile,5G
CUST-100033,Alexandria,Montazah,2021-01-17,Month-to-month,142.33,4.14,5.0,Bank transfer,48,1.0,6722.38,1,Mobile,3G
CUST-100034,Alexandria,Borg El Arab,2021-01-18,Month-to-month,225.12,11.56,0.0,Bank transfer,48,5.0,10950.54,0,Mobile,5G
CUST-100035,Cairo,Heliopolis,2021-01-18,Two year,356.53,111.47,0.0,Cash,48,4.0,16053.79,0,DSL Internet,4G
CUST-100036,Cairo,Heliopolis,2021-01-19,One year,378.35,257.56,0.0,Bank transfer,48,,18319.97,0,DSL Internet,5G
CUST-100037,Alexandria,Montazah,2021-01-19,Two year,281.35,14.11,1.0,Mobile wallet,48,4.0,13643.25,0,Mobile,4G
CUST-100038,Cairo,New Cairo,2021-01-19,Month-to-month,490.56,202.27,2.0,Cash,48,4.0,23426.35,0,Fiber Internet,5G
CUST-100039,Delta,Tanta,2021-01-19,Month-to-month,227.52,87.42,0.0,Mobile wallet,48,5.0,10361.22,0,DSL Internet,5G
CUST-100040,Alexandria,Montazah,2021-01-20,Two year,716.96,180.71,1.0,Bank transfer,48,4.0,34309.29,0,Bundle,4G
CUST-100041,Upper Egypt,Qena,2021-01-21,Month-to-month,151.34,9.28,0.0,Mobile wallet,48,5.0,6695.9,0,Mobile,5G
CUST-100042,Upper Egypt,Sohag,2021-01-21,One year,153.09,8.22,1.0,Credit card,48,4.0,7443.91,0,Mobile,4G
CUST-100043,Alexandria,Borg El Arab,2021-01-22,Two year,245.51,7.98,0.0,Mobile wallet,48,4.0,12134.07,0,Mobile,4G
CUST-100044,Upper Egypt,Minya,2021-01-22,One year,422.2,158.87,1.0,Bank transfer,48,3.0,20088.1,0,Fiber Internet,4G
CUST-100045,Upper Egypt,Qena,2021-01-22,Month-to-month,170.07,19.1,0.0,Mobile wallet,48,5.0,8581.14,0,Mobile,5G
CUST-100046,Alexandria,Sidi Gaber,2021-01-23,One year,202.84,15.9,1.0,Cash,48,5.0,9464.82,0,Mobile,4G
CUST-100047,Cairo,Zamalek,2021-01-23,Month-to-month,297.47,91.42,0.0,Credit card,48,3.0,13862.76,0,DSL Internet,3G
CUST-100048,Upper Egypt,,2021-01-23,Month-to-month,368.52,139.01,3.0,Credit card,48,4.0,17127.47,1,Fiber Internet,5G
CUST-100049,Cairo,Zamalek,2021-01-23,Month-to-month,227.27,17.51,0.0,Bank transfer,48,5.0,11896.69,0,Mobile,4G
CUST-100050,Cairo,Maadi,2021-01-24,Two year,268.63,17.75,3.0,Mobile wallet,48,3.0,12747.67,0,Mobile,5G
CUST-100051,Cairo,Zamalek,2021-01-24,One year,235.6,11.12,1.0,Bank transfer,48,4.0,12278.34,0,Mobile,4G
CUST-100052,Upper Egypt,Qena,2021-01-24,Month-to-month,167.29,11.64,1.0,Mobile wallet,48,4.0,7850.52,1,Mobile,4G
CUST-100053,Delta,Tanta,2021-01-24,Month-to-month,157.92,14.71,0.0,Mobile wallet,48,5.0,7335.42,0,Mobile,5G
CUST-100054,Upper Egypt,Sohag,2021-01-25,One year,174.48,2.76,1.0,Cash,48,3.0,9029.27,0,Mobile,3G
CUST-100055,Upper Egypt,Sohag,2021-01-25,Two year,181.58,7.54,0.0,Bank transfer,48,5.0,8780.23,0,Mobile,4G
CUST-100056,Alexandria,Montazah,2021-01-25,Month-to-month,636.26,215.55,0.0,Credit card,48,5.0,30181.25,0,Bundle,4G
CUST-100057,Delta,Zagazig,2021-01-25,Month-to-month,646.19,236.59,0.0,Bank transfer,48,4.0,32085.34,0,Bundle,5G
CUST-100058,Cairo,Heliopolis,2021-01-26,Two year,229.46,14.39,1.0,Mobile wallet,48,5.0,11563.59,0,Mobile,4G
CUST-100059,Cairo,Nasr City,2021-01-26,Two year,445.01,418.5,0.0,Credit card,48,5.0,20863.84,0,Fiber Internet,5G
CUST-100060,Delta,Mansoura,2021-01-26,Two year,195.79,13.8,1.0,Bank transfer,48,4.0,9736.91,0,Mobile,5G
CUST-100061,Alexandria,Smouha,2021-01-26,Month-to-month,252.29,101.74,2.0,Bank transfer,48,4.0,12000.15,0,DSL Internet,4G
CUST-100062,Delta,Damanhour,2021-01-27,Month-to-month,340.64,154.82,1.0,Mobile wallet,48,5.0,15709.02,0,Bundle,4G
CUST-100063,Upper Egypt,Qena,2021-01-27,Month-to-month,459.27,197.41,0.0,Cash,48,4.0,20974.92,1,Fiber Internet,4G
CUST-100064,Delta,Mansoura,2021-01-28,Month-to-month,450.5,264.37,1.0,Bank transfer,48,5.0,20610.3,0,Fiber Internet,4G
CUST-100065,Delta,Mansoura,2021-01-29,Two year,230.58,3.47,6.0,,48,2.0,10875.03,1,Mobile,3G
CUST-100066,Delta,Damanhour,2021-01-29,Month-to-month,173.3,10.14,2.0,Bank transfer,48,4.0,8348.59,0,Mobile,4G
CUST-100067,Alexandria,Montazah,2021-01-29,One year,558.71,220.58,0.0,Bank transfer,48,5.0,28043.38,0,Fiber Internet,4G
CUST-100068,Cairo,Maadi,2021-01-29,Two year,261.55,13.69,1.0,Cash,48,4.0,12990.5,0,Mobile,5G
CUST-100069,Alexandria,Montazah,2021-01-29,Two year,624.86,204.39,0.0,Bank transfer,48,5.0,29508.75,0,Fiber Internet,4G
CUST-100070,Cairo,Maadi,2021-01-30,One year,620.28,409.78,3.0,Mobile wallet,48,3.0,29543.54,0,Fiber Internet,4G
CUST-100071,Alexandria,Smouha,2021-01-30,Two year,241.01,7.41,0.0,Cash,48,5.0,11268.17,0,Mobile,4G
CUST-100072,Canal,Ismailia,2021-01-31,Month-to-month,449.59,179.48,1.0,Mobile wallet,48,,21675.03,0,Fiber Internet,4G
CUST-100073,Cairo,New Cairo,2021-01-31,Month-to-month,403.68,210.75,0.0,Credit card,48,5.0,19205.51,0,DSL Internet,4G
CUST-100074,Cairo,Zamalek,2021-01-31,Month-to-month,559.66,217.99,0.0,Mobile wallet,48,,26917.01,0,Fiber Internet,5G
CUST-100075,Cairo,Nasr City,2021-02-01,Two year,559.33,191.84,1.0,Bank transfer,48,4.0,28418.1,0,Fiber Internet,4G
CUST-100076,Cairo,Heliopolis,2021-02-01,Two year,898.65,310.25,0.0,Bank transfer,48,5.0,45747.12,0,Bundle,4G
CUST-100077,Delta,Damanhour,2021-02-01,Month-to-month,191.42,15.42,3.0,Cash,48,4.0,8958.66,0,Mobile,5G
CUST-100078,Delta,Damanhour,2021-02-01,Month-to-month,412.04,95.36,3.0,Bank transfer,48,,20392.47,0,Fiber Internet,3G
CUST-100079,Upper Egypt,Qena,2021-02-02,Month-to-month,159.33,9.16,1.0,Bank transfer,48,5.0,7847.73,0,Mobile,5G
CUST-100080,Delta,Mansoura,2021-02-02,Month-to-month,155.03,5.1,2.0,Credit card,48,3.0,7277.95,0,Mobile,3G
CUST-100081,Alexandria,Smouha,2021-02-02,Two year,762.9,384.31,1.0,Credit card,48,,38687.49,0,Bundle,5G
CUST-100082,Upper Egypt,Assiut,2021-02-03,Month-to-month,135.09,12.89,0.0,Mobile wallet,48,5.0,6100.81,0,Mobile,5G
CUST-100083,Cairo,Nasr City,2021-02-03,Two year,267.73,22.73,0.0,Mobile wallet,48,4.0,13403.93,0,Mobile,5G
CUST-100084,Cairo,Nasr City,2021-02-03,One year,236.88,3.84,3.0,Mobile wallet,48,2.0,11317.07,0,Mobile,3G
CUST-100085,Cairo,Maadi,2021-02-03,Month-to-month,823.65,392.93,3.0,Bank transfer,48,4.0,37840.97,0,Bundle,4G
CUST-100086,Upper Egypt,Minya,2021-02-03,Month-to-month,599.62,310.03,2.0,,48,4.0,28569.87,0,Bundle,5G
CUST-100087,Alexandria,Sidi Gaber,2021-02-03,Two year,206.14,12.68,1.0,Bank transfer,48,4.0,10638.0,0,Mobile,4G
CUST-100088,Cairo,Heliopolis,2021-02-04,One year,605.04,269.52,2.0,Mobile wallet,48,4.0,31958.71,0,Fiber Internet,4G
CUST-100089,Delta,Mansoura,2021-02-04,Month-to-month,172.71,15.25,1.0,Mobile wallet,48,3.0,8031.87,0,Mobile,4G
CUST-100090,Cairo,Nasr City,2021-02-04,Month-to-month,359.55,65.68,2.0,Mobile wallet,48,4.0,17231.5,0,DSL Internet,3G
CUST-100091,Upper Egypt,Qena,2021-02-05,Two year,446.79,166.54,0.0,Cash,48,4.0,21286.39,0,Fiber Internet,4G
CUST-100092,Alexandria,Montazah,2021-02-05,Two year,229.97,5.04,1.0,,48,5.0,11030.14,0,Mobile,3G
CUST-100093,Alexandria,Smouha,2021-02-05,Two year,571.93,163.69,2.0,Bank transfer,48,3.0,28627.91,1,Fiber Internet,4G
CUST-100094,Alexandria,Borg El Arab,2021-02-06,One year,686.6,323.35,3.0,Mobile wallet,48,4.0,32441.51,0,Bundle,4G
CUST-100095,Delta,Damanhour,2021-02-06,Two year,256.01,8.28,1.0,Mobile wallet,48,5.0,11904.13,0,Mobile,4G
CUST-100096,Alexandria,Borg El Arab,2021-02-06,Month-to-month,184.21,6.39,2.0,Cash,48,3.0,8684.84,0,Mobile,3G
CUST-100097,Cairo,Nasr City,2021-02-07,One year,834.23,394.31,1.0,Bank transfer,48,4.0,38915.03,1,Bundle,5G
CUST-100098,Cairo,Zamalek,2021-02-07,Month-to-month,250.3,6.68,0.0,Mobile wallet,48,,12384.46,0,Mobile,4G
CUST-100099,Red Sea,Marsa Alam,2021-02-07,One year,613.25,366.65,3.0,Bank transfer,48,4.0,29584.03,0,Fiber Internet,4G
CUST-100100,Canal,Port Said,2021-02-07,Two year,506.95,108.15,0.0,Mobile wallet,48,,24981.22,0,Fiber Internet,5G
CUST-100101,Upper Egypt,Assiut,2021-02-08,Two year,222.76,10.19,2.0,Cash,48,4.0,11145.25,0,Mobile,4G
CUST-100102,Cairo,New Cairo,2021-02-08,One year,189.0,9.99,1.0,Cash,48,,8969.92,0,Mobile,4G
CUST-100103,Red Sea,Sharm El Sheikh,2021-02-08,One year,213.29,5.07,0.0,,48,5.0,10209.28,0,Mobile,4G
CUST-100104,Upper Egypt,Sohag,2021-02-09,Two year,205.43,11.27,0.0,Credit card,48,5.0,10054.32,0,Mobile,4G
CUST-100105,Upper Egypt,Minya,2021-02-09,Two year,390.79,139.99,1.0,Mobile wallet,48,4.0,18295.53,0,Fiber Internet,4G
CUST-100106,Alexandria,Borg El Arab,2021-02-10,One year,620.13,219.31,1.0,Mobile wallet,48,5.0,29819.04,0,Bundle,4G
CUST-100107,Cairo,Nasr City,2021-02-11,Month-to-month,220.49,22.5,0.0,Cash,48,5.0,11031.65,0,Mobile,5G
CUST-100108,Cairo,Heliopolis,2021-02-11,Month-to-month,304.45,110.74,0.0,,48,5.0,14685.01,0,DSL Internet,4G
CUST-100109,Canal,,2021-02-11,Two year,244.74,10.05,0.0,Cash,48,4.0,12089.59,1,Mobile,4G
CUST-100110,Alexandria,Montazah,2021-02-11,One year,253.72,10.87,0.0,Mobile wallet,48,5.0,11490.3,1,Mobile,4G
CUST-100111,Cairo,Maadi,2021-02-11,One year,612.36,219.62,0.0,Credit card,48,5.0,29790.83,0,Fiber Internet,3G
CUST-100112,Alexandria,Smouha,2021-02-11,One year,258.15,13.08,0.0,Credit card,48,5.0,12677.7,0,Mobile,4G
CUST-100113,Delta,Zagazig,2021-02-12,Month-to-month,344.25,174.19,1.0,Mobile wallet,48,5.0,16733.3,0,Fiber Internet,5G
CUST-100114,Cairo,Zamalek,2021-02-12,Month-to-month,237.06,13.67,0.0,Credit card,48,5.0,11247.82,0,Mobile,5G
CUST-100115,Canal,Ismailia,2021-02-12,Two year,619.79,239.82,2.0,Cash,48,4.0,28013.84,0,Fiber Internet,5G
CUST-100116,Upper Egypt,Qena,2021-02-12,Month-to-month,562.43,192.7,2.0,Mobile wallet,48,3.0,27616.66,1,Bundle,4G
CUST-100117,Upper Egypt,Minya,2021-02-13,One year,210.4,16.26,1.0,Bank transfer,48,4.0,9529.24,0,Mobile,4G
CUST-100118,Alexandria,Montazah,2021-02-14,One year,652.13,128.06,0.0,Bank transfer,48,,29629.61,0,Bundle,3G
CUST-100119,Delta,Mansoura,2021-02-14,Two year,237.48,7.32,1.0,Cash,48,4.0,11664.07,0,Mobile,4G
CUST-100120,Delta,Zagazig,2021-02-14,Month-to-month,169.99,9.84,1.0,Mobile wallet,48,5.0,8039.02,0,Mobile,4G
CUST-100121,Delta,Mansoura,2021-02-14,One year,214.31,4.97,3.0,Mobile wallet,48,4.0,10345.99,0,Mobile,3G
CUST-100122,Cairo,Zamalek,2021-02-14,Month-to-month,396.87,151.16,2.0,Mobile wallet,48,3.0,17695.66,1,DSL Internet,4G
CUST-100123,Alexandria,Smouha,2021-02-14,Month-to-month,429.8,93.55,3.0,Mobile wallet,48,4.0,20870.97,0,Fiber Internet,3G
CUST-100124,Cairo,New Cairo,2021-02-15,Month-to-month,554.14,336.92,0.0,Cash,48,5.0,27488.41,0,Bundle,4G
CUST-100125,Delta,Tanta,2021-02-15,Month-to-month,322.4,46.22,3.0,Mobile wallet,48,3.0,14508.8,0,DSL Internet,3G
CUST-100126,Alexandria,Sidi Gaber,2021-02-15,Two year,257.53,8.15,1.0,Mobile wallet,48,5.0,12486.13,0,Mobile,4G
CUST-100127,Cairo,Nasr City,2021-02-15,Two year,849.03,390.03,1.0,Bank transfer,48,4.0,42224.33,0,Bundle,4G
CUST-100128,Cairo,Maadi,2021-02-15,Month-to-month,714.95,143.1,2.0,Bank transfer,48,4.0,32486.49,0,Bundle,4G
CUST-100129,Delta,Damanhour,2021-02-15,Two year,222.96,81.02,1.0,Mobile wallet,48,4.0,10764.06,0,DSL Internet,4G
CUST-100130,Cairo,Maadi,2021-02-15,One year,621.83,301.22,2.0,Bank transfer,48,4.0,29909.27,0,Fiber Internet,4G
CUST-100131,Canal,Ismailia,2021-02-16,One year,613.75,176.1,1.0,Mobile wallet,47,5.0,29257.88,0,Bundle,5G
CUST-100132,Delta,Damanhour,2021-02-16,Two year,213.63,10.35,1.0,Cash,47,4.0,9931.16,0,Mobile,4G
CUST-100133,Alexandria,Montazah,2021-02-16,One year,709.09,165.68,1.0,Bank transfer,47,4.0,31385.49,0,Bundle,4G
CUST-100134,Delta,Mansoura,2021-02-16,Month-to-month,314.05,84.38,3.0,Credit card,47,3.0,14525.81,0,Bundle,4G
CUST-100135,Cairo,Maadi,2021-02-17,Month-to-month,582.64,164.4,3.0,Mobile wallet,47,3.0,26775.43,0,Fiber Internet,4G
CUST-100136,Red Sea,Sharm El Sheikh,2021-02-17,One year,254.76,10.86,3.0,Credit card,47,4.0,11941.23,0,Mobile,4G
CUST-100137,Delta,Tanta,2021-02-17,Two year,221.1,8.41,0.0,Cash,47,5.0,10892.63,0,Mobile,4G
CUST-100138,Upper Egypt,Assiut,2021-02-18,One year,538.44,298.35,0.0,Mobile wallet,47,5.0,23802.04,0,Bundle,4G
CUST-100139,Cairo,Heliopolis,2021-02-18,Month-to-month,734.97,395.53,2.0,Mobile wallet,47,5.0,35870.98,0,Bundle,5G
CUST-100140,Delta,Tanta,2021-02-18,Month-to-month,265.8,120.81,0.0,Mobile wallet,47,5.0,13376.17,0,DSL Internet,5G
CUST-100141,Delta,Tanta,2021-02-18,Two year,683.65,170.77,2.0,Mobile wallet,47,,34325.48,0,Bundle,4G
CUST-100142,Canal,,2021-02-19,Month-to-month,474.98,209.83,1.0,Bank transfer,47,4.0,23923.02,0,Fiber Internet,4G
CUST-100143,Delta,Tanta,2021-02-19,One year,641.61,650.73,0.0,Bank transfer,47,5.0,30388.04,0,Bundle,5G
CUST-100144,Alexandria,Smouha,2021-02-20,One year,281.62,9.97,2.0,Bank transfer,47,4.0,13274.37,0,Mobile,4G
CUST-100145,Cairo,Heliopolis,2021-02-20,Month-to-month,212.59,12.3,0.0,Cash,47,5.0,9269.03,0,Mobile,5G
CUST-100146,Alexandria,Borg El Arab,2021-02-21,Month-to-month,455.92,201.09,3.0,Credit card,47,4.0,21241.89,0,Fiber Internet,5G
CUST-100147,Delta,Zagazig,2021-02-22,Month-to-month,219.58,14.76,2.0,Bank transfer,47,3.0,10787.82,0,Mobile,4G
CUST-100148,Alexandria,Montazah,2021-02-22,Month-to-month,469.65,257.05,0.0,Credit card,47,4.0,20818.82,0,Fiber Internet,4G
CUST-100149,Cairo,New Cairo,2021-02-23,One year,420.16,116.28,0.0,Bank transfer,47,5.0,19068.18,0,DSL Internet,4G
CUST-100150,Upper Egypt,Minya,2021-02-23,Two year,192.45,11.43,0.0,Credit card,47,5.0,9084.79,0,Mobile,5G
CUST-100151,Canal,Suez,2021-02-23,Month-to-month,268.72,73.25,0.0,Mobile wallet,47,5.0,11794.18,0,DSL Internet,4G
CUST-100152,Cairo,Maadi,2021-02-23,One year,292.73,11.6,4.0,Credit card,47,3.0,14761.8,0,Mobile,4G
CUST-100153,Delta,Tanta,2021-02-23,Month-to-month,597.66,312.67,3.0,Mobile wallet,47,,28745.88,0,Bundle,4G
CUST-100154,Cairo,Heliopolis,2021-02-23,Month-to-month,187.93,13.62,0.0,Bank transfer,47,4.0,8763.46,1,Mobile,5G
CUST-100155,Delta,Mansoura,2021-02-23,One year,293.81,220.81,2.0,Bank transfer,47,5.0,14256.01,0,DSL Internet,5G
CUST-100156,Cairo,Nasr City,2021-02-23,Two year,562.23,97.83,1.0,Credit card,47,3.0,26066.75,0,Fiber Internet,3G
CUST-100157,Delta,Tanta,2021-02-23,One year,231.79,5.37,1.0,Mobile wallet,47,4.0,11016.13,0,Mobile,4G
CUST-100158,Upper Egypt,Qena,2021-02-24,Month-to-month,196.98,20.95,1.0,Cash,47,4.0,8896.27,0,Mobile,4G
CUST-100159,Upper Egypt,Minya,2021-02-24,One year,220.49,16.04,0.0,Credit card,47,,9402.75,0,Mobile,5G
CUST-100160,Cairo,New Cairo,2021-02-24,Month-to-month,245.66,20.49,0.0,Cash,47,5.0,11531.03,0,Mobile,5G
CUST-100161,Canal,Suez,2021-02-24,Two year,212.46,7.98,0.0,Bank transfer,47,5.0,10617.55,0,Mobile,4G
CUST-100162,Cairo,Heliopolis,2021-02-24,One year,270.31,11.53,0.0,Mobile wallet,47,5.0,13555.59,0,Mobile,5G
CUST-100163,Cairo,Heliopolis,2021-02-24,Two year,350.92,122.76,1.0,Mobile wallet,47,4.0,16368.74,0,DSL Internet,4G
CUST-100164,Delta,Tanta,2021-02-25,Month-to-month,234.85,3.28,2.0,Credit card,47,3.0,10915.84,0,Mobile,3G
CUST-100165,Alexandria,Sidi Gaber,2021-02-25,Month-to-month,237.3,14.62,0.0,Bank transfer,47,5.0,10459.17,0,Mobile,5G
CUST-100166,Upper Egypt,Sohag,2021-02-26,One year,184.32,12.44,1.0,Credit card,47,4.0,9031.13,0,Mobile,4G
CUST-100167,Upper Egypt,Assiut,2021-02-26,Month-to-month,422.81,299.98,1.0,Mobile wallet,47,5.0,20208.4,0,Fiber Internet,5G
CUST-100168,Alexandria,Borg El Arab,2021-02-26,One year,495.87,218.26,1.0,Bank transfer,47,4.0,23129.6,0,Fiber Internet,4G
CUST-100169,Red Sea,Marsa Alam,2021-02-27,One year,496.61,341.51,1.0,Cash,47,3.0,21499.2,0,Fiber Internet,4G
CUST-100170,Cairo,Nasr City,2021-02-27,Two year,459.96,214.69,2.0,Bank transfer,47,4.0,20059.26,0,Fiber Internet,4G
CUST-100171,Delta,Tanta,2021-02-27,Month-to-month,424.47,102.42,0.0,Cash,47,5.0,20053.39,0,Fiber Internet,4G
CUST-100172,Cairo,Heliopolis,2021-02-27,Two year,269.27,11.41,0.0,Credit card,47,4.0,11874.81,0,Mobile,4G
CUST-100173,Canal,Port Said,2021-02-28,Month-to-month,204.65,25.44,0.0,Mobile wallet,47,5.0,9825.6,0,Mobile,5G
CUST-100174,Cairo,New Cairo,2021-02-28,Month-to-month,339.66,104.39,1.0,Bank transfer,47,5.0,16338.8,0,DSL Internet,4G
CUST-100175,Cairo,Heliopolis,2021-02-28,One year,275.44,21.21,1.0,Credit card,47,4.0,12264.92,0,Mobile,4G
CUST-100176,Alexandria,,2021-03-01,Month-to-month,706.42,351.89,1.0,Credit card,47,5.0,33265.94,0,Bundle,4G
CUST-100177,Red Sea,Marsa Alam,2021-03-01,Two year,501.38,180.26,1.0,Mobile wallet,47,4.0,22679.82,0,Fiber Internet,4G
CUST-100178,Canal,Port Said,2021-03-01,Two year,586.95,164.53,2.0,,47,4.0,28625.41,0,Fiber Internet,4G
CUST-100179,Upper Egypt,Sohag,2021-03-02,Two year,417.95,288.03,4.0,Mobile wallet,47,3.0,22229.36,0,Fiber Internet,5G
CUST-100180,Canal,Port Said,2021-03-02,Two year,750.48,395.33,3.0,Cash,47,,35104.77,0,Bundle,4G
CUST-100181,Canal,Ismailia,2021-03-02,One year,560.12,137.12,0.0,Bank transfer,47,5.0,27881.74,0,Fiber Internet,4G
CUST-100182,Delta,Mansoura,2021-03-02,Month-to-month,476.12,203.74,0.0,Credit card,47,4.0,23297.66,0,Fiber Internet,4G
CUST-100183,Alexandria,Borg El Arab,2021-03-02,Two year,766.04,148.49,0.0,Credit card,47,4.0,35892.16,0,Bundle,4G
CUST-100184,Upper Egypt,Qena,2021-03-03,Month-to-month,382.98,152.4,1.0,Credit card,47,5.0,18383.15,0,Fiber Internet,4G
CUST-100185,Delta,Tanta,2021-03-03,Two year,552.49,192.49,1.0,Bank transfer,47,5.0,24652.48,0,Fiber Internet,5G
CUST-100186,Alexandria,Sidi Gaber,2021-03-03,One year,182.72,10.77,0.0,Mobile wallet,47,5.0,8635.15,0,Mobile,4G
CUST-100187,Cairo,Maadi,2021-03-03,One year,227.36,12.5,0.0,Bank transfer,47,5.0,10557.69,0,Mobile,5G
CUST-100188,Upper Egypt,Assiut,2021-03-03,Month-to-month,223.29,120.87,1.0,Credit card,47,5.0,11065.34,0,DSL Internet,4G
CUST-100189,Cairo,New Cairo,2021-03-04,Month-to-month,194.08,11.7,0.0,Mobile wallet,47,5.0,8893.16,0,Mobile,5G
CUST-100190,Canal,Suez,2021-03-04,Month-to-month,184.94,11.0,0.0,Bank transfer,47,5.0,8325.63,0,Mobile,5G
CUST-100191,Cairo,Heliopolis,2021-03-04,Month-to-month,224.79,9.39,1.0,Mobile wallet,47,4.0,10135.87,0,Mobile,5G
CUST-100192,Cairo,Nasr City,2021-03-04,Month-to-month,738.6,300.28,0.0,Cash,47,5.0,35902.35,0,Bundle,4G
CUST-100193,Upper Egypt,Minya,2021-03-04,Month-to-month,371.53,105.31,2.0,Bank transfer,47,3.0,17333.43,0,Fiber Internet,3G
CUST-100194,Cairo,New Cairo,2021-03-04,Month-to-month,623.89,456.44,3.0,Mobile wallet,47,4.0,27347.76,0,Fiber Internet,5G
CUST-100195,Cairo,Zamalek,2021-03-05,One year,867.34,363.74,1.0,Cash,47,,42419.37,0,Bundle,4G
CUST-100196,Delta,Zagazig,2021-03-05,Month-to-month,178.31,10.08,1.0,Mobile wallet,47,4.0,7874.21,0,Mobile,4G
CUST-100197,Canal,Port Said,2021-03-06,Two year,312.33,71.03,1.0,Mobile wallet,47,4.0,14357.46,0,DSL Internet,3G
CUST-100198,Cairo,New Cairo,2021-03-07,Month-to-month,336.99,140.4,0.0,Mobile wallet,47,5.0,15705.04,0,DSL Internet,4G
CUST-100199,Alexandria,Borg El Arab,2021-03-07,One year,527.67,402.05,2.0,Mobile wallet,47,5.0,23713.46,0,Fiber Internet,5G
CUST-100200,Upper Egypt,Assiut,2021-03-08,Month-to-month,307.58,67.58,0.0,Mobile wallet,47,4.0,13475.06,0,DSL Internet,4G
CUST-100201,Red Sea,Sharm El Sheikh,2021-03-08,One year,627.0,207.3,2.0,Mobile wallet,47,4.0,30427.81,0,Bundle,4G
CUST-100202,Delta,Damanhour,2021-03-08,One year,174.97,5.42,1.0,Mobile wallet,47,4.0,8438.01,0,Mobile,4G
CUST-100203,Cairo,Maadi,2021-03-08,One year,223.27,11.56,3.0,Mobile wallet,47,4.0,10516.28,0,Mobile,4G
CUST-100204,Cairo,Zamalek,2021-03-08,Month-to-month,755.9,641.72,4.0,Bank transfer,47,3.0,35279.52,1,Bundle,5G
CUST-100205,Cairo,Nasr City,2021-03-09,One year,267.21,22.52,0.0,Cash,47,4.0,11704.31,0,Mobile,5G
CUST-100206,Cairo,New Cairo,2021-03-09,Month-to-month,506.94,171.15,0.0,Credit card,47,,24323.62,0,Fiber Internet,4G
CUST-100207,Delta,Zagazig,2021-03-09,Month-to-month,200.94,11.31,1.0,Credit card,47,,9600.43,0,Mobile,4G
CUST-100208,Cairo,Zamalek,2021-03-10,Month-to-month,765.43,167.21,4.0,Bank transfer,47,2.0,35832.77,1,Bundle,3G
CUST-100209,Delta,Damanhour,2021-03-11,One year,322.37,118.43,2.0,Credit card,47,4.0,15089.3,1,DSL Internet,4G
CUST-100210,Upper Egypt,Assiut,2021-03-11,Month-to-month,577.14,151.98,1.0,Mobile wallet,47,3.0,28204.35,0,Bundle,4G
CUST-100211,Delta,Tanta,2021-03-11,One year,335.56,330.94,1.0,Credit card,47,5.0,15698.14,0,Fiber Internet,5G
CUST-100212,Cairo,New Cairo,2021-03-12,Month-to-month,795.42,108.64,0.0,Mobile wallet,47,4.0,37478.89,0,Bundle,3G
CUST-100213,Upper Egypt,Assiut,2021-03-12,Month-to-month,311.52,130.81,1.0,Mobile wallet,47,5.0,13859.67,0,Fiber Internet,4G
CUST-100214,Upper Egypt,Qena,2021-03-12,Month-to-month,386.43,226.42,1.0,Credit card,47,4.0,18660.35,0,Fiber Internet,4G
CUST-100215,Upper Egypt,Sohag,2021-03-13,Month-to-month,370.75,147.47,0.0,Credit card,47,5.0,16959.18,0,Fiber Internet,4G
CUST-100216,Cairo,Heliopolis,2021-03-13,One year,603.03,237.45,1.0,Mobile wallet,47,4.0,27665.92,0,Fiber Internet,4G
CUST-100217,Cairo,Heliopolis,2021-03-14,Two year,544.64,223.8,0.0,Mobile wallet,47,5.0,25179.32,0,Fiber Internet,4G
CUST-100218,Canal,Port Said,2021-03-14,One year,240.28,11.24,0.0,Bank transfer,47,4.0,10808.78,0,Mobile,4G
CUST-100219,Alexandria,Borg El Arab,2021-03-15,Month-to-month,170.95,8.99,1.0,Credit card,47,5.0,8000.42,0,Mobile,4G
CUST-100220,Alexandria,Sidi Gaber,2021-03-15,Month-to-month,325.64,118.59,0.0,Bank transfer,47,5.0,15809.66,0,DSL Internet,4G
CUST-100221,Delta,Mansoura,2021-03-15,Two year,172.68,12.96,0.0,Credit card,47,4.0,7755.02,0,Mobile,5G
CUST-100222,Delta,Tanta,2021-03-15,Month-to-month,259.36,72.49,0.0,Credit card,47,,12181.83,0,DSL Internet,4G
CUST-100223,Red Sea,Sharm El Sheikh,2021-03-16,Month-to-month,277.74,7.66,0.0,Cash,47,5.0,13401.75,0,Mobile,4G
CUST-100224,Cairo,Zamalek,2021-03-16,Two year,361.72,28.7,0.0,Credit card,47,5.0,15314.26,0,Mobile,5G
CUST-100225,Canal,Port Said,2021-03-17,Month-to-month,218.64,115.09,0.0,Credit card,47,5.0,11038.28,0,DSL Internet,4G
CUST-100226,Cairo,Maadi,2021-03-17,Month-to-month,213.25,11.21,2.0,Cash,47,,9628.23,1,Mobile,4G
CUST-100227,Delta,Damanhour,2021-03-17,Month-to-month,521.88,335.15,1.0,Mobile wallet,47,5.0,23611.03,0,Bundle,5G
CUST-100228,Delta,Mansoura,2021-03-17,One year,800.28,214.65,0.0,Bank transfer,47,5.0,37735.85,0,Bundle,4G
CUST-100229,Cairo,Nasr City,2021-03-17,Month-to-month,542.88,150.29,1.0,Mobile wallet,47,5.0,24298.3,1,Fiber Internet,5G
CUST-100230,Cairo,Nasr City,2021-03-18,One year,295.71,6.5,1.0,Cash,46,4.0,13564.22,0,Mobile,3G
CUST-100231,Alexandria,Borg El Arab,2021-03-18,Month-to-month,213.41,8.32,2.0,Credit card,46,4.0,9522.73,0,Mobile,5G
CUST-100232,Red Sea,Hurghada,2021-03-19,Month-to-month,274.29,104.24,0.0,Credit card,46,,13186.07,0,DSL Internet,4G
CUST-100233,Delta,Zagazig,2021-03-19,Month-to-month,136.46,10.96,0.0,Cash,46,5.0,6951.03,0,Mobile,4G
CUST-100234,Canal,Port Said,2021-03-19,Two year,647.12,293.41,2.0,Cash,46,4.0,30628.37,0,Bundle,5G
CUST-100235,Upper Egypt,Qena,2021-03-20,Month-to-month,649.37,206.37,0.0,Cash,46,5.0,30109.47,0,Bundle,4G
CUST-100236,Alexandria,Borg El Arab,2021-03-20,One year,234.63,8.01,1.0,Bank transfer,46,5.0,10554.64,0,Mobile,4G
CUST-100237,Upper Egypt,Assiut,2021-03-20,Month-to-month,263.47,53.44,3.0,Cash,46,2.0,12359.44,1,DSL Internet,3G
CUST-100238,Cairo,Heliopolis,2021-03-21,Month-to-month,446.76,102.35,0.0,Bank transfer,46,4.0,19919.46,0,Fiber Internet,3G
CUST-100239,Cairo,Heliopolis,2021-03-21,Month-to-month,524.59,154.91,4.0,Mobile wallet,46,3.0,24438.66,0,Fiber Internet,4G
CUST-100240,Upper Egypt,Minya,2021-03-22,One year,195.25,12.53,0.0,Cash,46,5.0,8794.65,0,Mobile,4G
CUST-100241,Upper Egypt,Minya,2021-03-22,Month-to-month,198.84,177.13,1.0,Credit card,46,5.0,8686.95,0,DSL Internet,4G
CUST-100242,Cairo,Heliopolis,2021-03-22,Two year,274.46,25.05,4.0,Credit card,46,3.0,12517.57,0,Mobile,5G
CUST-100243,Delta,Tanta,2021-03-22,Two year,584.62,318.02,2.0,Mobile wallet,46,5.0,25832.63,0,Bundle,5G
CUST-100244,Delta,Mansoura,2021-03-22,Two year,548.28,303.18,3.0,Cash,46,4.0,26128.87,1,Fiber Internet,5G
CUST-100245,Canal,Ismailia,2021-03-22,One year,520.03,179.19,1.0,Credit card,46,5.0,23199.8,0,Fiber Internet,4G
CUST-100246,Delta,Tanta,2021-03-23,One year,673.84,213.35,0.0,Cash,46,,30835.22,0,Bundle,4G
CUST-100247,Alexandria,Montazah,2021-03-23,One year,365.06,160.6,1.0,Bank transfer,46,5.0,16356.48,0,DSL Internet,4G
CUST-100248,Alexandria,Borg El Arab,2021-03-23,Month-to-month,465.09,261.09,0.0,Bank transfer,46,5.0,20336.99,0,Fiber Internet,4G
CUST-100249,Alexandria,Montazah,2021-03-23,Two year,273.74,8.5,0.0,Bank transfer,46,4.0,12936.77,0,Mobile,4G
CUST-100250,Delta,Zagazig,2021-03-23,Two year,457.12,309.11,3.0,Cash,46,4.0,20947.95,0,Fiber Internet,5G
CUST-100251,Canal,Suez,2021-03-24,Month-to-month,207.31,20.11,1.0,Credit card,46,,10430.09,0,Mobile,5G
CUST-100252,Alexandria,Montazah,2021-03-24,Two year,560.36,198.15,3.0,Mobile wallet,46,3.0,26856.55,0,Bundle,4G
CUST-100253,Cairo,Heliopolis,2021-03-24,Two year,249.9,10.63,1.0,Credit card,46,4.0,11527.61,0,Mobile,4G
CUST-100254,Cairo,Nasr City,2021-03-24,Month-to-month,305.42,16.06,0.0,,46,5.0,14255.56,0,Mobile,4G
CUST-100255,Upper Egypt,Assiut,2021-03-25,Two year,294.87,128.93,0.0,Cash,46,5.0,13515.16,0,DSL Internet,4G
CUST-100256,Upper Egypt,Qena,2021-03-25,Month-to-month,173.16,9.96,0.0,Credit card,46,5.0,7638.05,0,Mobile,4G
CUST-100257,Cairo,New Cairo,2021-03-25,Month-to-month,652.11,383.01,0.0,Bank transfer,46,5.0,28272.87,0,Bundle,5G
CUST-100258,Cairo,Heliopolis,2021-03-25,Month-to-month,201.36,10.94,1.0,Bank transfer,46,4.0,8871.49,0,Mobile,4G
CUST-100259,Delta,Damanhour,2021-03-25,One year,192.08,8.67,0.0,Bank transfer,46,5.0,9308.35,0,Mobile,4G
CUST-100260,Cairo,Nasr City,2021-03-26,Month-to-month,542.97,223.4,1.0,Cash,46,5.0,25233.48,0,Fiber Internet,5G
CUST-100261,Upper Egypt,Sohag,2021-03-28,Two year,551.1,197.89,4.0,Mobile wallet,46,3.0,25895.31,0,Fiber Internet,5G
CUST-100262,Alexandria,Borg El Arab,2021-03-28,Month-to-month,723.69,456.39,1.0,Bank transfer,46,4.0,34337.9,0,Bundle,5G
CUST-100263,Cairo,Nasr City,2021-03-29,Month-to-month,555.5,226.14,0.0,Mobile wallet,46,5.0,25348.48,0,Fiber Internet,4G
CUST-100264,Canal,Ismailia,2021-03-29,One year,213.7,11.63,0.0,Bank transfer,46,5.0,9592.08,0,Mobile,4G
CUST-100265,Cairo,Maadi,2021-03-29,Month-to-month,257.89,9.03,2.0,Credit card,46,5.0,12821.33,0,Mobile,4G
CUST-100266,Cairo,Maadi,2021-03-29,One year,214.98,15.24,0.0,Credit card,46,5.0,10099.06,0,Mobile,5G
CUST-100267,Cairo,Heliopolis,2021-03-29,Month-to-month,410.93,263.18,5.0,Bank transfer,46,3.0,17260.77,1,Fiber Internet,5G
CUST-100268,Cairo,Maadi,2021-03-30,Two year,303.5,19.04,0.0,Mobile wallet,46,5.0,12980.84,0,Mobile,4G
CUST-100269,Cairo,New Cairo,2021-03-30,One year,611.07,302.16,1.0,Credit card,46,5.0,28952.52,0,Fiber Internet,4G
CUST-100270,Cairo,New Cairo,2021-03-30,Month-to-month,605.75,186.16,2.0,Mobile wallet,46,4.0,26295.49,1,Bundle,4G
CUST-100271,Cairo,Heliopolis,2021-03-30,Month-to-month,398.58,111.03,2.0,Bank transfer,46,3.0,18239.18,0,Fiber Internet,3G
CUST-100272,Cairo,Heliopolis,2021-03-31,Month-to-month,611.4,187.12,4.0,Mobile wallet,46,4.0,25663.15,0,Fiber Internet,4G
CUST-100273,Delta,Mansoura,2021-03-31,Two year,197.79,2.41,2.0,Credit card,46,3.0,8735.66,1,Mobile,3G
CUST-100274,Upper Egypt,Assiut,2021-03-31,One year,269.42,163.46,0.0,Bank transfer,46,,12845.54,0,DSL Internet,4G
CUST-100275,Alexandria,Smouha,2021-03-31,Month-to-month,198.36,8.61,0.0,Credit card,46,5.0,8929.19,0,Mobile,4G
CUST-100276,Alexandria,Borg El Arab,2021-04-01,Month-to-month,477.15,268.84,0.0,Bank transfer,46,5.0,20466.7,1,Fiber Internet,4G
CUST-100277,Delta,Mansoura,2021-04-01,Two year,195.84,7.83,1.0,Credit card,46,5.0,8920.6,0,Mobile,4G
CUST-100278,Canal,Ismailia,2021-04-01,Month-to-month,189.8,7.33,0.0,Bank transfer,46,5.0,8742.95,0,Mobile,4G
CUST-100279,Canal,Port Said,2021-04-01,One year,227.79,9.01,0.0,Mobile wallet,46,5.0,10330.65,0,Mobile,4G
CUST-100280,Cairo,Zamalek,2021-04-02,One year,250.16,12.22,0.0,Credit card,46,5.0,10546.48,1,Mobile,4G
CUST-100281,Cairo,Zamalek,2021-04-03,Month-to-month,698.73,148.94,2.0,Mobile wallet,46,3.0,32647.32,0,Bundle,3G
CUST-100282,Cairo,Nasr City,2021-04-03,One year,279.95,20.64,1.0,Mobile wallet,46,,12582.11,0,Mobile,5G
CUST-100283,Cairo,Heliopolis,2021-04-03,Month-to-month,794.34,133.16,0.0,Mobile wallet,46,5.0,36794.43,0,Bundle,3G
CUST-100284,Delta,Zagazig,2021-04-04,Month-to-month,357.84,162.87,2.0,Mobile wallet,46,,15817.76,0,Fiber Internet,4G
CUST-100285,Alexandria,Sidi Gaber,2021-04-04,Two year,241.25,8.58,1.0,Bank transfer,46,4.0,11650.55,0,Mobile,4G
CUST-100286,Cairo,Zamalek,2021-04-04,One year,241.79,17.19,0.0,Mobile wallet,46,4.0,11439.34,0,Mobile,4G
CUST-100287,Alexandria,Borg El Arab,2021-04-05,Two year,242.59,7.48,1.0,Mobile wallet,46,5.0,10998.6,0,Mobile,4G
CUST-100288,Delta,Tanta,2021-04-05,One year,734.22,301.33,0.0,Mobile wallet,46,,34185.12,0,Bundle,5G
CUST-100289,Cairo,Maadi,2021-04-05,Month-to-month,245.7,9.86,0.0,Bank transfer,46,4.0,12041.7,0,Mobile,4G
CUST-100290,Upper Egypt,Sohag,2021-04-05,One year,706.78,530.2,2.0,Mobile wallet,46,3.0,34040.03,0,Bundle,4G
CUST-100291,Cairo,New Cairo,2021-04-05,One year,266.87,21.64,1.0,Credit card,46,5.0,13017.12,0,Mobile,5G
CUST-100292,Canal,Suez,2021-04-05,Month-to-month,187.56,3.94,2.0,,46,4.0,8644.49,1,Mobile,3G
CUST-100293,Cairo,New Cairo,2021-04-06,Month-to-month,234.15,13.85,0.0,Credit card,46,5.0,10537.4,0,Mobile,4G
CUST-100294,Upper Egypt,Qena,2021-04-06,One year,260.84,111.15,0.0,Credit card,46,5.0,12281.04,0,DSL Internet,4G
CUST-100295,Canal,Ismailia,2021-04-06,One year,515.16,123.99,2.0,Mobile wallet,46,4.0,25308.05,0,Fiber Internet,3G
CUST-100296,Red Sea,Sharm El Sheikh,2021-04-06,Month-to-month,609.64,417.13,1.0,Cash,46,5.0,28722.82,0,Bundle,5G
CUST-100297,Upper Egypt,Qena,2021-04-06,Two year,183.38,13.45,2.0,Credit card,46,4.0,8156.41,0,Mobile,5G
CUST-100298,Upper Egypt,Qena,2021-04-07,Month-to-month,145.31,8.15,0.0,,46,4.0,6701.97,0,Mobile,4G
CUST-100299,Delta,Tanta,2021-04-07,Month-to-month,294.76,65.09,3.0,Mobile wallet,46,2.0,13971.37,0,DSL Internet,4G
CUST-100300,Upper Egypt,Assiut,2021-04-07,Month-to-month,280.59,209.25,1.0,Cash,46,5.0,12995.93,0,Fiber Internet,4G
CUST-100301,Cairo,Zamalek,2021-04-07,Two year,878.58,382.3,1.0,Mobile wallet,46,5.0,41648.65,0,Bundle,5G
CUST-100302,Delta,Mansoura,2021-04-07,Month-to-month,337.06,106.46,3.0,Credit card,46,3.0,15120.6,0,Fiber Internet,4G
CUST-100303,Delta,Mansoura,2021-04-07,One year,303.47,131.94,1.0,Credit card,46,4.0,13839.59,0,DSL Internet,5G
CUST-100304,Canal,Port Said,2021-04-08,Month-to-month,181.77,7.88,2.0,Mobile wallet,46,4.0,8475.54,0,Mobile,4G
CUST-100305,Alexandria,Sidi Gaber,2021-04-08,One year,539.49,168.53,1.0,Credit card,46,4.0,25202.27,0,Bundle,4G
CUST-100306,Alexandria,Montazah,2021-04-08,Two year,271.82,21.99,0.0,,46,5.0,12187.18,0,Mobile,5G
CUST-100307,Delta,Mansoura,2021-04-09,Month-to-month,376.75,323.76,0.0,Cash,46,5.0,15632.33,0,Bundle,5G
CUST-100308,Cairo,Nasr City,2021-04-10,Two year,275.63,6.74,3.0,Cash,46,4.0,11217.81,0,Mobile,4G
CUST-100309,Cairo,Nasr City,2021-04-10,Month-to-month,369.55,104.12,0.0,Bank transfer,46,4.0,16967.49,0,DSL Internet,4G
CUST-100310,Alexandria,Sidi Gaber,2021-04-10,Month-to-month,753.41,343.76,0.0,Mobile wallet,46,5.0,34151.69,1,Bundle,5G
CUST-100311,Alexandria,Smouha,2021-04-11,One year,558.46,208.52,1.0,Mobile wallet,46,5.0,25476.41,0,Bundle,4G
CUST-100312,Cairo,Heliopolis,2021-04-11,One year,564.79,369.52,3.0,Credit card,46,,26016.86,0,Fiber Internet,4G
CUST-100313,Alexandria,Sidi Gaber,2021-04-11,Month-to-month,546.8,169.62,1.0,Bank transfer,46,4.0,26763.64,0,Fiber Internet,4G
CUST-100314,Alexandria,Montazah,2021-04-11,One year,812.01,661.17,0.0,Credit card,46,5.0,36610.68,0,Bundle,5G
CUST-100315,Alexandria,Montazah,2021-04-12,Month-to-month,559.08,210.47,1.0,Bank transfer,46,4.0,25525.97,1,Fiber Internet,4G
CUST-100316,Alexandria,Sidi Gaber,2021-04-12,One year,706.13,414.95,0.0,Cash,46,4.0,34669.82,0,Fiber Internet,4G
CUST-100317,Upper Egypt,Sohag,2021-04-12,One year,165.57,7.73,1.0,Cash,46,5.0,7300.51,0,Mobile,4G
CUST-100318,Cairo,Nasr City,2021-04-12,Two year,677.03,320.64,1.0,Bank transfer,46,4.0,33348.76,0,Fiber Internet,5G
CUST-100319,Canal,Suez,2021-04-12,Month-to-month,183.09,9.05,1.0,Mobile wallet,46,4.0,8749.3,0,Mobile,4G
CUST-100320,Canal,Port Said,2021-04-13,One year,367.47,241.56,1.0,Credit card,46,4.0,16693.85,0,Fiber Internet,4G
CUST-100321,Delta,Damanhour,2021-04-13,One year,196.59,10.04,2.0,Bank transfer,46,5.0,8126.18,0,Mobile,4G
CUST-100322,Alexandria,Sidi Gaber,2021-04-14,Month-to-month,152.15,8.52,0.0,Credit card,46,4.0,7388.21,0,Mobile,4G
CUST-100323,Delta,Damanhour,2021-04-14,Month-to-month,522.01,367.61,2.0,Mobile wallet,46,4.0,25712.79,0,Bundle,5G
CUST-100324,Upper Egypt,Minya,2021-04-14,Two year,357.05,123.39,0.0,Mobile wallet,46,5.0,15967.93,0,Fiber Internet,4G
CUST-100325,Delta,Mansoura,2021-04-14,Month-to-month,591.86,366.84,2.0,Cash,46,4.0,28586.6,1,Bundle,5G
CUST-100326,Upper Egypt,Qena,2021-04-14,Two year,169.98,7.16,1.0,Cash,46,4.0,7290.33,0,Mobile,4G
CUST-100327,Delta,Tanta,2021-04-15,Month-to-month,322.48,127.94,1.0,Credit card,46,3.0,15007.15,0,Fiber Internet,3G
CUST-100328,Delta,Zagazig,2021-04-15,Two year,550.8,246.74,2.0,Mobile wallet,46,4.0,25156.82,0,Fiber Internet,4G
CUST-100329,Cairo,Zamalek,2021-04-15,Month-to-month,216.32,6.93,5.0,Credit card,46,3.0,9418.49,0,Mobile,3G
CUST-100330,Upper Egypt,Sohag,2021-04-16,Two year,257.82,74.27,2.0,Bank transfer,46,,11741.17,0,DSL Internet,5G
CUST-100331,Cairo,Zamalek,2021-04-16,One year,226.48,18.95,1.0,Mobile wallet,46,4.0,10405.22,0,Mobile,5G
CUST-100332,Upper Egypt,Minya,2021-04-17,Month-to-month,430.21,95.46,4.0,Credit card,45,2.0,18028.44,1,Fiber Internet,3G
CUST-100333,Canal,Ismailia,2021-04-17,One year,219.34,6.72,1.0,Credit card,45,4.0,10136.87,0,Mobile,4G
CUST-100334,Cairo,Maadi,2021-04-17,One year,557.15,327.28,3.0,Bank transfer,45,3.0,24388.15,0,Fiber Internet,5G
CUST-100335,Delta,Zagazig,2021-04-17,Month-to-month,420.6,114.18,0.0,Credit card,45,5.0,18655.04,0,Bundle,4G
CUST-100336,Cairo,Maadi,2021-04-17,Month-to-month,311.37,23.01,0.0,Cash,45,5.0,14822.59,0,Mobile,5G
CUST-100337,Upper Egypt,Assiut,2021-04-17,One year,520.14,321.45,2.0,Bank transfer,45,4.0,22793.56,0,Fiber Internet,4G
CUST-100338,Cairo,New Cairo,2021-04-18,One year,718.98,84.29,1.0,Mobile wallet,45,4.0,28773.17,1,Fiber Internet,3G
CUST-100339,Canal,Suez,2021-04-18,Month-to-month,251.6,92.01,1.0,Cash,45,5.0,11208.08,0,DSL Internet,4G
CUST-100340,Cairo,Zamalek,2021-04-18,Two year,258.73,11.04,1.0,Mobile wallet,45,4.0,11693.6,0,Mobile,4G
CUST-100341,Red Sea,,2021-04-18,Month-to-month,236.69,8.7,2.0,Bank transfer,45,5.0,10548.19,0,Mobile,5G
CUST-100342,Upper Egypt,Qena,2021-04-19,Month-to-month,204.78,105.82,0.0,Cash,45,5.0,9532.22,0,DSL Internet,4G
CUST-100343,Delta,Zagazig,2021-04-19,One year,404.44,306.68,1.0,Credit card,45,5.0,18491.15,0,Fiber Internet,5G
CUST-100344,Upper Egypt,Minya,2021-04-19,Month-to-month,275.64,181.74,0.0,Credit card,45,5.0,12106.36,0,DSL Internet,4G
CUST-100345,Upper Egypt,Qena,2021-04-19,Month-to-month,159.26,9.59,0.0,Mobile wallet,45,5.0,7366.36,0,Mobile,4G
CUST-100346,Canal,Port Said,2021-04-20,One year,563.25,246.05,0.0,Bank transfer,45,5.0,25816.25,0,Bundle,5G
CUST-100347,Cairo,Nasr City,2021-04-20,Month-to-month,263.82,13.72,0.0,Cash,45,5.0,12077.69,0,Mobile,4G
CUST-100348,Delta,Zagazig,2021-04-20,Month-to-month,166.55,18.17,0.0,Credit card,45,4.0,7446.87,0,Mobile,5G
CUST-100349,Cairo,Nasr City,2021-04-20,One year,449.62,164.22,1.0,Mobile wallet,45,5.0,20463.88,0,Fiber Internet,4G
CUST-100350,Delta,Damanhour,2021-04-20,One year,395.67,222.94,1.0,Mobile wallet,45,4.0,17882.84,0,Fiber Internet,4G
CUST-100351,Cairo,Nasr City,2021-04-20,Two year,602.41,114.32,2.0,Cash,45,5.0,26782.84,0,Fiber Internet,4G
CUST-100352,Delta,Mansoura,2021-04-21,One year,204.61,15.32,0.0,Credit card,45,5.0,9383.93,0,Mobile,4G
CUST-100353,Delta,Mansoura,2021-04-21,One year,203.36,12.46,1.0,Credit card,45,,9354.97,0,Mobile,4G
CUST-100354,Alexandria,Montazah,2021-04-22,Month-to-month,344.05,53.87,0.0,Cash,45,4.0,15827.27,0,DSL Internet,4G
CUST-100355,Delta,Mansoura,2021-04-22,Two year,205.64,11.08,0.0,Mobile wallet,45,5.0,9482.19,0,Mobile,4G
CUST-100356,Upper Egypt,Assiut,2021-04-22,Month-to-month,217.68,25.42,3.0,Credit card,45,2.0,8914.11,0,DSL Internet,3G
CUST-100357,Upper Egypt,Minya,2021-04-23,Month-to-month,434.88,222.64,1.0,Credit card,45,5.0,20277.49,0,Fiber Internet,5G
CUST-100358,Delta,Damanhour,2021-04-25,Two year,239.18,19.52,1.0,Cash,45,5.0,10348.04,0,Mobile,5G
CUST-100359,Delta,Zagazig,2021-04-25,One year,279.35,95.9,0.0,Mobile wallet,45,5.0,13133.97,0,DSL Internet,4G
CUST-100360,Canal,Ismailia,2021-04-25,One year,684.25,535.1,2.0,Mobile wallet,45,4.0,29115.61,0,Bundle,5G
CUST-100361,Cairo,Zamalek,2021-04-25,Month-to-month,318.13,161.71,2.0,Cash,45,3.0,15221.72,0,DSL Internet,5G
CUST-100362,Cairo,Heliopolis,2021-04-26,Month-to-month,199.28,13.86,1.0,Credit card,45,4.0,8184.3,0,Mobile,5G
CUST-100363,Cairo,Maadi,2021-04-26,One year,778.33,211.98,4.0,Credit card,45,3.0,35477.72,0,Fiber Internet,3G
CUST-100364,Delta,Zagazig,2021-04-26,One year,575.26,202.59,1.0,Mobile wallet,45,4.0,25508.06,0,Bundle,4G
CUST-100365,Alexandria,Smouha,2021-04-26,Month-to-month,497.66,201.17,1.0,Cash,45,3.0,22809.82,0,Fiber Internet,4G
CUST-100366,Upper Egypt,Assiut,2021-04-26,Month-to-month,128.81,10.66,0.0,Bank transfer,45,5.0,6058.81,1,Mobile,5G
CUST-100367,Delta,Zagazig,2021-04-26,Month-to-month,197.2,9.4,1.0,Mobile wallet,45,4.0,8957.99,0,Mobile,4G
CUST-100368,Alexandria,Sidi Gaber,2021-04-27,One year,276.52,140.48,1.0,Credit card,45,5.0,12911.06,0,DSL Internet,4G
CUST-100369,Canal,Suez,2021-04-27,One year,372.83,145.14,1.0,Credit card,45,,17807.21,0,DSL Internet,5G
CUST-100370,Upper Egypt,Assiut,2021-04-27,Month-to-month,615.67,265.72,0.0,Cash,45,5.0,27019.13,0,Bundle,5G
CUST-100371,Cairo,New Cairo,2021-04-27,Month-to-month,784.03,202.49,2.0,,45,4.0,35792.24,0,Bundle,4G
CUST-100372,Alexandria,Sidi Gaber,2021-04-27,Month-to-month,208.47,7.61,1.0,Credit card,45,3.0,9674.63,1,Mobile,5G
CUST-100373,Alexandria,Smouha,2021-04-28,Month-to-month,467.6,,1.0,Mobile wallet,45,5.0,21338.9,0,Fiber Internet,5G
CUST-100374,Cairo,Zamalek,2021-04-28,One year,257.86,8.83,2.0,Bank transfer,45,5.0,11331.48,0,Mobile,4G
CUST-100375,Cairo,Heliopolis,2021-04-28,Month-to-month,247.24,15.17,0.0,Bank transfer,45,5.0,11355.02,0,Mobile,5G
CUST-100376,Canal,Ismailia,2021-04-29,One year,214.36,8.93,1.0,Cash,45,4.0,9690.52,0,Mobile,3G
CUST-100377,Alexandria,Borg El Arab,2021-04-29,One year,796.45,269.78,0.0,Credit card,45,4.0,36570.37,0,Bundle,4G
CUST-100378,Alexandria,Sidi Gaber,2021-04-29,Two year,213.25,17.15,1.0,Mobile wallet,45,5.0,9393.41,0,Mobile,5G
CUST-100379,Upper Egypt,Minya,2021-04-30,Two year,528.93,138.13,2.0,Bank transfer,45,4.0,24032.45,0,Fiber Internet,4G
CUST-100380,Delta,Zagazig,2021-04-30,Month-to-month,396.87,263.17,2.0,Credit card,45,4.0,17759.49,0,Fiber Internet,4G
CUST-100381,Canal,Ismailia,2021-04-30,Month-to-month,173.12,12.24,1.0,Mobile wallet,45,4.0,7636.22,0,Mobile,5G
CUST-100382,Upper Egypt,Assiut,2021-05-01,Month-to-month,391.94,126.35,0.0,Bank transfer,45,5.0,18561.33,0,Fiber Internet,4G
CUST-100383,Alexandria,Montazah,2021-05-01,One year,239.62,8.1,1.0,Cash,45,4.0,10561.34,0,Mobile,4G
CUST-100384,Alexandria,Montazah,2021-05-01,Month-to-month,159.03,7.54,2.0,Cash,45,4.0,6940.15,0,Mobile,3G
CUST-100385,Red Sea,Hurghada,2021-05-01,Month-to-month,492.09,168.68,0.0,Cash,45,5.0,21093.11,0,Fiber Internet,4G
CUST-100386,Upper Egypt,Assiut,2021-05-01,Month-to-month,166.28,51.52,0.0,Bank transfer,45,5.0,7463.24,0,DSL Internet,4G
CUST-100387,Red Sea,Marsa Alam,2021-05-02,Month-to-month,296.41,50.29,0.0,Credit card,45,4.0,13257.21,0,DSL Internet,3G
CUST-100388,Cairo,Nasr City,2021-05-03,One year,740.82,393.34,0.0,Cash,45,5.0,34299.85,0,Bundle,5G
CUST-100389,Canal,Port Said,2021-05-03,One year,220.09,10.84,0.0,Bank transfer,45,5.0,9416.23,0,Mobile,4G
CUST-100390,Delta,Mansoura,2021-05-03,One year,178.55,10.23,1.0,Mobile wallet,45,5.0,7493.39,0,Mobile,4G
CUST-100391,Cairo,New Cairo,2021-05-04,Two year,256.93,6.81,0.0,Cash,45,,10704.05,0,Mobile,3G
CUST-100392,Delta,Zagazig,2021-05-04,Month-to-month,654.83,298.05,2.0,Bank transfer,45,4.0,30004.91,0,Bundle,4G
CUST-100393,Upper Egypt,Sohag,2021-05-04,Month-to-month,203.46,9.04,3.0,Credit card,45,3.0,9534.6,0,Mobile,4G
CUST-100394,Cairo,Maadi,2021-05-06,Month-to-month,206.65,,2.0,Mobile wallet,45,4.0,9653.77,0,Mobile,4G
CUST-100395,Alexandria,Sidi Gaber,2021-05-06,One year,799.89,243.88,1.0,Mobile wallet,45,4.0,35272.96,0,Bundle,4G
CUST-100396,Upper Egypt,Minya,2021-05-07,One year,579.4,338.05,2.0,Bank transfer,45,4.0,26208.68,0,Bundle,4G
CUST-100397,Cairo,Zamalek,2021-05-07,Month-to-month,181.69,4.16,3.0,Mobile wallet,45,3.0,7441.24,0,Mobile,3G
CUST-100398,Alexandria,Smouha,2021-05-07,Two year,313.81,38.84,1.0,Cash,45,,15035.33,0,DSL Internet,3G
CUST-100399,Alexandria,,2021-05-07,Month-to-month,290.63,84.36,2.0,Bank transfer,45,4.0,13683.52,0,Fiber Internet,4G
CUST-100400,Alexandria,Borg El Arab,2021-05-08,Month-to-month,499.44,222.61,0.0,Credit card,45,5.0,23287.45,0,Fiber Internet,4G
CUST-100401,Canal,Suez,2021-05-08,One year,425.2,257.28,2.0,Mobile wallet,45,4.0,18446.96,0,Fiber Internet,4G
CUST-100402,Upper Egypt,Minya,2021-05-08,Two year,598.61,163.2,1.0,Cash,45,4.0,26545.72,0,Bundle,4G
CUST-100403,Cairo,Nasr City,2021-05-09,One year,346.18,15.85,0.0,Cash,45,4.0,15459.61,0,Mobile,5G
CUST-100404,Red Sea,Marsa Alam,2021-05-09,Two year,462.45,159.62,0.0,Credit card,45,5.0,22225.59,0,DSL Internet,4G
CUST-100405,Canal,Suez,2021-05-09,Month-to-month,172.6,8.73,1.0,Cash,45,3.0,8077.68,0,Mobile,4G
CUST-100406,Cairo,Maadi,2021-05-09,One year,526.01,176.76,2.0,Mobile wallet,45,4.0,23493.42,0,Fiber Internet,4G
CUST-100407,Upper Egypt,Sohag,2021-05-09,Two year,515.45,141.53,2.0,Mobile wallet,45,3.0,23737.64,0,Fiber Internet,4G
CUST-100408,Cairo,Maadi,2021-05-10,One year,325.82,122.07,1.0,Bank transfer,45,3.0,14127.21,0,DSL Internet,4G
CUST-100409,Red Sea,Hurghada,2021-05-10,Month-to-month,790.08,340.51,2.0,Credit card,45,4.0,32837.86,1,Bundle,4G
CUST-100410,Delta,Zagazig,2021-05-10,Two year,415.49,152.86,1.0,Mobile wallet,45,4.0,18645.6,0,DSL Internet,4G
CUST-100411,Delta,Mansoura,2021-05-10,Month-to-month,282.79,,0.0,Bank transfer,45,5.0,12146.61,0,DSL Internet,4G
CUST-100412,Cairo,New Cairo,2021-05-11,Month-to-month,270.88,8.73,0.0,Bank transfer,45,5.0,11364.69,0,Mobile,4G
CUST-100413,Canal,Suez,2021-05-11,Two year,800.8,450.31,2.0,Cash,45,,36083.95,0,Bundle,5G
CUST-100414,Cairo,Maadi,2021-05-11,Two year,599.0,359.59,1.0,Credit card,45,4.0,26669.54,0,Fiber Internet,5G
CUST-100415,Cairo,New Cairo,2021-05-12,Two year,287.2,4.63,2.0,Cash,45,,12402.56,0,Mobile,3G
CUST-100416,Cairo,Nasr City,2021-05-12,Two year,565.47,293.54,1.0,Mobile wallet,45,4.0,25038.73,0,Fiber Internet,5G
CUST-100417,Upper Egypt,Assiut,2021-05-12,Month-to-month,187.31,10.33,0.0,Cash,45,5.0,8556.64,0,Mobile,4G
CUST-100418,Cairo,Zamalek,2021-05-12,Two year,554.67,117.49,1.0,Bank transfer,45,4.0,24734.76,0,Fiber Internet,3G
CUST-100419,Canal,Suez,2021-05-13,Month-to-month,209.18,5.55,0.0,Mobile wallet,45,5.0,9465.83,0,Mobile,4G
CUST-100420,Delta,Damanhour,2021-05-13,One year,228.18,12.71,1.0,Mobile wallet,45,5.0,10198.3,0,Mobile,5G
CUST-100421,Cairo,Heliopolis,2021-05-13,Month-to-month,683.65,204.63,2.0,Cash,45,3.0,32162.23,1,Bundle,4G
CUST-100422,Cairo,New Cairo,2021-05-14,Two year,780.32,475.9,1.0,Credit card,45,4.0,36981.37,0,Bundle,5G
CUST-100423,Cairo,Maadi,2021-05-14,One year,592.05,499.1,2.0,Credit card,45,3.0,26766.13,0,Fiber Internet,4G
CUST-100424,Delta,Mansoura,2021-05-14,Two year,583.53,235.72,2.0,Cash,45,4.0,25398.2,0,Bundle,4G
CUST-100425,Upper Egypt,Qena,2021-05-15,Month-to-month,163.67,5.88,2.0,Credit card,45,4.0,7200.05,0,Mobile,4G
CUST-100426,Cairo,Zamalek,2021-05-15,Month-to-month,206.77,5.2,2.0,Mobile wallet,45,4.0,8824.02,0,Mobile,3G
CUST-100427,Upper Egypt,Qena,2021-05-16,Month-to-month,444.27,272.14,0.0,Credit card,45,5.0,18924.31,1,Bundle,5G
CUST-100428,Cairo,Maadi,2021-05-16,Month-to-month,586.69,285.4,5.0,Credit card,45,4.0,27106.45,0,Fiber Internet,4G
CUST-100429,Upper Egypt,Sohag,2021-05-16,One year,276.66,144.03,3.0,Mobile wallet,45,2.0,11883.98,1,DSL Internet,4G
CUST-100430,Canal,Ismailia,2021-05-16,Month-to-month,184.4,7.64,1.0,Mobile wallet,45,4.0,8239.93,0,Mobile,3G
CUST-100431,Upper Egypt,,2021-05-16,One year,139.35,12.82,0.0,Mobile wallet,45,5.0,6567.09,0,Mobile,5G
CUST-100432,Upper Egypt,Assiut,2021-05-17,Month-to-month,184.83,13.29,0.0,Bank transfer,45,5.0,8501.34,0,Mobile,5G
CUST-100433,Upper Egypt,Sohag,2021-05-17,Month-to-month,469.97,303.68,1.0,Mobile wallet,45,5.0,21206.87,0,Bundle,4G
CUST-100434,Cairo,Zamalek,2021-05-17,One year,329.02,12.37,0.0,Cash,45,5.0,14738.26,0,Mobile,4G
CUST-100435,Cairo,Nasr City,2021-05-17,Month-to-month,538.32,217.68,1.0,Bank transfer,45,4.0,24032.49,0,Fiber Internet,4G
CUST-100436,Cairo,Maadi,2021-05-17,Month-to-month,238.89,10.2,1.0,Bank transfer,45,3.0,11150.44,0,Mobile,4G
CUST-100437,Delta,Tanta,2021-05-17,Month-to-month,396.37,50.16,2.0,Bank transfer,45,5.0,18049.19,0,Fiber Internet,3G
CUST-100438,Upper Egypt,Assiut,2021-05-17,Month-to-month,165.49,18.02,1.0,Mobile wallet,45,5.0,7370.63,0,Mobile,5G
CUST-100439,Delta,Mansoura,2021-05-17,One year,417.19,89.09,2.0,Bank transfer,45,4.0,17817.0,0,DSL Internet,3G
CUST-100440,Canal,Ismailia,2021-05-18,Month-to-month,427.03,49.19,0.0,Mobile wallet,44,5.0,18716.83,1,Fiber Internet,3G
CUST-100441,Cairo,Nasr City,2021-05-18,Month-to-month,273.7,8.96,2.0,Bank transfer,44,3.0,12207.79,0,Mobile,3G
CUST-100442,Upper Egypt,Sohag,2021-05-18,One year,179.39,8.2,1.0,Mobile wallet,44,5.0,7393.6,0,Mobile,4G
CUST-100443,Cairo,Heliopolis,2021-05-18,One year,299.05,17.27,0.0,Cash,44,5.0,13076.86,0,Mobile,4G
CUST-100444,Cairo,New Cairo,2021-05-19,One year,280.65,148.66,0.0,Mobile wallet,44,5.0,12514.06,0,DSL Internet,5G
CUST-100445,Upper Egypt,Assiut,2021-05-20,Month-to-month,625.24,158.15,2.0,Bank transfer,44,4.0,27222.96,0,Bundle,4G
CUST-100446,Red Sea,Sharm El Sheikh,2021-05-20,Two year,276.98,12.27,2.0,Bank transfer,44,3.0,13071.48,0,Mobile,4G
CUST-100447,Delta,Mansoura,2021-05-20,Month-to-month,405.32,134.09,0.0,Mobile wallet,44,5.0,18923.42,0,Fiber Internet,4G
CUST-100448,Cairo,Heliopolis,2021-05-20,Month-to-month,262.32,8.12,3.0,Bank transfer,44,4.0,10710.34,1,Mobile,4G
CUST-100449,Delta,Tanta,2021-05-21,Two year,672.47,470.32,2.0,Cash,44,4.0,29294.89,0,Bundle,5G
CUST-100450,Cairo,Zamalek,2021-05-21,One year,686.75,0.0,2.0,Bank transfer,44,3.0,31388.01,0,Bundle,5G
CUST-100451,Canal,Ismailia,2021-05-21,One year,209.65,185.68,0.0,Credit card,44,5.0,9193.82,0,DSL Internet,5G
CUST-100452,Upper Egypt,Qena,2021-05-22,Two year,234.01,13.93,0.0,Credit card,44,5.0,10599.93,0,Mobile,5G
CUST-100453,Cairo,Nasr City,2021-05-22,Month-to-month,531.88,230.66,1.0,Mobile wallet,44,5.0,22796.18,0,Fiber Internet,5G
CUST-100454,Cairo,Nasr City,2021-05-22,Two year,792.41,339.77,2.0,Cash,44,4.0,32676.6,0,Bundle,4G
CUST-100455,Cairo,Nasr City,2021-05-22,One year,241.41,8.61,0.0,Bank transfer,44,,10916.58,0,Mobile,4G
CUST-100456,Red Sea,Sharm El Sheikh,2021-05-22,Month-to-month,624.86,314.05,0.0,Bank transfer,44,5.0,27128.45,0,Fiber Internet,5G
CUST-100457,Alexandria,Smouha,2021-05-22,Month-to-month,598.32,269.75,2.0,Bank transfer,44,3.0,29041.07,0,Bundle,4G
CUST-100458,Upper Egypt,Assiut,2021-05-23,Month-to-month,251.12,89.28,1.0,Cash,44,4.0,11464.81,0,DSL Internet,4G
CUST-100459,Delta,Mansoura,2021-05-23,Two year,473.55,245.16,0.0,Cash,44,5.0,19952.71,0,Fiber Internet,5G
CUST-100460,Delta,Damanhour,2021-05-24,Month-to-month,351.44,104.31,2.0,Credit card,44,4.0,15879.94,0,Fiber Internet,4G
CUST-100461,Cairo,New Cairo,2021-05-24,Month-to-month,815.9,208.58,2.0,Mobile wallet,44,4.0,34984.6,1,Bundle,3G
CUST-100462,Canal,Suez,2021-05-25,One year,242.27,9.92,0.0,Cash,44,5.0,10884.03,0,Mobile,4G
CUST-100463,Alexandria,Borg El Arab,2021-05-25,One year,643.93,292.02,2.0,Mobile wallet,44,4.0,27513.04,0,Bundle,4G
CUST-100464,Delta,Mansoura,2021-05-25,Month-to-month,417.88,207.52,2.0,Mobile wallet,44,4.0,18616.26,0,Fiber Internet,4G
CUST-100465,Upper Egypt,Sohag,2021-05-25,Two year,276.61,137.64,0.0,Mobile wallet,44,,12686.52,0,DSL Internet,4G
CUST-100466,Delta,Tanta,2021-05-25,One year,654.67,228.67,0.0,Mobile wallet,44,5.0,29753.07,0,Bundle,4G
CUST-100467,Canal,Ismailia,2021-05-26,Two year,662.52,223.12,1.0,Credit card,44,4.0,30427.08,0,Fiber Internet,4G
CUST-100468,Cairo,Zamalek,2021-05-26,Month-to-month,224.87,4.15,0.0,Credit card,44,4.0,11127.39,0,Mobile,3G
CUST-100469,Delta,Zagazig,2021-05-27,Month-to-month,172.25,7.42,0.0,Bank transfer,44,5.0,7437.48,0,Mobile,4G
CUST-100470,Alexandria,Montazah,2021-05-27,One year,320.45,67.0,5.0,Credit card,44,2.0,15118.05,0,DSL Internet,3G
CUST-100471,Alexandria,Montazah,2021-05-28,Month-to-month,420.57,141.0,0.0,Bank transfer,44,5.0,18723.91,0,Fiber Internet,4G
CUST-100472,Cairo,Zamalek,2021-05-28,One year,201.37,10.7,0.0,Cash,44,5.0,8723.07,0,Mobile,4G
CUST-100473,Cairo,Nasr City,2021-05-28,Month-to-month,743.03,416.45,2.0,Cash,44,3.0,32683.76,0,Bundle,4G
CUST-100474,Cairo,Maadi,2021-05-28,One year,862.54,377.66,1.0,Credit card,44,4.0,39322.32,0,Bundle,5G
CUST-100475,Alexandria,Smouha,2021-05-28,Two year,753.63,182.58,1.0,Credit card,44,4.0,32671.27,0,Bundle,4G
CUST-100476,Alexandria,Montazah,2021-05-29,Two year,560.44,194.58,2.0,Mobile wallet,44,4.0,22726.14,0,Fiber Internet,4G
CUST-100477,Delta,Tanta,2021-05-30,Two year,582.99,147.67,2.0,Mobile wallet,44,3.0,26513.19,0,Bundle,4G
CUST-100478,Delta,Zagazig,2021-05-30,Two year,681.78,207.22,3.0,Credit card,44,3.0,30271.28,0,Bundle,3G
CUST-100479,Alexandria,Montazah,2021-05-30,Month-to-month,209.94,5.66,4.0,Cash,44,2.0,8840.0,1,Mobile,3G
CUST-100480,Alexandria,Sidi Gaber,2021-05-30,Month-to-month,678.49,293.24,1.0,Credit card,44,5.0,28347.8,0,Bundle,5G
CUST-100481,Cairo,Nasr City,2021-05-31,Two year,672.94,211.66,2.0,Credit card,44,4.0,30091.17,0,Fiber Internet,4G
CUST-100482,Delta,Damanhour,2021-05-31,Two year,693.91,259.99,1.0,Mobile wallet,44,4.0,32108.67,0,Bundle,5G
CUST-100483,Alexandria,Sidi Gaber,2021-06-01,Two year,409.76,176.91,1.0,Mobile wallet,44,4.0,16987.74,1,DSL Internet,4G
CUST-100484,Cairo,Nasr City,2021-06-01,One year,650.44,615.14,0.0,Bank transfer,44,5.0,28942.18,0,Fiber Internet,5G
CUST-100485,Alexandria,Sidi Gaber,2021-06-01,Month-to-month,218.24,9.54,2.0,Mobile wallet,44,4.0,10452.75,0,Mobile,5G
CUST-100486,Alexandria,Borg El Arab,2021-06-01,Two year,187.31,,2.0,Cash,44,4.0,8554.42,0,Mobile,3G
CUST-100487,Cairo,Maadi,2021-06-02,Two year,314.66,12.36,1.0,Credit card,44,4.0,13847.68,0,Mobile,4G
CUST-100488,Delta,Damanhour,2021-06-02,One year,276.2,144.96,1.0,Mobile wallet,44,4.0,12106.21,0,DSL Internet,4G
CUST-100489,Delta,Tanta,2021-06-03,Two year,666.91,143.42,0.0,Credit card,44,,28795.06,0,Bundle,4G
CUST-100490,Upper Egypt,Qena,2021-06-03,One year,147.96,8.39,0.0,,44,5.0,6531.72,0,Mobile,4G
CUST-100491,Delta,Zagazig,2021-06-03,Two year,269.83,10.57,0.0,Bank transfer,44,4.0,11680.41,0,Mobile,4G
CUST-100492,Delta,Mansoura,2021-06-04,Month-to-month,284.87,242.38,2.0,Bank transfer,44,4.0,12405.23,0,Fiber Internet,5G
CUST-100493,Alexandria,Montazah,2021-06-04,Two year,289.01,,2.0,Credit card,44,3.0,12662.91,0,Mobile,3G
CUST-100494,Upper Egypt,Sohag,2021-06-04,Month-to-month,169.28,12.58,1.0,Cash,44,5.0,6973.56,0,Mobile,5G
CUST-100495,Delta,Mansoura,2021-06-05,Month-to-month,135.4,7.14,1.0,Bank transfer,44,,5927.14,0,Mobile,4G
CUST-100496,Alexandria,Montazah,2021-06-05,Month-to-month,606.16,204.51,3.0,Cash,44,3.0,28914.45,1,Fiber Internet,3G
CUST-100497,Delta,Mansoura,2021-06-05,Month-to-month,447.99,259.09,0.0,Bank transfer,44,4.0,18647.0,0,Fiber Internet,5G
CUST-100498,Alexandria,Montazah,2021-06-05,Month-to-month,443.12,242.03,5.0,Cash,44,3.0,20726.32,0,Bundle,4G
CUST-100499,Delta,Damanhour,2021-06-06,Two year,200.53,17.0,1.0,Mobile wallet,44,4.0,9210.74,0,Mobile,5G
CUST-100500,Upper Egypt,Assiut,2021-06-06,One year,189.62,,4.0,Bank transfer,44,3.0,8576.03,0,Mobile,5G
CUST-100501,Canal,Ismailia,2021-06-07,Two year,399.18,52.03,0.0,Mobile wallet,44,,16838.26,1,DSL Internet,3G
CUST-100502,Canal,Ismailia,2021-06-07,Month-to-month,564.7,273.59,1.0,Cash,44,4.0,25823.18,0,Bundle,4G
CUST-100503,Delta,Mansoura,2021-06-07,Month-to-month,118.05,4.08,3.0,Mobile wallet,44,3.0,5462.99,1,Mobile,3G
CUST-100504,Delta,Tanta,2021-06-07,One year,736.24,102.56,3.0,,44,4.0,33900.23,0,Bundle,3G
CUST-100505,Upper Egypt,Sohag,2021-06-08,One year,272.68,133.63,0.0,Mobile wallet,44,,12158.93,0,DSL Internet,5G
CUST-100506,Alexandria,Smouha,2021-06-08,One year,501.31,587.56,1.0,Mobile wallet,44,4.0,22153.16,0,Bundle,5G
CUST-100507,Upper Egypt,Qena,2021-06-08,Two year,460.93,170.8,0.0,Bank transfer,44,4.0,19836.19,0,Fiber Internet,4G
CUST-100508,Delta,Tanta,2021-06-08,Two year,224.55,13.64,0.0,Mobile wallet,44,4.0,9959.03,0,Mobile,5G
CUST-100509,Cairo,Zamalek,2021-06-09,One year,248.51,18.72,0.0,Bank transfer,44,5.0,11214.61,0,Mobile,5G
CUST-100510,Cairo,Heliopolis,2021-06-09,Two year,356.77,100.8,0.0,Bank transfer,44,5.0,15786.03,0,DSL Internet,4G
CUST-100511,Upper Egypt,Qena,2021-06-09,One year,507.87,117.86,4.0,Mobile wallet,44,3.0,22366.8,0,Bundle,3G
CUST-100512,Cairo,New Cairo,2021-06-09,One year,579.8,285.87,2.0,Cash,44,5.0,25548.61,0,Fiber Internet,5G
CUST-100513,Cairo,Zamalek,2021-06-09,Month-to-month,245.57,18.3,0.0,Bank transfer,44,5.0,11641.97,0,Mobile,5G
CUST-100514,Alexandria,Sidi Gaber,2021-06-10,Month-to-month,226.46,10.37,2.0,,44,3.0,10075.54,0,Mobile,4G
CUST-100515,Cairo,Heliopolis,2021-06-10,Month-to-month,394.81,309.59,2.0,Credit card,44,5.0,17591.58,0,Fiber Internet,4G
CUST-100516,Alexandria,Borg El Arab,2021-06-10,One year,729.81,268.49,0.0,Mobile wallet,44,4.0,29164.22,0,Bundle,4G
CUST-100517,Upper Egypt,Sohag,2021-06-11,One year,188.54,8.7,1.0,Bank transfer,44,5.0,8650.72,0,Mobile,4G
CUST-100518,Cairo,Heliopolis,2021-06-11,Month-to-month,559.79,299.74,2.0,Bank transfer,44,4.0,25311.3,0,Fiber Internet,4G
CUST-100519,Upper Egypt,Assiut,2021-06-11,One year,391.92,112.98,0.0,Credit card,44,,17688.3,0,Fiber Internet,4G
CUST-100520,Canal,Port Said,2021-06-11,Month-to-month,706.52,623.53,1.0,Cash,44,5.0,31970.99,0,Bundle,5G
CUST-100521,Alexandria,Montazah,2021-06-11,Month-to-month,750.72,200.79,0.0,Bank transfer,44,5.0,31914.36,0,Bundle,4G
CUST-100522,Cairo,Maadi,2021-06-11,Two year,263.58,24.37,1.0,Mobile wallet,44,4.0,11510.78,0,Mobile,5G
CUST-100523,Delta,Zagazig,2021-06-12,Month-to-month,415.4,,1.0,Credit card,44,3.0,19641.35,0,Fiber Internet,4G
CUST-100524,Cairo,Heliopolis,2021-06-13,Month-to-month,803.61,241.94,1.0,Credit card,44,3.0,32761.53,1,Bundle,4G
CUST-100525,Alexandria,Smouha,2021-06-13,One year,824.08,253.44,0.0,Credit card,44,5.0,34465.51,0,Bundle,4G
CUST-100526,Red Sea,Marsa Alam,2021-06-13,Month-to-month,469.27,188.26,1.0,Bank transfer,44,5.0,19519.65,0,Fiber Internet,4G
CUST-100527,Red Sea,Marsa Alam,2021-06-15,One year,214.83,17.8,,Bank transfer,44,5.0,9421.79,0,Mobile,5G
CUST-100528,Upper Egypt,Qena,2021-06-15,Two year,457.0,,0.0,Credit card,44,5.0,21473.65,0,Fiber Internet,4G
CUST-100529,Alexandria,Sidi Gaber,2021-06-15,One year,452.35,183.48,1.0,Bank transfer,44,4.0,20206.78,0,Fiber Internet,4G
CUST-100530,Upper Egypt,Sohag,2021-06-16,One year,132.47,9.58,0.0,Credit card,44,5.0,6106.17,0,Mobile,5G
CUST-100531,Upper Egypt,Assiut,2021-06-17,Month-to-month,445.83,192.52,0.0,Bank transfer,43,4.0,17716.96,0,Bundle,5G
CUST-100532,Alexandria,Montazah,2021-06-17,One year,239.34,8.03,2.0,Credit card,43,4.0,9755.33,1,Mobile,4G
CUST-100533,Delta,Tanta,2021-06-17,Month-to-month,673.01,260.03,0.0,Credit card,43,5.0,28269.18,0,Bundle,4G
CUST-100534,Cairo,New Cairo,2021-06-18,Month-to-month,497.28,209.42,0.0,Credit card,43,4.0,22840.91,0,Fiber Internet,4G
CUST-100535,Cairo,New Cairo,2021-06-18,Two year,272.29,5.26,2.0,Mobile wallet,43,4.0,11823.78,0,Mobile,3G
CUST-100536,Delta,Mansoura,2021-06-18,Month-to-month,428.43,271.02,2.0,Cash,43,,18462.03,0,Fiber Internet,5G
CUST-100537,Cairo,New Cairo,2021-06-19,One year,554.36,180.04,0.0,Mobile wallet,43,5.0,24122.1,0,Fiber Internet,4G
CUST-100538,Cairo,Nasr City,2021-06-19,Month-to-month,661.29,201.2,2.0,Credit card,43,3.0,27625.12,1,Bundle,3G
CUST-100539,Upper Egypt,Sohag,2021-06-20,Two year,460.49,186.14,1.0,Cash,43,4.0,21458.46,0,Fiber Internet,4G
CUST-100540,Red Sea,Sharm El Sheikh,2021-06-20,Month-to-month,189.95,12.99,0.0,Cash,43,5.0,8838.5,0,Mobile,4G
CUST-100541,Delta,Damanhour,2021-06-20,Month-to-month,504.06,123.0,0.0,Bank transfer,43,5.0,22735.66,0,Bundle,4G
CUST-100542,Upper Egypt,Minya,2021-06-20,Two year,429.65,201.48,0.0,Credit card,43,5.0,19296.03,0,Fiber Internet,4G
CUST-100543,Red Sea,Marsa Alam,2021-06-21,Month-to-month,234.4,18.77,3.0,Mobile wallet,43,4.0,9915.05,0,Mobile,5G
CUST-100544,Cairo,Heliopolis,2021-06-21,Two year,-691.41,354.74,1.0,Cash,43,5.0,30411.39,0,Bundle,5G
CUST-100545,Alexandria,Borg El Arab,2021-06-21,Month-to-month,201.91,12.03,0.0,Mobile wallet,43,,8022.43,0,Mobile,5G
CUST-100546,Alexandria,Borg El Arab,2021-06-21,One year,188.93,8.89,2.0,Mobile wallet,43,4.0,8018.06,0,Mobile,4G
CUST-100547,Cairo,New Cairo,2021-06-21,Two year,588.33,284.75,2.0,Mobile wallet,43,,23831.48,0,Fiber Internet,4G
CUST-100548,Upper Egypt,Sohag,2021-06-21,One year,456.11,192.31,3.0,Cash,43,3.0,20086.92,0,Fiber Internet,5G
CUST-100549,Alexandria,Sidi Gaber,2021-06-21,One year,524.64,259.52,1.0,Credit card,43,4.0,22561.86,0,Fiber Internet,4G
CUST-100550,Alexandria,Borg El Arab,2021-06-22,Month-to-month,777.7,304.61,4.0,Credit card,43,3.0,34606.59,0,Bundle,4G
CUST-100551,Cairo,Zamalek,2021-06-23,One year,257.02,15.49,0.0,Cash,43,5.0,11387.38,0,Mobile,5G
CUST-100552,Cairo,New Cairo,2021-06-23,Two year,969.37,438.72,1.0,Credit card,43,4.0,43731.81,0,Bundle,5G
CUST-100553,Canal,Ismailia,2021-06-23,One year,233.78,15.96,0.0,Bank transfer,43,5.0,9786.46,0,Mobile,5G
CUST-100554,Cairo,New Cairo,2021-06-23,Two year,276.28,19.98,,Bank transfer,43,5.0,11075.47,0,Mobile,4G
CUST-100555,Cairo,Zamalek,2021-06-23,One year,215.08,11.32,1.0,Credit card,43,4.0,10005.4,0,Mobile,4G
CUST-100556,Cairo,Zamalek,2021-06-23,One year,255.91,8.68,0.0,Credit card,43,4.0,10810.77,0,Mobile,4G
CUST-100557,Delta,Mansoura,2021-06-23,Month-to-month,390.85,150.21,0.0,Mobile wallet,43,5.0,16846.24,0,Fiber Internet,4G
CUST-100558,Delta,Zagazig,2021-06-23,One year,572.89,158.57,1.0,Bank transfer,43,5.0,25793.41,0,Bundle,4G
CUST-100559,Delta,Zagazig,2021-06-24,Two year,673.49,205.91,2.0,Mobile wallet,43,5.0,28742.09,0,Bundle,5G
CUST-100560,Cairo,Zamalek,2021-06-24,One year,304.15,74.82,0.0,Bank transfer,43,5.0,12534.85,0,DSL Internet,4G
CUST-100561,Cairo,New Cairo,2021-06-24,Month-to-month,208.08,10.33,1.0,Cash,43,4.0,9742.41,0,Mobile,4G
CUST-100562,Upper Egypt,Sohag,2021-06-24,One year,479.02,419.07,1.0,Mobile wallet,43,5.0,20232.09,0,Bundle,5G
CUST-100563,Delta,Tanta,2021-06-26,One year,192.34,18.43,0.0,Cash,43,5.0,8916.86,0,Mobile,5G
CUST-100564,Delta,Damanhour,2021-06-26,Two year,275.88,70.02,2.0,Bank transfer,43,3.0,12088.71,0,DSL Internet,4G
CUST-100565,Delta,Damanhour,2021-06-26,Month-to-month,236.22,69.93,1.0,Credit card,43,4.0,10610.93,0,DSL Internet,4G
CUST-100566,Upper Egypt,Assiut,2021-06-26,Month-to-month,163.24,6.34,0.0,Cash,43,,7327.28,0,Mobile,4G
CUST-100567,Cairo,Maadi,2021-06-27,Month-to-month,516.01,95.83,2.0,Cash,43,3.0,21921.66,0,Fiber Internet,4G
CUST-100568,Alexandria,Borg El Arab,2021-06-27,Month-to-month,639.44,126.26,3.0,Credit card,43,3.0,28279.52,0,Bundle,3G
CUST-100569,Delta,Mansoura,2021-06-28,Two year,181.41,11.52,0.0,Mobile wallet,43,4.0,8451.69,0,Mobile,4G
CUST-100570,Alexandria,Borg El Arab,2021-06-28,Month-to-month,264.74,129.33,0.0,Mobile wallet,43,5.0,12036.79,0,DSL Internet,5G
CUST-100571,Upper Egypt,Assiut,2021-06-28,One year,697.93,254.42,2.0,Credit card,43,3.0,30803.09,1,Bundle,5G
CUST-100572,Delta,Mansoura,2021-06-28,Month-to-month,163.66,6.53,0.0,Mobile wallet,43,4.0,7263.5,0,Mobile,4G
CUST-100573,Upper Egypt,Qena,2021-06-29,Month-to-month,116.49,6.01,1.0,Credit card,43,5.0,5012.24,0,Mobile,4G
CUST-100574,Canal,Ismailia,2021-06-29,Two year,550.83,274.2,1.0,Credit card,43,4.0,22985.39,0,Fiber Internet,4G
CUST-100575,Delta,Zagazig,2021-06-29,One year,260.88,130.71,0.0,,43,5.0,11985.92,0,DSL Internet,5G
CUST-100576,Canal,Port Said,2021-06-29,Month-to-month,461.51,337.3,0.0,Mobile wallet,43,,19486.58,0,Fiber Internet,5G
CUST-100577,Delta,Tanta,2021-06-29,Month-to-month,415.05,252.6,1.0,Cash,43,,17582.98,0,Fiber Internet,5G
CUST-100578,Canal,Ismailia,2021-06-30,Two year,242.17,11.89,0.0,Mobile wallet,43,4.0,10469.83,0,Mobile,4G
CUST-100579,Alexandria,Montazah,2021-07-01,Two year,743.64,202.37,0.0,Cash,43,4.0,30254.51,0,Bundle,4G
CUST-100580,Delta,Zagazig,2021-07-01,Month-to-month,543.43,175.36,2.0,Bank transfer,43,5.0,23129.98,0,Bundle,4G
CUST-100581,Delta,Tanta,2021-07-02,One year,533.41,145.99,1.0,Bank transfer,43,4.0,22352.79,0,Fiber Internet,4G
CUST-100582,Cairo,Zamalek,2021-07-02,Month-to-month,519.73,250.11,0.0,Bank transfer,43,,21170.33,0,Bundle,4G
CUST-100583,Alexandria,Sidi Gaber,2021-07-03,One year,271.42,49.34,1.0,Mobile wallet,43,4.0,11140.12,0,DSL Internet,3G
CUST-100584,Canal,Ismailia,2021-07-03,Month-to-month,532.46,39.69,6.0,Mobile wallet,43,2.0,22437.81,1,Bundle,3G
CUST-100585,Delta,Damanhour,2021-07-03,Two year,165.49,9.8,1.0,,43,4.0,7438.7,0,Mobile,4G
CUST-100586,Cairo,Maadi,2021-07-03,Two year,259.51,22.58,2.0,Bank transfer,43,4.0,11166.99,0,Mobile,5G
CUST-100587,Alexandria,Montazah,2021-07-03,Month-to-month,591.01,259.67,1.0,Credit card,43,,24411.75,0,Bundle,5G
CUST-100588,Cairo,New Cairo,2021-07-04,Month-to-month,264.49,19.73,1.0,Cash,43,5.0,11122.69,0,Mobile,5G
CUST-100589,Cairo,Zamalek,2021-07-04,Month-to-month,232.05,10.1,0.0,Cash,43,,9921.77,1,Mobile,4G
CUST-100590,Canal,Port Said,2021-07-04,Month-to-month,269.25,,0.0,Bank transfer,43,5.0,12159.05,0,DSL Internet,5G
CUST-100591,Alexandria,Montazah,2021-07-04,Month-to-month,455.61,342.34,2.0,Mobile wallet,43,4.0,20427.83,0,Fiber Internet,4G
CUST-100592,Alexandria,Sidi Gaber,2021-07-04,Month-to-month,177.31,,3.0,Mobile wallet,43,3.0,7730.85,0,Mobile,3G
CUST-100593,Delta,Damanhour,2021-07-05,Two year,236.75,11.58,2.0,Mobile wallet,43,4.0,10841.76,0,Mobile,4G
CUST-100594,Cairo,Zamalek,2021-07-05,Month-to-month,271.68,9.95,2.0,Bank transfer,43,4.0,11218.69,1,Mobile,4G
CUST-100595,Cairo,Maadi,2021-07-05,Two year,233.14,14.31,0.0,Mobile wallet,43,5.0,9597.37,0,Mobile,5G
CUST-100596,Upper Egypt,Sohag,2021-07-05,Month-to-month,194.2,14.45,0.0,Credit card,43,5.0,8291.62,0,Mobile,5G
CUST-100597,Delta,Tanta,2021-07-06,One year,423.66,132.46,2.0,Credit card,43,5.0,19216.19,0,Fiber Internet,4G
CUST-100598,Red Sea,Marsa Alam,2021-07-06,Month-to-month,293.16,171.76,1.0,Cash,43,5.0,13014.0,0,DSL Internet,4G
CUST-100599,Delta,Mansoura,2021-07-07,Two year,225.22,13.54,2.0,Bank transfer,43,4.0,10149.42,0,Mobile,4G
CUST-100600,Alexandria,Montazah,2021-07-07,Month-to-month,220.41,12.11,2.0,Credit card,43,5.0,9485.74,0,Mobile,4G
CUST-100601,Upper Egypt,Minya,2021-07-07,Month-to-month,370.83,158.11,3.0,Credit card,43,4.0,15734.69,1,Fiber Internet,4G
CUST-100602,Canal,Suez,2021-07-07,One year,202.35,11.27,0.0,Bank transfer,43,5.0,8666.44,0,Mobile,5G
CUST-100603,Upper Egypt,Minya,2021-07-07,One year,204.32,19.42,0.0,Mobile wallet,43,4.0,8523.33,0,Mobile,5G
CUST-100604,Red Sea,Marsa Alam,2021-07-07,One year,228.5,12.77,1.0,Bank transfer,43,,9884.91,0,Mobile,4G
CUST-100605,Upper Egypt,Minya,2021-07-08,Month-to-month,370.95,146.38,2.0,Mobile wallet,43,4.0,15883.22,0,Fiber Internet,4G
CUST-100606,Canal,Ismailia,2021-07-08,Month-to-month,233.92,4.29,2.0,Cash,43,2.0,9680.94,1,Mobile,3G
CUST-100607,Cairo,Maadi,2021-07-08,Two year,533.52,72.95,2.0,Bank transfer,43,4.0,23605.38,0,Fiber Internet,3G
CUST-100608,Upper Egypt,Assiut,2021-07-08,One year,389.03,94.64,2.0,Cash,43,3.0,16893.33,0,Fiber Internet,3G
CUST-100609,Alexandria,Smouha,2021-07-08,One year,800.43,144.19,0.0,Credit card,43,3.0,36442.18,0,Bundle,3G
CUST-100610,Delta,Tanta,2021-07-09,Month-to-month,277.81,142.02,2.0,Bank transfer,43,3.0,11588.52,0,DSL Internet,4G
CUST-100611,Delta,Zagazig,2021-07-09,Month-to-month,624.99,319.94,2.0,Credit card,43,5.0,26564.99,0,Bundle,4G
CUST-100612,Red Sea,Hurghada,2021-07-09,Two year,512.43,303.51,4.0,Credit card,43,4.0,20100.05,1,Fiber Internet,5G
CUST-100613,Red Sea,Marsa Alam,2021-07-10,One year,259.03,11.33,0.0,Credit card,43,,10749.35,0,Mobile,4G
CUST-100614,Cairo,Heliopolis,2021-07-11,Month-to-month,226.05,7.47,1.0,Credit card,43,4.0,9778.02,1,Mobile,4G
CUST-100615,Upper Egypt,Sohag,2021-07-11,Two year,244.98,22.26,1.0,Cash,43,5.0,10926.92,0,Mobile,5G
CUST-100616,Upper Egypt,Qena,2021-07-11,One year,195.95,13.62,0.0,Mobile wallet,43,4.0,8699.38,0,Mobile,5G
CUST-100617,Alexandria,Smouha,2021-07-11,Month-to-month,204.81,11.81,0.0,Cash,43,5.0,9305.92,0,Mobile,4G
CUST-100618,Cairo,New Cairo,2021-07-12,Month-to-month,243.47,15.83,1.0,Mobile wallet,43,3.0,10746.95,0,Mobile,4G
CUST-100619,Cairo,Maadi,2021-07-12,One year,377.42,104.07,0.0,Mobile wallet,43,5.0,16348.86,0,DSL Internet,4G
CUST-100620,Upper Egypt,Sohag,2021-07-12,Month-to-month,252.76,105.35,1.0,Credit card,43,5.0,11212.58,0,DSL Internet,5G
CUST-100621,Delta,Tanta,2021-07-12,One year,176.78,18.64,1.0,Mobile wallet,43,3.0,7408.57,0,Mobile,4G
CUST-100622,Red Sea,Marsa Alam,2021-07-12,One year,683.15,166.33,3.0,Bank transfer,43,3.0,27592.76,0,Fiber Internet,3G
CUST-100623,Alexandria,Sidi Gaber,2021-07-12,Month-to-month,170.03,11.53,0.0,Cash,43,5.0,7233.41,0,Mobile,5G
CUST-100624,Red Sea,Marsa Alam,2021-07-12,Two year,635.35,505.85,3.0,Cash,43,3.0,27159.02,0,Fiber Internet,5G
CUST-100625,Alexandria,Sidi Gaber,2021-07-12,Month-to-month,427.92,166.26,0.0,Credit card,43,5.0,18576.7,0,Fiber Internet,4G
CUST-100626,Upper Egypt,Sohag,2021-07-13,Month-to-month,161.3,9.19,0.0,Mobile wallet,43,5.0,6750.09,0,Mobile,4G
CUST-100627,Cairo,Zamalek,2021-07-13,One year,292.78,10.67,1.0,Mobile wallet,43,3.0,12351.44,0,Mobile,4G
CUST-100628,Delta,Zagazig,2021-07-13,One year,481.1,196.81,1.0,Mobile wallet,43,5.0,21446.72,0,Bundle,4G
CUST-100629,Upper Egypt,Sohag,2021-07-13,Month-to-month,366.05,150.58,0.0,Credit card,43,5.0,15054.93,0,Fiber Internet,4G
CUST-100630,Canal,Suez,2021-07-13,One year,401.88,,2.0,Mobile wallet,43,5.0,17304.45,0,Fiber Internet,5G
CUST-100631,Upper Egypt,Sohag,2021-07-13,Two year,182.25,14.16,1.0,Cash,43,4.0,7505.35,1,Mobile,5G
CUST-100632,Cairo,Heliopolis,2021-07-13,Two year,224.86,12.59,3.0,Bank transfer,43,3.0,9067.46,0,Mobile,5G
CUST-100633,Alexandria,Smouha,2021-07-13,Two year,247.26,19.37,0.0,Mobile wallet,43,4.0,10515.89,0,Mobile,5G
CUST-100634,Cairo,Nasr City,2021-07-14,Month-to-month,689.87,232.35,1.0,Credit card,43,4.0,28759.77,0,Bundle,4G
CUST-100635,Cairo,New Cairo,2021-07-14,Month-to-month,257.55,6.9,0.0,Cash,43,,10948.49,0,Mobile,4G
CUST-100636,Delta,Mansoura,2021-07-14,One year,230.69,18.7,3.0,Credit card,43,4.0,10005.2,0,Mobile,5G
CUST-100637,Upper Egypt,Sohag,2021-07-14,Month-to-month,499.75,135.29,1.0,Credit card,43,4.0,19736.17,0,Bundle,3G
CUST-100638,Upper Egypt,Qena,2021-07-14,One year,461.75,378.18,3.0,,43,3.0,20782.47,0,Fiber Internet,4G
CUST-100639,Canal,Suez,2021-07-15,Month-to-month,226.17,10.62,0.0,Cash,43,4.0,10947.5,0,Mobile,4G
CUST-100640,Upper Egypt,Sohag,2021-07-15,Month-to-month,329.43,232.64,0.0,Mobile wallet,43,4.0,13388.86,1,Fiber Internet,5G
CUST-100641,Upper Egypt,Assiut,2021-07-16,Month-to-month,444.12,216.07,,Credit card,43,5.0,18750.81,0,Fiber Internet,4G
CUST-100642,Cairo,Zamalek,2021-07-16,Month-to-month,726.82,358.55,5.0,Credit card,43,3.0,29689.52,1,Bundle,4G
CUST-100643,Cairo,Zamalek,2021-07-16,Month-to-month,204.89,13.13,1.0,Mobile wallet,43,5.0,8476.46,0,Mobile,4G
CUST-100644,Delta,Damanhour,2021-07-16,One year,298.48,166.95,2.0,Bank transfer,43,4.0,13926.99,0,DSL Internet,5G
CUST-100645,Canal,Port Said,2021-07-16,One year,209.91,9.92,0.0,Credit card,43,4.0,8962.58,0,Mobile,4G
CUST-100646,Cairo,Maadi,2021-07-16,Month-to-month,277.06,127.89,0.0,Cash,43,4.0,12309.22,0,DSL Internet,4G
CUST-100647,Delta,Mansoura,2021-07-17,Month-to-month,479.77,,0.0,Credit card,43,,21712.73,0,Bundle,5G
CUST-100648,Delta,Tanta,2021-07-18,Two year,800.62,191.92,0.0,Mobile wallet,42,4.0,35214.58,0,Bundle,4G
CUST-100649,Cairo,Nasr City,2021-07-19,Month-to-month,756.78,173.13,1.0,Credit card,42,5.0,33382.11,0,Bundle,4G
CUST-100650,Alexandria,Montazah,2021-07-19,One year,391.1,115.78,2.0,Mobile wallet,42,4.0,15650.23,0,DSL Internet,4G
CUST-100651,Canal,Suez,2021-07-19,One year,200.42,14.59,0.0,Mobile wallet,42,5.0,8770.55,0,Mobile,5G
CUST-100652,Delta,Damanhour,2021-07-19,One year,178.19,18.76,0.0,Bank transfer,42,4.0,7408.76,0,Mobile,4G
CUST-100653,Cairo,Zamalek,2021-07-19,Two year,216.19,14.31,1.0,Mobile wallet,42,4.0,9725.93,0,Mobile,5G
CUST-100654,Canal,Suez,2021-07-20,One year,556.63,322.35,1.0,Cash,42,,22139.21,1,Fiber Internet,5G
CUST-100655,Alexandria,Borg El Arab,2021-07-20,Two year,255.09,14.75,0.0,Cash,42,,10259.55,0,Mobile,5G
CUST-100656,Canal,Port Said,2021-07-20,Two year,309.17,71.02,3.0,Bank transfer,42,4.0,12717.36,1,DSL Internet,3G
CUST-100657,Cairo,Heliopolis,2021-07-21,Month-to-month,304.14,115.32,1.0,Bank transfer,42,5.0,13143.57,0,DSL Internet,4G
CUST-100658,Delta,Mansoura,2021-07-21,Month-to-month,641.94,199.88,1.0,Cash,42,4.0,24515.94,1,Bundle,4G
CUST-100659,Alexandria,Sidi Gaber,2021-07-21,Month-to-month,200.67,7.17,1.0,Credit card,42,4.0,8316.99,0,Mobile,4G
CUST-100660,Cairo,Heliopolis,2021-07-21,Month-to-month,331.74,99.86,2.0,Credit card,42,5.0,13363.98,0,DSL Internet,4G
CUST-100661,Canal,Port Said,2021-07-21,One year,282.16,78.11,0.0,Credit card,42,4.0,12324.31,0,DSL Internet,4G
CUST-100662,Cairo,Maadi,2021-07-21,Month-to-month,691.64,237.95,1.0,Cash,42,3.0,28479.01,0,Bundle,4G
CUST-100663,Cairo,Zamalek,2021-07-21,Month-to-month,363.33,125.28,1.0,Credit card,42,5.0,15993.22,0,DSL Internet,4G
CUST-100664,Alexandria,Sidi Gaber,2021-07-21,Month-to-month,167.58,7.37,0.0,Bank transfer,42,4.0,6857.81,0,Mobile,4G
CUST-100665,Upper Egypt,Assiut,2021-07-22,One year,179.16,13.88,1.0,Mobile wallet,42,4.0,7638.77,0,Mobile,4G
CUST-100666,Upper Egypt,Sohag,2021-07-22,One year,620.11,334.56,0.0,Credit card,42,4.0,24684.13,0,Bundle,4G
CUST-100667,Red Sea,,2021-07-23,Two year,378.88,167.36,0.0,Bank transfer,42,5.0,15891.16,0,DSL Internet,5G
CUST-100668,Cairo,Heliopolis,2021-07-23,Month-to-month,385.55,51.55,3.0,Bank transfer,42,3.0,15531.96,0,DSL Internet,3G
CUST-100669,Alexandria,Sidi Gaber,2021-07-24,Month-to-month,348.4,167.56,0.0,Credit card,42,4.0,15200.24,1,DSL Internet,5G
CUST-100670,Cairo,Maadi,2021-07-24,Two year,446.72,133.3,0.0,Cash,42,5.0,19624.11,0,DSL Internet,4G
CUST-100671,Delta,Damanhour,2021-07-25,One year,267.26,95.04,0.0,Credit card,42,4.0,11355.58,0,DSL Internet,4G
CUST-100672,Red Sea,Hurghada,2021-07-25,One year,770.01,353.79,0.0,Cash,42,,33761.44,0,Bundle,5G
CUST-100673,Upper Egypt,Minya,2021-07-25,One year,576.39,163.86,4.0,Bank transfer,42,2.0,23796.41,0,Bundle,4G
CUST-100674,Delta,Zagazig,2021-07-26,Month-to-month,168.98,8.7,1.0,Credit card,42,4.0,7291.95,0,Mobile,4G
CUST-100675,Alexandria,Montazah,2021-07-26,Two year,226.32,13.79,2.0,Credit card,42,4.0,9503.55,0,Mobile,5G
CUST-100676,Canal,Suez,2021-07-26,One year,196.37,4.86,3.0,Mobile wallet,42,3.0,8442.18,0,Mobile,3G
CUST-100677,Delta,Damanhour,2021-07-26,One year,617.62,242.52,2.0,Bank transfer,42,4.0,26145.29,0,Fiber Internet,4G
CUST-100678,Cairo,Maadi,2021-07-27,One year,778.76,393.55,2.0,Credit card,42,4.0,32732.4,0,Bundle,5G
CUST-100679,Alexandria,Sidi Gaber,2021-07-27,Month-to-month,727.82,,0.0,Cash,42,5.0,28446.71,0,Bundle,5G
CUST-100680,Cairo,New Cairo,2021-07-27,Month-to-month,208.22,,0.0,Bank transfer,42,5.0,8545.57,0,Mobile,4G
CUST-100681,Cairo,Maadi,2021-07-27,One year,316.86,14.9,0.0,Cash,42,5.0,14314.02,0,Mobile,4G
CUST-100682,Cairo,Zamalek,2021-07-28,One year,575.61,180.95,3.0,Credit card,42,,24136.78,0,Fiber Internet,4G
CUST-100683,Alexandria,Smouha,2021-07-28,Month-to-month,643.44,253.67,0.0,Credit card,42,5.0,26334.86,0,Bundle,5G
CUST-100684,Delta,Zagazig,2021-07-29,Month-to-month,319.89,165.16,1.0,Mobile wallet,42,4.0,13502.62,0,Fiber Internet,5G
CUST-100685,Alexandria,Borg El Arab,2021-07-29,Two year,277.31,9.94,3.0,Bank transfer,42,4.0,10973.26,0,Mobile,4G
CUST-100686,Alexandria,Montazah,2021-07-30,Month-to-month,241.01,7.5,0.0,Credit card,42,4.0,9962.26,0,Mobile,4G
CUST-100687,Red Sea,Sharm El Sheikh,2021-07-30,Month-to-month,443.9,163.28,1.0,Credit card,42,5.0,18841.45,0,Fiber Internet,5G
CUST-100688,Upper Egypt,Qena,2021-07-31,One year,476.87,228.81,1.0,Credit card,42,4.0,20487.02,0,Fiber Internet,4G
CUST-100689,Delta,Tanta,2021-07-31,Two year,545.36,458.94,1.0,Mobile wallet,42,5.0,23294.68,0,Bundle,5G
CUST-100690,Cairo,Maadi,2021-08-01,One year,873.53,355.02,1.0,Bank transfer,42,5.0,39025.24,0,Bundle,4G
CUST-100691,Canal,Suez,2021-08-01,Two year,217.56,8.89,0.0,Cash,42,5.0,8920.32,0,Mobile,4G
CUST-100692,Cairo,Zamalek,2021-08-01,Month-to-month,275.53,7.24,3.0,Credit card,42,4.0,10913.28,0,Mobile,4G
CUST-100693,Alexandria,Montazah,2021-08-02,Two year,250.01,12.0,1.0,Bank transfer,42,5.0,10382.58,0,Mobile,4G
CUST-100694,Canal,Port Said,2021-08-02,Two year,253.39,7.06,1.0,Bank transfer,42,5.0,10435.29,0,Mobile,4G
CUST-100695,Delta,Zagazig,2021-08-03,One year,230.93,5.74,0.0,Mobile wallet,42,4.0,9801.54,0,Mobile,3G
CUST-100696,Upper Egypt,Assiut,2021-08-03,One year,170.59,6.82,1.0,Cash,42,4.0,7104.37,0,Mobile,4G
CUST-100697,Delta,Zagazig,2021-08-04,Month-to-month,179.3,4.53,0.0,Cash,42,5.0,7597.13,0,Mobile,4G
CUST-100698,Delta,Damanhour,2021-08-04,Month-to-month,479.04,445.88,1.0,Credit card,42,5.0,20264.74,0,Bundle,5G
CUST-100699,Cairo,Maadi,2021-08-04,Month-to-month,225.59,7.23,0.0,Bank transfer,42,5.0,9839.47,0,Mobile,4G
CUST-100700,Cairo,Heliopolis,2021-08-04,Month-to-month,913.29,278.46,3.0,Cash,42,3.0,38454.98,0,Bundle,4G
CUST-100701,Alexandria,Borg El Arab,2021-08-05,Two year,265.95,11.38,2.0,Credit card,42,5.0,11295.53,0,Mobile,4G
CUST-100702,Cairo,Heliopolis,2021-08-05,Month-to-month,202.87,8.5,0.0,Mobile wallet,42,5.0,9153.66,0,Mobile,4G
CUST-100703,Canal,Port Said,2021-08-05,One year,256.83,13.27,0.0,Credit card,42,4.0,10113.19,0,Mobile,4G
CUST-100704,Cairo,Heliopolis,2021-08-06,Month-to-month,246.62,13.03,1.0,Bank transfer,42,5.0,10465.16,0,Mobile,5G
CUST-100705,Delta,Zagazig,2021-08-06,Month-to-month,199.4,10.84,1.0,Bank transfer,42,4.0,8361.37,0,Mobile,4G
CUST-100706,Upper Egypt,Minya,2021-08-06,Month-to-month,530.88,233.18,2.0,Bank transfer,42,4.0,22406.87,0,Bundle,4G
CUST-100707,Upper Egypt,Minya,2021-08-06,Month-to-month,526.29,202.03,0.0,Cash,42,5.0,22683.63,0,Bundle,5G
CUST-100708,Alexandria,Borg El Arab,2021-08-06,One year,168.07,13.35,2.0,Mobile wallet,42,4.0,6844.7,0,Mobile,5G
CUST-100709,Alexandria,Borg El Arab,2021-08-07,Two year,277.01,12.86,1.0,Cash,42,4.0,11403.81,0,Mobile,5G
CUST-100710,Red Sea,Hurghada,2021-08-07,Month-to-month,159.04,5.82,0.0,Mobile wallet,42,5.0,6895.86,0,Mobile,4G
CUST-100711,Delta,Damanhour,2021-08-07,Two year,346.96,126.85,0.0,Bank transfer,42,,14525.2,0,DSL Internet,4G
CUST-100712,Upper Egypt,Minya,2021-08-08,One year,179.59,7.95,2.0,Mobile wallet,42,4.0,7275.8,0,Mobile,4G
CUST-100713,Canal,Ismailia,2021-08-08,One year,234.91,12.13,1.0,Bank transfer,42,4.0,10206.11,0,Mobile,4G
CUST-100714,Upper Egypt,Sohag,2021-08-08,Month-to-month,509.34,230.85,0.0,Cash,42,5.0,21997.59,0,Bundle,4G
CUST-100715,Cairo,Heliopolis,2021-08-08,Month-to-month,829.43,273.62,1.0,Credit card,42,5.0,35157.81,0,Bundle,5G
CUST-100716,Delta,Zagazig,2021-08-08,Two year,496.13,252.59,4.0,Cash,42,3.0,21239.12,0,Fiber Internet,4G
CUST-100717,Cairo,,2021-08-09,One year,268.93,18.83,0.0,Mobile wallet,42,5.0,11581.78,0,Mobile,5G
CUST-100718,Delta,Tanta,2021-08-09,Month-to-month,189.44,11.34,1.0,Mobile wallet,42,5.0,7949.39,0,Mobile,5G
CUST-100719,Red Sea,Marsa Alam,2021-08-09,Two year,330.0,13.21,1.0,Mobile wallet,42,4.0,14069.05,0,Mobile,4G
CUST-100720,Delta,Tanta,2021-08-09,Month-to-month,452.71,238.94,0.0,Mobile wallet,42,5.0,18158.39,0,Fiber Internet,4G
CUST-100721,Alexandria,Montazah,2021-08-09,Two year,289.91,135.07,0.0,Mobile wallet,42,5.0,12108.04,0,DSL Internet,5G
CUST-100722,Cairo,Nasr City,2021-08-09,Month-to-month,217.54,19.38,2.0,Mobile wallet,42,4.0,9513.58,0,Mobile,4G
CUST-100723,Red Sea,Hurghada,2021-08-09,Two year,889.29,,4.0,Credit card,42,4.0,40733.22,0,Bundle,5G
CUST-100724,Cairo,New Cairo,2021-08-10,Month-to-month,637.45,137.31,3.0,Mobile wallet,42,3.0,26333.94,1,Fiber Internet,3G
CUST-100725,Cairo,Nasr City,2021-08-10,Month-to-month,307.25,99.72,2.0,Bank transfer,42,4.0,12472.31,0,DSL Internet,4G
CUST-100726,Cairo,Zamalek,2021-08-10,One year,335.01,13.15,0.0,Mobile wallet,42,5.0,13908.34,0,Mobile,4G
CUST-100727,Cairo,New Cairo,2021-08-11,Month-to-month,240.11,9.2,0.0,Mobile wallet,42,5.0,9525.97,0,Mobile,4G
CUST-100728,Alexandria,Sidi Gaber,2021-08-11,Two year,255.4,17.31,1.0,Credit card,42,4.0,11043.38,0,Mobile,5G
CUST-100729,Delta,Damanhour,2021-08-11,One year,240.48,110.55,0.0,Mobile wallet,42,4.0,10145.61,0,DSL Internet,4G
CUST-100730,Alexandria,Sidi Gaber,2021-08-12,Month-to-month,235.19,7.24,0.0,Bank transfer,42,5.0,9526.72,0,Mobile,4G
CUST-100731,Cairo,New Cairo,2021-08-13,Month-to-month,221.14,18.28,1.0,Mobile wallet,42,4.0,9241.64,0,Mobile,5G
CUST-100732,Cairo,Maadi,2021-08-13,Two year,361.0,229.35,0.0,Mobile wallet,42,5.0,15630.37,0,DSL Internet,5G
CUST-100733,Alexandria,Sidi Gaber,2021-08-13,One year,314.41,128.84,1.0,Mobile wallet,42,4.0,13267.23,0,DSL Internet,4G
CUST-100734,Cairo,Maadi,2021-08-13,Two year,761.85,380.84,2.0,Mobile wallet,42,5.0,31202.19,0,Fiber Internet,5G
CUST-100735,Upper Egypt,Qena,2021-08-13,Month-to-month,245.73,58.89,1.0,Credit card,42,3.0,10514.08,1,DSL Internet,3G
CUST-100736,Cairo,Nasr City,2021-08-13,Two year,571.13,477.93,1.0,Credit card,42,4.0,24381.08,0,Fiber Internet,5G
CUST-100737,Alexandria,Borg El Arab,2021-08-14,One year,493.2,287.01,4.0,Mobile wallet,42,,20135.82,0,Fiber Internet,5G
CUST-100738,Alexandria,Smouha,2021-08-14,One year,268.63,,1.0,Credit card,42,4.0,11324.09,0,Mobile,5G
CUST-100739,Alexandria,Sidi Gaber,2021-08-14,Month-to-month,199.09,18.31,1.0,Credit card,42,3.0,7494.12,1,Mobile,4G
CUST-100740,Cairo,Heliopolis,2021-08-14,Month-to-month,587.65,362.06,4.0,Credit card,42,3.0,24408.64,1,Fiber Internet,5G
CUST-100741,Cairo,Nasr City,2021-08-15,Two year,305.72,9.64,0.0,Bank transfer,42,5.0,14310.15,0,Mobile,4G
CUST-100742,Canal,Ismailia,2021-08-15,Two year,292.99,263.57,0.0,Cash,42,,12569.04,1,Fiber Internet,5G
CUST-100743,Cairo,New Cairo,2021-08-15,Month-to-month,637.78,394.46,2.0,Credit card,42,3.0,26674.48,0,Fiber Internet,5G
CUST-100744,Delta,Damanhour,2021-08-16,Two year,188.67,7.64,3.0,Bank transfer,42,4.0,8023.08,0,Mobile,4G
CUST-100745,Delta,Mansoura,2021-08-16,Month-to-month,247.78,95.64,0.0,Cash,42,5.0,10659.56,0,DSL Internet,5G
CUST-100746,Alexandria,Montazah,2021-08-16,Month-to-month,356.07,184.4,2.0,Cash,42,3.0,15357.02,0,DSL Internet,5G
CUST-100747,Alexandria,Montazah,2021-08-17,Month-to-month,569.43,317.21,0.0,Credit card,41,5.0,23295.82,0,Fiber Internet,5G
CUST-100748,Upper Egypt,Assiut,2021-08-17,Month-to-month,531.03,145.94,0.0,Cash,41,5.0,19927.7,0,Bundle,4G
CUST-100749,Upper Egypt,Minya,2021-08-17,Month-to-month,175.6,12.49,1.0,Credit card,41,4.0,7116.54,0,Mobile,5G
CUST-100750,Cairo,Heliopolis,2021-08-17,Month-to-month,264.59,11.26,0.0,Mobile wallet,41,5.0,10615.12,0,Mobile,4G
CUST-100751,Alexandria,Montazah,2021-08-17,Month-to-month,243.59,15.83,1.0,Credit card,41,4.0,9971.4,0,Mobile,5G
CUST-100752,Cairo,Maadi,2021-08-18,One year,727.98,168.61,0.0,Bank transfer,41,4.0,29023.52,0,Fiber Internet,3G
CUST-100753,Alexandria,Sidi Gaber,2021-08-18,Two year,245.55,6.59,1.0,Credit card,41,5.0,10335.91,0,Mobile,4G
CUST-100754,Upper Egypt,Minya,2021-08-19,One year,498.72,79.92,1.0,Mobile wallet,41,5.0,22154.71,0,Bundle,3G
CUST-100755,Cairo,Zamalek,2021-08-19,Month-to-month,226.96,13.26,0.0,Credit card,41,5.0,9690.54,0,Mobile,5G
CUST-100756,Alexandria,Smouha,2021-08-19,One year,538.49,318.87,5.0,Bank transfer,41,,22069.19,0,Fiber Internet,4G
CUST-100757,Canal,Suez,2021-08-19,Month-to-month,444.24,552.32,4.0,Mobile wallet,41,4.0,19360.13,0,Fiber Internet,5G
CUST-100758,Cairo,Heliopolis,2021-08-19,One year,225.32,15.29,4.0,Credit card,41,4.0,9374.05,1,Mobile,5G
CUST-100759,Alexandria,Borg El Arab,2021-08-20,One year,346.55,,1.0,Cash,41,4.0,14656.14,0,DSL Internet,4G
CUST-100760,Upper Egypt,Assiut,2021-08-20,Month-to-month,184.48,52.05,2.0,Bank transfer,41,5.0,7407.98,0,DSL Internet,5G
CUST-100761,Cairo,,2021-08-20,Month-to-month,342.85,219.29,0.0,Credit card,41,5.0,13666.08,1,DSL Internet,5G
CUST-100762,Cairo,New Cairo,2021-08-21,Two year,658.32,282.15,1.0,Credit card,41,4.0,27684.67,0,Fiber Internet,4G
CUST-100763,Cairo,Zamalek,2021-08-21,Two year,655.44,267.58,0.0,Bank transfer,41,4.0,28539.6,1,Fiber Internet,4G
CUST-100764,Canal,Port Said,2021-08-21,One year,549.12,149.42,3.0,Credit card,41,3.0,23860.33,0,Fiber Internet,4G
CUST-100765,Cairo,Zamalek,2021-08-21,Two year,437.1,136.13,3.0,Mobile wallet,41,2.0,18386.9,0,DSL Internet,3G
CUST-100766,Cairo,New Cairo,2021-08-22,Two year,356.72,22.92,1.0,Mobile wallet,41,4.0,14393.38,1,Mobile,4G
CUST-100767,Cairo,Nasr City,2021-08-22,Month-to-month,510.88,225.51,0.0,Bank transfer,41,4.0,21633.33,0,Fiber Internet,4G
CUST-100768,Cairo,Maadi,2021-08-22,One year,268.88,16.05,2.0,Bank transfer,41,4.0,11285.17,0,Mobile,4G
CUST-100769,Delta,Mansoura,2021-08-22,Month-to-month,431.69,270.18,0.0,Cash,41,4.0,18824.88,0,Fiber Internet,5G
CUST-100770,Cairo,Nasr City,2021-08-23,One year,265.13,8.3,1.0,Bank transfer,41,4.0,10419.58,0,Mobile,3G
CUST-100771,Delta,Damanhour,2021-08-23,Month-to-month,467.85,190.03,0.0,Mobile wallet,41,5.0,19252.56,0,Bundle,5G
CUST-100772,Delta,Zagazig,2021-08-23,Two year,179.54,6.59,0.0,Cash,41,5.0,7601.68,0,Mobile,5G
CUST-100773,Upper Egypt,Assiut,2021-08-24,One year,177.45,8.83,4.0,Credit card,41,4.0,7519.26,1,Mobile,5G
CUST-100774,Cairo,Nasr City,2021-08-24,Month-to-month,186.66,7.25,2.0,Mobile wallet,41,4.0,8268.83,0,Mobile,4G
CUST-100775,Canal,Suez,2021-08-24,Month-to-month,183.38,7.52,0.0,Cash,41,5.0,7098.05,0,Mobile,4G
CUST-100776,Delta,Tanta,2021-08-24,Month-to-month,164.82,14.03,0.0,Mobile wallet,41,5.0,6579.77,0,Mobile,5G
CUST-100777,Cairo,Heliopolis,2021-08-24,One year,360.26,160.22,2.0,Cash,41,4.0,14765.32,0,DSL Internet,5G
CUST-100778,Upper Egypt,Sohag,2021-08-24,Two year,216.96,14.75,1.0,Bank transfer,41,4.0,8475.93,0,Mobile,5G
CUST-100779,Canal,Port Said,2021-08-25,Month-to-month,164.84,5.93,1.0,Mobile wallet,41,5.0,7049.08,1,Mobile,4G
CUST-100780,Cairo,Maadi,2021-08-25,Month-to-month,261.29,7.98,3.0,Bank transfer,41,3.0,10792.28,0,Mobile,4G
CUST-100781,Canal,Ismailia,2021-08-25,One year,196.16,9.68,0.0,Credit card,41,5.0,8439.86,0,Mobile,4G
CUST-100782,Alexandria,,2021-08-26,Month-to-month,601.92,196.67,2.0,Cash,41,4.0,24564.91,0,Bundle,4G
CUST-100783,Delta,Tanta,2021-08-26,One year,210.96,14.6,0.0,Credit card,41,5.0,8812.0,0,Mobile,5G
CUST-100784,Red Sea,Marsa Alam,2021-08-26,Month-to-month,313.37,127.47,0.0,Cash,41,4.0,12179.03,0,DSL Internet,4G
CUST-100785,Alexandria,Borg El Arab,2021-08-26,Month-to-month,423.67,296.16,2.0,Mobile wallet,41,4.0,16677.63,0,Fiber Internet,4G
CUST-100786,Upper Egypt,Assiut,2021-08-27,Month-to-month,356.28,87.69,4.0,Cash,41,3.0,14035.87,0,Fiber Internet,3G
CUST-100787,Alexandria,Sidi Gaber,2021-08-28,Two year,579.39,388.18,1.0,Cash,41,3.0,22186.47,0,Bundle,4G
CUST-100788,Upper Egypt,Assiut,2021-08-28,Month-to-month,168.36,9.7,0.0,Mobile wallet,41,5.0,7203.17,0,Mobile,4G
CUST-100789,Delta,Tanta,2021-08-28,Month-to-month,334.14,103.67,5.0,Cash,41,2.0,13725.54,0,Bundle,3G
CUST-100790,Cairo,Zamalek,2021-08-29,One year,675.29,344.23,1.0,Mobile wallet,41,3.0,28926.21,0,Fiber Internet,4G
CUST-100791,Alexandria,Sidi Gaber,2021-08-29,Two year,261.53,14.51,1.0,Mobile wallet,41,4.0,10699.35,0,Mobile,4G
CUST-100792,Alexandria,Sidi Gaber,2021-08-29,Month-to-month,772.08,314.03,1.0,Mobile wallet,41,4.0,33159.39,0,Bundle,5G
CUST-100793,Cairo,Maadi,2021-08-30,Month-to-month,301.34,17.86,1.0,Credit card,41,4.0,12856.43,0,Mobile,4G
CUST-100794,Cairo,Maadi,2021-08-30,One year,905.4,151.39,1.0,Credit card,41,5.0,37031.22,0,Bundle,3G
CUST-100795,Alexandria,Sidi Gaber,2021-08-30,Month-to-month,586.92,360.89,1.0,Credit card,41,5.0,24313.66,0,Bundle,5G
CUST-100796,Cairo,Maadi,2021-08-30,One year,332.74,14.4,1.0,Bank transfer,41,5.0,13868.05,0,Mobile,4G
CUST-100797,Cairo,Zamalek,2021-08-31,Month-to-month,198.31,13.58,0.0,Credit card,41,5.0,8513.43,0,Mobile,4G
CUST-100798,Upper Egypt,Assiut,2021-08-31,Month-to-month,174.39,80.82,0.0,Mobile wallet,41,4.0,7158.17,0,DSL Internet,4G
CUST-100799,Upper Egypt,Assiut,2021-08-31,Month-to-month,199.04,9.24,2.0,Mobile wallet,41,4.0,8297.13,0,Mobile,5G
CUST-100800,Upper Egypt,Minya,2021-08-31,One year,276.12,185.58,0.0,Mobile wallet,41,4.0,10680.19,0,DSL Internet,4G
CUST-100801,Alexandria,Montazah,2021-09-01,Month-to-month,155.32,15.12,0.0,Cash,41,4.0,6159.12,0,Mobile,5G
CUST-100802,Canal,Suez,2021-09-01,Month-to-month,157.93,,0.0,Cash,41,5.0,6300.76,0,Mobile,4G
CUST-100803,Delta,Mansoura,2021-09-01,Month-to-month,450.04,73.87,6.0,Cash,41,2.0,18417.3,1,Fiber Internet,3G
CUST-100804,Cairo,Zamalek,2021-09-01,One year,332.39,149.99,0.0,Mobile wallet,41,4.0,13277.2,0,DSL Internet,4G
CUST-100805,Cairo,Maadi,2021-09-02,Month-to-month,307.07,114.0,0.0,Credit card,41,5.0,12677.54,0,DSL Internet,5G
CUST-100806,Upper Egypt,Minya,2021-09-03,One year,519.45,265.58,0.0,Cash,41,4.0,21208.87,0,Fiber Internet,4G
CUST-100807,Cairo,Nasr City,2021-09-04,One year,331.92,19.04,0.0,Credit card,41,4.0,13643.07,0,Mobile,4G
CUST-100808,Delta,Mansoura,2021-09-04,Month-to-month,183.41,10.88,1.0,Credit card,41,5.0,7798.88,0,Mobile,5G
CUST-100809,Red Sea,Sharm El Sheikh,2021-09-05,Two year,260.04,9.33,1.0,Bank transfer,41,4.0,10757.12,0,Mobile,4G
CUST-100810,Cairo,Maadi,2021-09-05,Two year,309.23,6.28,0.0,Mobile wallet,41,4.0,12581.78,0,Mobile,3G
CUST-100811,Cairo,Zamalek,2021-09-05,Month-to-month,217.61,,0.0,Mobile wallet,41,5.0,9087.13,0,Mobile,5G
CUST-100812,Red Sea,Sharm El Sheikh,2021-09-06,Month-to-month,372.71,177.36,0.0,Credit card,41,5.0,16304.95,0,Fiber Internet,4G
CUST-100813,Delta,Tanta,2021-09-06,Month-to-month,115.36,7.37,0.0,Mobile wallet,41,4.0,4750.92,0,Mobile,4G
CUST-100814,Cairo,Nasr City,2021-09-06,Month-to-month,232.5,19.42,2.0,Credit card,41,5.0,9065.87,0,Mobile,5G
CUST-100815,Canal,Suez,2021-09-07,One year,341.15,89.48,0.0,Bank transfer,41,,13251.27,0,DSL Internet,4G
CUST-100816,Canal,Port Said,2021-09-07,Two year,226.49,13.6,1.0,Bank transfer,41,4.0,9181.95,0,Mobile,4G
CUST-100817,Delta,Mansoura,2021-09-07,Two year,729.62,196.87,0.0,Bank transfer,41,5.0,28549.82,0,Bundle,4G
CUST-100818,Delta,Zagazig,2021-09-07,Month-to-month,201.26,12.52,2.0,Mobile wallet,41,,7462.07,0,Mobile,4G
CUST-100819,Cairo,New Cairo,2021-09-08,Month-to-month,277.05,7.79,1.0,Credit card,41,5.0,11226.09,0,Mobile,4G
CUST-100820,Cairo,New Cairo,2021-09-08,Month-to-month,748.01,431.21,1.0,Credit card,41,4.0,31135.35,0,Bundle,4G
CUST-100821,Delta,Tanta,2021-09-08,One year,480.79,169.21,2.0,Credit card,41,4.0,20296.17,1,Fiber Internet,4G
CUST-100822,Cairo,Nasr City,2021-09-08,Month-to-month,337.46,75.06,3.0,Mobile wallet,41,3.0,13488.89,1,DSL Internet,3G
CUST-100823,Delta,Damanhour,2021-09-08,Two year,478.46,241.7,1.0,Cash,41,4.0,19859.95,0,Fiber Internet,4G
CUST-100824,Upper Egypt,Minya,2021-09-09,Two year,150.47,5.42,0.0,Mobile wallet,41,5.0,6296.51,0,Mobile,4G
CUST-100825,Cairo,Maadi,2021-09-09,Month-to-month,631.2,307.56,3.0,Mobile wallet,41,4.0,25964.93,0,Fiber Internet,4G
CUST-100826,Delta,Zagazig,2021-09-09,One year,1795.41,137.4,1.0,Cash,41,5.0,73611.81,0,Mobile,5G
CUST-100827,Cairo,Nasr City,2021-09-10,One year,570.69,111.93,5.0,Credit card,41,,24810.04,1,Fiber Internet,3G
CUST-100828,Canal,Port Said,2021-09-10,Two year,210.1,8.2,1.0,Credit card,41,4.0,8273.58,0,Mobile,4G
CUST-100829,Cairo,Zamalek,2021-09-10,Month-to-month,193.84,22.3,1.0,Mobile wallet,41,4.0,8079.82,0,Mobile,5G
CUST-100830,Delta,Tanta,2021-09-11,Month-to-month,177.97,6.29,1.0,Bank transfer,41,5.0,7069.13,0,Mobile,4G
CUST-100831,Delta,Tanta,2021-09-11,One year,306.62,175.91,1.0,Bank transfer,41,4.0,12628.19,0,DSL Internet,5G
CUST-100832,Alexandria,Sidi Gaber,2021-09-11,Month-to-month,186.57,7.65,1.0,Bank transfer,41,4.0,7774.66,0,Mobile,4G
CUST-100833,Delta,Mansoura,2021-09-12,One year,702.33,357.62,2.0,Bank transfer,41,4.0,28562.78,0,Bundle,4G
CUST-100834,Upper Egypt,Assiut,2021-09-13,Month-to-month,152.73,16.1,1.0,Mobile wallet,41,4.0,5957.97,0,Mobile,4G
CUST-100835,Delta,Damanhour,2021-09-13,One year,371.67,136.77,0.0,Bank transfer,41,4.0,15026.73,0,Fiber Internet,4G
CUST-100836,Upper Egypt,Sohag,2021-09-13,Two year,222.89,15.81,1.0,Credit card,41,5.0,9549.39,0,Mobile,5G
CUST-100837,Red Sea,Hurghada,2021-09-13,Month-to-month,333.34,55.39,2.0,Cash,41,4.0,12845.76,0,DSL Internet,3G
CUST-100838,Alexandria,Smouha,2021-09-15,Month-to-month,329.99,222.23,0.0,Mobile wallet,41,5.0,14412.2,0,DSL Internet,5G
CUST-100839,Delta,Tanta,2021-09-15,One year,517.66,280.41,3.0,Credit card,41,4.0,21304.6,0,Fiber Internet,5G
CUST-100840,Cairo,New Cairo,2021-09-15,Month-to-month,205.88,,2.0,Credit card,41,4.0,8682.41,0,Mobile,5G
CUST-100841,Upper Egypt,Sohag,2021-09-15,One year,238.72,43.68,2.0,Credit card,41,4.0,9374.88,0,DSL Internet,3G
CUST-100842,Delta,Damanhour,2021-09-15,One year,225.66,29.97,1.0,Credit card,41,5.0,9196.9,0,Mobile,5G
CUST-100843,Alexandria,Sidi Gaber,2021-09-15,Month-to-month,593.62,172.3,,Credit card,41,5.0,23690.04,0,Fiber Internet,5G
CUST-100844,Cairo,Zamalek,2021-09-16,Two year,403.05,79.52,3.0,Credit card,41,4.0,16720.26,0,DSL Internet,3G
CUST-100845,Canal,Port Said,2021-09-16,One year,194.62,13.74,0.0,Cash,41,5.0,7630.92,0,Mobile,5G
CUST-100846,Alexandria,Smouha,2021-09-17,One year,645.58,239.81,0.0,Cash,40,,25182.24,0,Fiber Internet,4G
CUST-100847,Upper Egypt,Assiut,2021-09-18,Month-to-month,212.83,,1.0,Cash,40,5.0,9217.23,0,DSL Internet,5G
CUST-100848,Cairo,New Cairo,2021-09-18,Month-to-month,244.79,6.25,1.0,Mobile wallet,40,,10044.97,0,Mobile,3G
CUST-100849,Red Sea,Marsa Alam,2021-09-18,Month-to-month,212.46,10.79,1.0,Mobile wallet,40,5.0,8627.51,0,Mobile,4G
CUST-100850,Cairo,Nasr City,2021-09-19,Two year,286.44,20.42,1.0,Mobile wallet,40,5.0,11624.27,0,Mobile,5G
CUST-100851,Cairo,Zamalek,2021-09-20,Two year,350.63,197.93,0.0,Cash,40,4.0,14843.51,0,DSL Internet,4G
CUST-100852,Canal,Port Said,2021-09-20,Two year,501.69,88.92,1.0,Mobile wallet,40,4.0,19966.02,0,Fiber Internet,4G
CUST-100853,Canal,Port Said,2021-09-20,Month-to-month,410.85,169.66,5.0,Mobile wallet,40,,16623.35,1,Fiber Internet,3G
CUST-100854,Cairo,Maadi,2021-09-20,One year,281.8,38.49,0.0,Cash,40,5.0,10207.89,0,Mobile,5G
CUST-100855,Alexandria,Borg El Arab,2021-09-21,Two year,247.3,3.66,4.0,Mobile wallet,40,3.0,9844.56,0,Mobile,3G
CUST-100856,Upper Egypt,Minya,2021-09-21,One year,197.58,9.75,3.0,Credit card,40,4.0,7805.51,0,Mobile,4G
CUST-100857,Canal,Port Said,2021-09-21,Month-to-month,171.13,13.11,0.0,Credit card,40,4.0,6701.63,0,Mobile,4G
CUST-100858,Alexandria,Smouha,2021-09-21,Two year,235.6,14.31,1.0,Bank transfer,40,4.0,9702.71,0,Mobile,4G
CUST-100859,Delta,Zagazig,2021-09-21,Month-to-month,194.6,15.72,0.0,Credit card,40,4.0,7742.11,0,Mobile,4G
CUST-100860,Upper Egypt,Assiut,2021-09-21,Month-to-month,416.08,199.93,3.0,Credit card,40,5.0,16536.16,0,Fiber Internet,4G
CUST-100861,Upper Egypt,Sohag,2021-09-21,Two year,358.33,126.92,0.0,Credit card,40,5.0,13883.63,0,Fiber Internet,5G
CUST-100862,Upper Egypt,Assiut,2021-09-22,One year,184.62,19.65,0.0,Bank transfer,40,5.0,7268.53,0,Mobile,5G
CUST-100863,Delta,Tanta,2021-09-22,Month-to-month,375.54,292.03,3.0,Cash,40,,13815.73,0,Fiber Internet,5G
CUST-100864,Cairo,New Cairo,2021-09-22,One year,290.13,28.3,1.0,Bank transfer,40,4.0,11458.74,0,Mobile,5G
CUST-100865,Canal,Ismailia,2021-09-22,Two year,280.68,11.24,2.0,Credit card,40,4.0,10591.68,0,Mobile,5G
CUST-100866,Canal,Suez,2021-09-23,Month-to-month,393.92,173.15,0.0,Bank transfer,40,5.0,16730.35,0,Bundle,5G
CUST-100867,Upper Egypt,Sohag,2021-09-23,One year,378.42,168.16,1.0,Bank transfer,40,5.0,15581.02,0,Fiber Internet,4G
CUST-100868,Cairo,Maadi,2021-09-25,Month-to-month,242.8,24.0,2.0,Mobile wallet,40,5.0,10066.68,0,Mobile,5G
CUST-100869,Cairo,Zamalek,2021-09-26,Month-to-month,234.63,9.66,2.0,Mobile wallet,40,4.0,8889.35,0,Mobile,3G
CUST-100870,Upper Egypt,Sohag,2021-09-26,Month-to-month,420.02,79.63,3.0,Credit card,40,3.0,17364.02,0,Fiber Internet,3G
CUST-100871,Cairo,Nasr City,2021-09-26,One year,262.13,10.36,3.0,Mobile wallet,40,3.0,10205.37,0,Mobile,4G
CUST-100872,Red Sea,Sharm El Sheikh,2021-09-27,Month-to-month,651.7,579.04,4.0,Credit card,40,3.0,25697.71,1,Bundle,4G
CUST-100873,Alexandria,Borg El Arab,2021-09-27,Month-to-month,415.71,151.4,0.0,Mobile wallet,40,5.0,16504.23,0,Fiber Internet,4G
CUST-100874,Upper Egypt,Sohag,2021-09-27,One year,149.9,9.7,1.0,Cash,40,4.0,5665.35,0,Mobile,4G
CUST-100875,Canal,Suez,2021-09-28,One year,446.67,164.1,2.0,Cash,40,4.0,17125.29,0,Fiber Internet,4G
CUST-100876,Alexandria,Smouha,2021-09-29,One year,490.81,335.63,2.0,Credit card,40,4.0,20150.15,0,Fiber Internet,5G
CUST-100877,Alexandria,Borg El Arab,2021-09-30,Two year,593.23,176.76,0.0,Mobile wallet,40,5.0,24324.78,0,Fiber Internet,4G
CUST-100878,Delta,Damanhour,2021-09-30,Month-to-month,548.51,168.64,1.0,Cash,40,4.0,20217.57,1,Bundle,4G
CUST-100879,Delta,Mansoura,2021-09-30,Month-to-month,512.54,268.26,1.0,Cash,40,5.0,21433.76,0,Bundle,5G
CUST-100880,Alexandria,Smouha,2021-09-30,One year,197.24,8.15,0.0,Credit card,40,5.0,7769.16,0,Mobile,4G
CUST-100881,Delta,Mansoura,2021-10-01,One year,180.75,11.95,2.0,Bank transfer,40,4.0,6859.22,0,Mobile,5G
CUST-100882,Canal,Ismailia,2021-10-04,Month-to-month,177.65,10.44,0.0,Credit card,40,5.0,6949.9,0,Mobile,4G
CUST-100883,Alexandria,Borg El Arab,2021-10-04,Month-to-month,432.67,178.22,2.0,Credit card,40,4.0,16368.47,0,Fiber Internet,3G
CUST-100884,Cairo,Nasr City,2021-10-05,Month-to-month,595.68,279.22,0.0,Mobile wallet,40,5.0,23135.83,0,Fiber Internet,5G
CUST-100885,Alexandria,Borg El Arab,2021-10-05,Month-to-month,241.94,4.53,0.0,Bank transfer,40,4.0,9492.46,0,Mobile,3G
CUST-100886,Alexandria,Smouha,2021-10-05,Two year,638.21,350.57,4.0,Credit card,40,4.0,26055.18,0,Bundle,5G
CUST-100887,Cairo,,2021-10-05,One year,297.21,9.9,1.0,Cash,40,4.0,12274.86,0,Mobile,4G
CUST-100888,Cairo,Maadi,2021-10-06,Month-to-month,369.64,74.41,1.0,,40,5.0,15414.31,0,DSL Internet,4G
CUST-100889,Upper Egypt,Qena,2021-10-06,One year,564.49,441.45,1.0,Cash,40,5.0,23289.67,0,Bundle,5G
CUST-100890,Alexandria,Sidi Gaber,2021-10-06,One year,272.08,12.31,1.0,Cash,40,,10054.63,0,Mobile,4G
CUST-100891,Red Sea,Hurghada,2021-10-06,Month-to-month,219.99,10.93,0.0,Cash,40,5.0,8291.02,0,Mobile,4G
CUST-100892,Cairo,Maadi,2021-10-08,Month-to-month,247.01,9.14,1.0,Mobile wallet,40,5.0,10314.3,0,Mobile,5G
CUST-100893,Cairo,New Cairo,2021-10-08,One year,820.19,132.62,2.0,Credit card,40,3.0,32195.91,0,Bundle,3G
CUST-100894,Upper Egypt,Sohag,2021-10-09,Month-to-month,161.44,5.45,0.0,Credit card,40,5.0,6421.8,0,Mobile,4G
CUST-100895,Canal,Ismailia,2021-10-09,One year,698.55,255.25,0.0,Cash,40,4.0,28649.02,0,Bundle,4G
CUST-100896,Cairo,Zamalek,2021-10-09,One year,609.06,243.09,0.0,Credit card,40,5.0,25619.93,0,Fiber Internet,4G
CUST-100897,Cairo,Heliopolis,2021-10-10,One year,642.09,252.19,2.0,Bank transfer,40,4.0,25512.34,1,Fiber Internet,4G
CUST-100898,Cairo,Zamalek,2021-10-10,Two year,786.05,228.36,0.0,Mobile wallet,40,5.0,30360.55,0,Bundle,4G
CUST-100899,Delta,Tanta,2021-10-10,Two year,453.99,147.16,0.0,Credit card,40,,17273.16,0,Fiber Internet,4G
CUST-100900,Alexandria,Smouha,2021-10-10,One year,299.18,98.91,1.0,Credit card,40,,11454.78,0,DSL Internet,4G
CUST-100901,Cairo,Nasr City,2021-10-10,Month-to-month,521.77,338.16,3.0,Bank transfer,40,4.0,21893.1,0,Fiber Internet,5G
CUST-100902,Cairo,Nasr City,2021-10-11,One year,293.64,,3.0,Bank transfer,40,3.0,12149.89,0,Mobile,3G
CUST-100903,Delta,Zagazig,2021-10-12,Two year,199.43,10.58,1.0,Mobile wallet,40,4.0,7991.88,0,Mobile,5G
CUST-100904,Red Sea,Sharm El Sheikh,2021-10-12,Two year,287.72,9.56,1.0,Credit card,40,5.0,10852.69,0,Mobile,4G
CUST-100905,Delta,Zagazig,2021-10-13,Two year,317.06,89.59,0.0,Mobile wallet,40,4.0,12806.5,1,DSL Internet,4G
CUST-100906,Delta,Damanhour,2021-10-13,Month-to-month,169.65,10.93,0.0,Credit card,40,5.0,6837.38,0,Mobile,5G
CUST-100907,Cairo,Nasr City,2021-10-14,One year,708.44,186.69,2.0,Mobile wallet,40,5.0,27468.63,0,Fiber Internet,4G
CUST-100908,Cairo,New Cairo,2021-10-15,Two year,303.24,11.34,0.0,Credit card,40,4.0,12103.3,0,Mobile,4G
CUST-100909,Cairo,New Cairo,2021-10-15,One year,605.55,488.57,2.0,Credit card,40,3.0,24713.21,0,Fiber Internet,5G
CUST-100910,Upper Egypt,Minya,2021-10-15,One year,253.39,123.85,2.0,Cash,40,4.0,9954.96,0,DSL Internet,5G
CUST-100911,Canal,Ismailia,2021-10-15,One year,500.44,140.33,1.0,Credit card,40,4.0,19187.91,0,Fiber Internet,4G
CUST-100912,Canal,Suez,2021-10-16,One year,528.14,155.5,1.0,Mobile wallet,40,4.0,21285.19,0,Bundle,5G
CUST-100913,Red Sea,Hurghada,2021-10-18,Month-to-month,200.84,16.86,1.0,Bank transfer,39,4.0,7911.72,0,Mobile,4G
CUST-100914,Red Sea,Hurghada,2021-10-19,Month-to-month,238.49,22.37,1.0,Credit card,39,4.0,8596.58,0,Mobile,5G
CUST-100915,Red Sea,Sharm El Sheikh,2021-10-20,Two year,491.51,218.85,1.0,Bank transfer,39,5.0,19113.67,0,Fiber Internet,4G
CUST-100916,Cairo,Heliopolis,2021-10-20,Two year,249.86,8.83,1.0,Cash,39,4.0,9416.15,0,Mobile,3G
CUST-100917,Cairo,Nasr City,2021-10-20,Two year,379.36,144.98,0.0,Bank transfer,39,5.0,15077.13,0,DSL Internet,4G
CUST-100918,Alexandria,Smouha,2021-10-20,Month-to-month,408.69,127.46,3.0,Credit card,39,3.0,14471.99,1,DSL Internet,4G
CUST-100919,Delta,Mansoura,2021-10-20,Month-to-month,195.74,9.54,1.0,Mobile wallet,39,5.0,7244.91,0,Mobile,5G
CUST-100920,Cairo,Zamalek,2021-10-24,Month-to-month,834.51,283.61,3.0,Bank transfer,39,3.0,29495.33,0,Bundle,3G
CUST-100921,Upper Egypt,Minya,2021-10-25,Two year,169.32,4.16,2.0,Cash,39,4.0,6713.08,0,Mobile,3G
CUST-100922,Delta,Zagazig,2021-10-26,One year,300.85,93.81,0.0,Cash,39,5.0,11029.71,0,DSL Internet,4G
CUST-100923,Delta,Mansoura,2021-10-26,Two year,163.63,8.51,1.0,Mobile wallet,39,4.0,6043.03,0,Mobile,4G
CUST-100924,Cairo,Nasr City,2021-10-26,Month-to-month,524.21,309.84,0.0,Bank transfer,39,5.0,20369.64,0,Fiber Internet,5G
CUST-100925,Cairo,Nasr City,2021-10-27,One year,276.51,14.44,0.0,Bank transfer,39,4.0,10715.15,0,Mobile,4G
CUST-100926,Cairo,Zamalek,2021-10-28,Two year,702.35,295.91,1.0,Cash,39,4.0,28089.49,0,Bundle,4G
CUST-100927,Canal,Port Said,2021-10-28,Month-to-month,626.92,110.14,1.0,Mobile wallet,39,5.0,25171.29,0,Bundle,3G
CUST-100928,Delta,Tanta,2021-10-28,Two year,525.73,212.28,0.0,Credit card,39,5.0,21430.4,0,Fiber Internet,4G
CUST-100929,Upper Egypt,Assiut,2021-10-29,One year,381.29,108.89,3.0,Cash,39,3.0,15830.72,0,Fiber Internet,3G
CUST-100930,Cairo,Maadi,2021-10-29,Month-to-month,488.3,237.79,2.0,Cash,39,5.0,19837.95,0,Fiber Internet,5G
CUST-100931,Alexandria,Borg El Arab,2021-10-31,Month-to-month,434.71,,5.0,Bank transfer,39,2.0,16738.73,1,Fiber Internet,3G
CUST-100932,Alexandria,Smouha,2021-10-31,Two year,539.56,309.14,0.0,Bank transfer,39,,21225.8,0,Fiber Internet,5G
CUST-100933,Upper Egypt,Qena,2021-11-03,One year,396.66,279.35,6.0,Mobile wallet,39,2.0,15444.87,1,Fiber Internet,4G
CUST-100934,Upper Egypt,Sohag,2021-11-03,One year,588.13,217.43,3.0,Cash,39,4.0,20542.37,1,Bundle,5G
CUST-100935,Cairo,Nasr City,2021-11-06,Two year,600.9,,3.0,Mobile wallet,39,5.0,23290.11,0,Fiber Internet,4G
CUST-100936,Canal,Port Said,2021-11-07,Month-to-month,231.64,4.52,1.0,Bank transfer,39,3.0,8373.62,0,Mobile,3G
CUST-100937,Cairo,Heliopolis,2021-11-07,Two year,1039.54,280.42,0.0,Bank transfer,39,5.0,39350.27,0,Bundle,4G
CUST-100938,Canal,Port Said,2021-11-07,Two year,232.96,14.14,0.0,Bank transfer,39,5.0,8549.08,0,Mobile,4G
CUST-100939,Cairo,Nasr City,2021-11-08,Month-to-month,224.23,9.8,0.0,Credit card,39,4.0,8881.0,0,Mobile,4G
CUST-100940,Cairo,Maadi,2021-11-08,One year,751.25,589.05,1.0,Mobile wallet,39,,30003.22,0,Bundle,4G
CUST-100941,Upper Egypt,,2021-11-09,Month-to-month,167.02,9.98,2.0,Credit card,39,4.0,6830.64,0,Mobile,4G
CUST-100942,Cairo,Zamalek,2021-11-09,Month-to-month,249.75,13.32,1.0,Bank transfer,39,5.0,9363.35,0,Mobile,5G
CUST-100943,Alexandria,Smouha,2021-11-10,Month-to-month,466.75,226.51,1.0,Cash,39,5.0,17724.31,0,Fiber Internet,4G
CUST-100944,Alexandria,Montazah,2021-11-12,Two year,714.89,243.08,4.0,Bank transfer,39,1.0,29088.26,0,Bundle,4G
CUST-100945,Cairo,New Cairo,2021-11-12,Month-to-month,245.51,14.36,2.0,Bank transfer,39,4.0,9378.79,0,Mobile,4G
CUST-100946,Upper Egypt,Qena,2021-11-13,Month-to-month,377.65,152.89,2.0,Cash,39,4.0,14304.96,0,Fiber Internet,4G
CUST-100947,Canal,Suez,2021-11-15,One year,196.13,10.8,0.0,Credit card,39,4.0,7867.09,0,Mobile,4G
CUST-100948,Canal,Port Said,2021-11-16,Month-to-month,453.9,201.71,2.0,Cash,39,4.0,18069.32,0,Fiber Internet,4G
CUST-100949,Alexandria,Montazah,2021-11-16,Two year,223.11,,0.0,Credit card,39,5.0,9034.42,0,Mobile,4G
CUST-100950,Delta,Mansoura,2021-11-17,Two year,191.45,18.62,0.0,Bank transfer,38,5.0,7415.46,0,Mobile,5G
CUST-100951,Cairo,Nasr City,2021-11-18,Month-to-month,729.86,154.18,1.0,Mobile wallet,38,4.0,27297.42,0,Bundle,4G
CUST-100952,Cairo,New Cairo,2021-11-18,Month-to-month,506.83,116.27,1.0,Bank transfer,38,,20318.24,0,Fiber Internet,3G
CUST-100953,Cairo,Maadi,2021-11-20,Two year,778.97,325.66,0.0,Mobile wallet,38,5.0,30646.65,0,Bundle,5G
CUST-100954,Canal,Suez,2021-11-21,Month-to-month,677.52,167.73,0.0,Credit card,38,4.0,25728.1,0,Bundle,4G
CUST-100955,Canal,Ismailia,2021-11-21,Month-to-month,566.03,172.39,,Mobile wallet,38,5.0,22271.63,0,Bundle,4G
CUST-100956,Upper Egypt,Minya,2021-11-22,Two year,338.63,94.91,0.0,Credit card,38,5.0,12861.07,0,DSL Internet,4G
CUST-100957,Delta,Zagazig,2021-11-24,Two year,229.46,14.41,0.0,Cash,38,5.0,8396.05,0,Mobile,5G
CUST-100958,Delta,Zagazig,2021-11-25,One year,552.83,241.24,1.0,Mobile wallet,38,,21100.55,0,Bundle,4G
CUST-100959,Delta,Damanhour,2021-11-25,One year,534.12,363.39,2.0,Mobile wallet,38,4.0,21860.46,0,Fiber Internet,5G
CUST-100960,Delta,Damanhour,2021-11-26,Two year,192.41,8.34,1.0,Credit card,38,5.0,7616.17,0,Mobile,4G
CUST-100961,Alexandria,Smouha,2021-11-26,One year,285.27,28.98,0.0,Mobile wallet,38,4.0,11020.61,0,Mobile,5G
CUST-100962,Cairo,Nasr City,2021-11-27,One year,267.09,10.61,0.0,Mobile wallet,38,5.0,9785.41,0,Mobile,4G
CUST-100963,Cairo,Nasr City,2021-11-28,Two year,691.31,206.32,2.0,Bank transfer,38,4.0,25026.92,0,Fiber Internet,5G
CUST-100964,Red Sea,Sharm El Sheikh,2021-11-29,One year,360.6,107.71,1.0,Mobile wallet,38,,13568.84,0,DSL Internet,4G
CUST-100965,Delta,Tanta,2021-12-01,One year,480.19,290.74,2.0,Credit card,38,5.0,17803.83,0,Fiber Internet,5G
CUST-100966,Red Sea,Marsa Alam,2021-12-02,Month-to-month,218.27,3.86,1.0,Credit card,38,3.0,8300.14,0,Mobile,4G
CUST-100967,Cairo,Maadi,2021-12-03,One year,228.23,22.14,1.0,Mobile wallet,38,5.0,8725.08,0,Mobile,5G
CUST-100968,Delta,Mansoura,2021-12-03,One year,646.19,342.3,1.0,Credit card,38,,23157.97,0,Bundle,5G
CUST-100969,Cairo,New Cairo,2021-12-04,Month-to-month,266.02,8.37,0.0,Credit card,38,4.0,9769.93,0,Mobile,4G
CUST-100970,Cairo,Maadi,2021-12-04,Month-to-month,462.96,144.47,3.0,Mobile wallet,38,4.0,17342.98,0,Fiber Internet,4G
CUST-100971,Cairo,New Cairo,2021-12-05,Two year,479.82,183.33,1.0,Mobile wallet,38,4.0,18551.34,0,DSL Internet,4G
CUST-100972,Cairo,Zamalek,2021-12-05,Month-to-month,787.4,527.91,0.0,Credit card,38,4.0,30488.09,0,Bundle,5G
CUST-100973,Canal,Port Said,2021-12-06,Month-to-month,421.92,215.53,0.0,Credit card,38,3.0,14965.74,1,Fiber Internet,5G
CUST-100974,Alexandria,Borg El Arab,2021-12-06,Month-to-month,450.94,125.98,1.0,Bank transfer,38,4.0,16296.24,0,Fiber Internet,4G
CUST-100975,Delta,Mansoura,2021-12-07,Month-to-month,223.59,10.89,0.0,Mobile wallet,38,4.0,8174.73,0,Mobile,4G
CUST-100976,Alexandria,Montazah,2021-12-07,Two year,845.33,177.39,1.0,Bank transfer,38,4.0,33145.98,0,Bundle,3G
CUST-100977,Alexandria,Sidi Gaber,2021-12-08,Month-to-month,550.31,257.67,1.0,Mobile wallet,38,5.0,20515.47,0,Fiber Internet,4G
CUST-100978,Delta,Zagazig,2021-12-08,Month-to-month,251.48,78.38,1.0,Mobile wallet,38,4.0,9596.91,0,DSL Internet,4G
CUST-100979,Cairo,Zamalek,2021-12-08,Two year,296.74,17.85,0.0,Cash,38,4.0,11464.24,0,Mobile,5G
CUST-100980,Red Sea,Sharm El Sheikh,2021-12-14,Month-to-month,548.77,120.1,,Bank transfer,38,2.0,21301.51,1,Fiber Internet,3G
CUST-100981,Upper Egypt,Sohag,2021-12-15,Month-to-month,156.77,,2.0,Credit card,38,4.0,5666.42,0,Mobile,5G
CUST-100982,Upper Egypt,Qena,2021-12-15,Two year,447.54,406.58,3.0,Bank transfer,38,5.0,17831.58,0,Fiber Internet,5G
CUST-100983,Alexandria,Montazah,2021-12-16,One year,375.25,198.53,,Credit card,38,5.0,14589.14,0,DSL Internet,4G
CUST-100984,Cairo,New Cairo,2021-12-16,One year,452.71,207.02,,Bank transfer,38,2.0,18350.51,0,DSL Internet,4G
CUST-100985,Canal,Suez,2021-12-16,Two year,218.63,17.77,1.0,,38,4.0,8774.91,0,Mobile,4G
CUST-100986,Alexandria,Borg El Arab,2021-12-16,Two year,624.79,321.89,1.0,Bank transfer,38,5.0,23846.17,0,Bundle,4G
CUST-100987,Cairo,Maadi,2021-12-17,Month-to-month,284.91,15.08,0.0,Credit card,37,5.0,9949.75,1,Mobile,5G
CUST-100988,Alexandria,Sidi Gaber,2021-12-17,Two year,686.7,402.28,2.0,Mobile wallet,37,3.0,26079.63,0,Fiber Internet,4G
CUST-100989,Upper Egypt,Qena,2021-12-18,One year,186.53,,,Cash,37,4.0,6592.57,0,Mobile,3G
CUST-100990,Delta,Tanta,2021-12-18,Month-to-month,221.92,30.71,1.0,Credit card,37,5.0,8282.06,0,Mobile,5G
CUST-100991,Upper Egypt,,2021-12-18,Two year,613.42,175.01,1.0,Mobile wallet,37,4.0,22021.26,0,Bundle,4G
CUST-100992,Upper Egypt,Qena,2021-12-18,Month-to-month,141.45,9.92,0.0,Cash,37,4.0,5183.15,0,Mobile,4G
CUST-100993,Cairo,New Cairo,2021-12-19,Two year,714.15,583.29,1.0,Bank transfer,37,5.0,24117.58,0,Bundle,5G
CUST-100994,Canal,Suez,2021-12-19,One year,175.48,5.58,2.0,Mobile wallet,37,,6470.92,0,Mobile,3G
CUST-100995,Alexandria,Sidi Gaber,2021-12-19,One year,328.12,33.24,3.0,Bank transfer,37,2.0,12198.75,0,DSL Internet,3G
CUST-100996,Delta,Mansoura,2021-12-19,Month-to-month,169.07,6.48,2.0,Bank transfer,37,,6122.31,0,Mobile,4G
CUST-100997,Cairo,Nasr City,2021-12-20,Two year,597.17,256.3,2.0,Bank transfer,37,4.0,22020.77,0,Fiber Internet,4G
CUST-100998,Red Sea,Sharm El Sheikh,2021-12-20,One year,762.82,330.52,4.0,Credit card,37,2.0,26270.85,1,Bundle,4G
CUST-100999,Cairo,Maadi,2021-12-20,Month-to-month,608.84,320.79,1.0,Mobile wallet,37,4.0,23229.52,0,Fiber Internet,5G
CUST-101000,Cairo,New Cairo,2021-12-20,Month-to-month,218.06,10.53,0.0,Cash,37,4.0,8076.26,0,Mobile,4G
CUST-101001,Alexandria,Smouha,2021-12-21,One year,297.43,67.18,0.0,Bank transfer,37,5.0,11990.28,0,DSL Internet,4G
CUST-101002,Cairo,Zamalek,2021-12-21,Month-to-month,317.88,102.42,3.0,Mobile wallet,37,3.0,11899.06,0,DSL Internet,3G
CUST-101003,Cairo,Heliopolis,2021-12-21,One year,290.52,11.23,1.0,Credit card,37,4.0,10913.69,0,Mobile,4G
CUST-101004,Delta,Zagazig,2021-12-21,One year,459.92,352.38,2.0,Credit card,37,4.0,16697.57,0,Fiber Internet,5G
CUST-101005,Alexandria,Smouha,2021-12-22,Month-to-month,496.72,447.21,0.0,Mobile wallet,37,5.0,19255.06,0,Fiber Internet,5G
CUST-101006,Canal,Ismailia,2021-12-22,One year,367.86,124.19,0.0,Credit card,37,5.0,13377.6,0,DSL Internet,5G
CUST-101007,Alexandria,Montazah,2021-12-24,Month-to-month,281.33,12.78,3.0,Cash,37,4.0,11128.99,0,Mobile,4G
CUST-101008,Upper Egypt,Sohag,2021-12-24,Two year,204.86,10.71,1.0,Bank transfer,37,4.0,8095.18,0,Mobile,4G
CUST-101009,Alexandria,Borg El Arab,2021-12-25,Two year,806.41,381.09,1.0,Cash,37,4.0,29225.79,0,Bundle,5G
CUST-101010,Delta,Zagazig,2021-12-26,Month-to-month,355.27,,0.0,Bank transfer,37,5.0,12648.04,1,Fiber Internet,5G
CUST-101011,Delta,Tanta,2021-12-27,One year,486.38,236.76,4.0,Bank transfer,37,3.0,17473.77,0,Fiber Internet,5G
CUST-101012,Alexandria,Smouha,2021-12-28,One year,712.0,264.6,2.0,Mobile wallet,37,3.0,24935.35,0,Bundle,4G
CUST-101013,Red Sea,Hurghada,2021-12-29,Two year,295.99,6.27,1.0,Mobile wallet,37,4.0,11080.31,0,Mobile,3G
CUST-101014,Alexandria,Sidi Gaber,2021-12-29,Month-to-month,194.94,10.52,0.0,Credit card,37,4.0,7214.09,0,Mobile,3G
CUST-101015,Cairo,Heliopolis,2021-12-29,One year,384.55,56.33,4.0,Cash,37,2.0,14604.71,0,DSL Internet,3G
CUST-101016,Delta,Damanhour,2021-12-29,Two year,330.6,140.54,2.0,Bank transfer,37,4.0,12207.66,0,DSL Internet,4G
CUST-101017,Upper Egypt,Qena,2021-12-30,Month-to-month,622.23,223.31,3.0,Credit card,37,3.0,23181.83,1,Bundle,3G
CUST-101018,Cairo,Nasr City,2021-12-30,One year,728.48,200.93,5.0,Bank transfer,37,2.0,26175.11,1,Fiber Internet,4G
CUST-101019,Alexandria,Montazah,2021-12-30,Month-to-month,239.21,11.3,1.0,Mobile wallet,37,4.0,8781.74,0,Mobile,4G
CUST-101020,Canal,Ismailia,2021-12-30,One year,231.92,7.99,0.0,Mobile wallet,37,4.0,8611.01,0,Mobile,4G
CUST-101021,Upper Egypt,Assiut,2021-12-30,Month-to-month,151.42,4.36,0.0,Cash,37,5.0,5616.81,1,Mobile,4G
CUST-101022,Red Sea,Sharm El Sheikh,2022-01-01,Two year,903.08,242.9,2.0,Mobile wallet,37,,32919.96,0,Bundle,4G
CUST-101023,Delta,Zagazig,2022-01-01,Month-to-month,161.91,7.04,0.0,Credit card,37,4.0,6208.32,0,Mobile,4G
CUST-101024,Delta,Mansoura,2022-01-02,Month-to-month,408.68,219.67,1.0,Bank transfer,37,4.0,14675.32,0,Fiber Internet,5G
CUST-101025,Alexandria,Sidi Gaber,2022-01-03,Two year,298.15,11.71,0.0,Credit card,37,4.0,10892.95,0,Mobile,4G
CUST-101026,Canal,Port Said,2022-01-04,Two year,241.82,16.08,2.0,Mobile wallet,37,5.0,8279.78,0,Mobile,5G
CUST-101027,Alexandria,Sidi Gaber,2022-01-04,One year,233.73,7.55,1.0,Credit card,37,3.0,8529.96,0,Mobile,4G
CUST-101028,Upper Egypt,Sohag,2022-01-05,One year,432.82,204.28,1.0,Mobile wallet,37,3.0,15295.7,0,Fiber Internet,4G
CUST-101029,Alexandria,Smouha,2022-01-05,Month-to-month,202.9,14.08,1.0,Mobile wallet,37,5.0,7673.72,0,Mobile,4G
CUST-101030,Delta,Mansoura,2022-01-06,One year,445.42,405.1,1.0,Cash,37,5.0,16816.09,0,Bundle,5G
CUST-101031,Upper Egypt,Qena,2022-01-06,Month-to-month,417.03,240.04,0.0,Credit card,37,5.0,16181.07,0,Bundle,5G
CUST-101032,Delta,Zagazig,2022-01-06,Month-to-month,194.42,12.42,0.0,Credit card,37,4.0,7671.65,0,Mobile,4G
CUST-101033,Canal,Suez,2022-01-06,Two year,619.02,278.95,3.0,Cash,37,4.0,22754.56,0,Bundle,5G
CUST-101034,Alexandria,Sidi Gaber,2022-01-06,One year,223.85,13.71,1.0,Mobile wallet,37,4.0,8038.0,0,Mobile,5G
CUST-101035,Delta,Mansoura,2022-01-07,Month-to-month,151.26,13.02,2.0,Bank transfer,37,,5701.64,0,Mobile,5G
CUST-101036,Alexandria,Sidi Gaber,2022-01-07,Month-to-month,186.22,4.58,2.0,Mobile wallet,37,4.0,6783.19,0,Mobile,3G
CUST-101037,Alexandria,Smouha,2022-01-08,Two year,349.6,44.0,1.0,Cash,37,4.0,12622.26,0,DSL Internet,3G
CUST-101038,Alexandria,Montazah,2022-01-08,Month-to-month,536.84,397.94,2.0,Bank transfer,37,4.0,19849.49,0,Fiber Internet,5G
CUST-101039,Cairo,Heliopolis,2022-01-09,Month-to-month,269.06,13.49,1.0,Cash,37,5.0,9720.84,0,Mobile,5G
CUST-101040,Cairo,Zamalek,2022-01-09,Month-to-month,306.7,132.3,1.0,Credit card,37,5.0,12282.74,0,DSL Internet,5G
CUST-101041,Delta,Tanta,2022-01-10,Month-to-month,270.33,,0.0,Cash,37,4.0,9896.69,0,DSL Internet,4G
CUST-101042,Delta,Tanta,2022-01-10,Month-to-month,211.79,140.19,1.0,Credit card,37,4.0,7826.61,0,DSL Internet,5G
CUST-101043,Delta,Mansoura,2022-01-10,Two year,498.72,310.32,2.0,Bank transfer,37,4.0,19050.1,0,Fiber Internet,5G
CUST-101044,Cairo,Maadi,2022-01-11,Month-to-month,381.1,115.85,1.0,Credit card,37,4.0,15335.91,0,DSL Internet,5G
CUST-101045,Alexandria,Sidi Gaber,2022-01-12,One year,525.11,215.27,1.0,Cash,37,5.0,19253.82,0,Fiber Internet,5G
CUST-101046,Cairo,Heliopolis,2022-01-12,One year,303.84,14.63,1.0,Cash,37,3.0,10400.26,0,Mobile,4G
CUST-101047,Upper Egypt,Minya,2022-01-12,One year,283.96,177.0,1.0,Bank transfer,37,3.0,10474.34,0,DSL Internet,5G
CUST-101048,Canal,Suez,2022-01-12,One year,218.54,11.12,1.0,Bank transfer,37,4.0,7534.21,0,Mobile,4G
CUST-101049,Cairo,Maadi,2022-01-12,One year,362.61,104.02,0.0,Bank transfer,37,,13139.52,0,DSL Internet,4G
CUST-101050,Delta,Damanhour,2022-01-13,One year,431.9,157.67,0.0,Credit card,37,5.0,16937.53,0,Fiber Internet,4G
CUST-101051,Cairo,New Cairo,2022-01-14,One year,210.28,15.52,0.0,Cash,37,5.0,7530.95,0,Mobile,5G
CUST-101052,Cairo,New Cairo,2022-01-14,Two year,230.16,7.34,0.0,,37,5.0,8159.61,0,Mobile,4G
CUST-101053,Cairo,Maadi,2022-01-14,One year,423.25,137.34,1.0,Cash,37,4.0,16197.81,0,DSL Internet,4G
CUST-101054,Cairo,Nasr City,2022-01-14,Two year,1030.45,222.26,1.0,Cash,37,3.0,37794.06,0,Bundle,4G
CUST-101055,Delta,Mansoura,2022-01-14,Month-to-month,481.23,209.2,2.0,Credit card,37,4.0,18667.23,0,Bundle,5G
CUST-101056,Canal,Suez,2022-01-15,One year,498.8,214.17,1.0,Mobile wallet,37,4.0,18249.47,0,Fiber Internet,4G
CUST-101057,Cairo,,2022-01-16,One year,206.35,11.8,0.0,Cash,36,3.0,7620.32,0,Mobile,4G
CUST-101058,Delta,Damanhour,2022-01-16,Month-to-month,157.12,4.99,3.0,Cash,36,3.0,5159.9,1,Mobile,3G
CUST-101059,Upper Egypt,Qena,2022-01-16,Two year,282.4,72.05,1.0,Mobile wallet,36,4.0,9786.24,0,DSL Internet,4G
CUST-101060,Red Sea,Marsa Alam,2022-01-16,Month-to-month,209.8,5.72,2.0,Credit card,36,4.0,7496.98,0,Mobile,4G
CUST-101061,Delta,Tanta,2022-01-16,Month-to-month,195.2,112.42,0.0,Credit card,36,5.0,6913.68,0,DSL Internet,5G
CUST-101062,Cairo,Heliopolis,2022-01-17,Two year,338.6,7.92,1.0,Cash,36,4.0,13407.65,0,Mobile,4G
CUST-101063,Delta,Damanhour,2022-01-17,Month-to-month,178.82,6.54,2.0,Bank transfer,36,3.0,6699.12,0,Mobile,3G
CUST-101064,Alexandria,Borg El Arab,2022-01-18,Month-to-month,410.47,185.69,0.0,Mobile wallet,36,4.0,15361.72,0,Fiber Internet,5G
CUST-101065,Red Sea,Sharm El Sheikh,2022-01-18,Month-to-month,533.66,228.84,0.0,Mobile wallet,36,5.0,19080.53,0,Fiber Internet,3G
CUST-101066,Alexandria,Borg El Arab,2022-01-18,Two year,559.1,90.63,3.0,Bank transfer,36,3.0,18478.13,1,Fiber Internet,3G
CUST-101067,Upper Egypt,Sohag,2022-01-18,Month-to-month,169.21,9.9,0.0,Credit card,36,5.0,6499.27,0,Mobile,4G
CUST-101068,Cairo,Heliopolis,2022-01-19,One year,358.22,52.43,2.0,Bank transfer,36,3.0,12059.85,0,DSL Internet,3G
CUST-101069,Alexandria,Borg El Arab,2022-01-19,Two year,588.13,216.63,1.0,Cash,36,4.0,20706.7,0,Fiber Internet,4G
CUST-101070,Canal,Ismailia,2022-01-19,One year,343.61,176.94,29.0,Bank transfer,36,4.0,12653.68,0,DSL Internet,5G
CUST-101071,Delta,Damanhour,2022-01-19,Two year,410.25,332.34,5.0,Credit card,36,3.0,16309.96,0,Fiber Internet,5G
CUST-101072,Alexandria,Sidi Gaber,2022-01-19,Two year,220.34,20.41,0.0,Cash,36,5.0,8484.47,0,Mobile,5G
CUST-101073,Canal,Suez,2022-01-20,Month-to-month,496.13,251.58,2.0,Mobile wallet,36,3.0,17797.23,1,Fiber Internet,4G
CUST-101074,Canal,Suez,2022-01-20,Two year,489.57,150.46,4.0,Mobile wallet,36,3.0,19139.59,0,Fiber Internet,3G
CUST-101075,Alexandria,Montazah,2022-01-20,One year,524.1,253.33,1.0,Cash,36,5.0,18494.95,0,Fiber Internet,5G
CUST-101076,Delta,Tanta,2022-01-20,Month-to-month,394.26,209.21,2.0,Bank transfer,36,4.0,14047.94,1,Fiber Internet,4G
CUST-101077,Delta,Tanta,2022-01-22,Month-to-month,170.43,4.3,0.0,Cash,36,5.0,6493.57,0,Mobile,3G
CUST-101078,Delta,Zagazig,2022-01-22,One year,579.2,302.81,1.0,Cash,36,5.0,19134.74,1,Bundle,4G
CUST-101079,Alexandria,Smouha,2022-01-22,Month-to-month,171.79,9.02,2.0,Bank transfer,36,3.0,6103.12,1,Mobile,4G
CUST-101080,Cairo,Nasr City,2022-01-22,One year,274.95,8.02,2.0,Bank transfer,36,4.0,10073.33,0,Mobile,3G
CUST-101081,Canal,Port Said,2022-01-22,Month-to-month,315.16,118.63,0.0,Bank transfer,36,5.0,11532.19,0,DSL Internet,4G
CUST-101082,Canal,Ismailia,2022-01-22,One year,207.03,12.47,1.0,Mobile wallet,36,4.0,7142.02,0,Mobile,4G
CUST-101083,Upper Egypt,Minya,2022-01-23,Month-to-month,560.66,172.8,0.0,Mobile wallet,36,5.0,20535.86,0,Bundle,4G
CUST-101084,Red Sea,Hurghada,2022-01-24,Two year,579.35,77.38,4.0,Mobile wallet,36,3.0,21102.28,0,Fiber Internet,3G
CUST-101085,Upper Egypt,Minya,2022-01-24,Month-to-month,148.94,10.61,1.0,Cash,36,4.0,5243.96,0,Mobile,4G
CUST-101086,Upper Egypt,Sohag,2022-01-24,Month-to-month,168.98,12.89,2.0,Bank transfer,36,4.0,6098.85,1,Mobile,4G
CUST-101087,Upper Egypt,Minya,2022-01-24,Month-to-month,169.32,8.33,1.0,Cash,36,4.0,6424.83,0,Mobile,4G
CUST-101088,Delta,Mansoura,2022-01-24,One year,196.0,12.18,1.0,Mobile wallet,36,4.0,6857.53,0,Mobile,4G
CUST-101089,Alexandria,Montazah,2022-01-25,One year,247.0,6.89,0.0,Mobile wallet,36,4.0,9068.13,0,Mobile,4G
CUST-101090,Cairo,Heliopolis,2022-01-25,One year,216.05,8.49,0.0,Credit card,36,,8207.39,0,Mobile,4G
CUST-101091,Delta,Tanta,2022-01-25,Month-to-month,172.86,8.97,1.0,Mobile wallet,36,5.0,6571.27,0,Mobile,4G
CUST-101092,Cairo,Nasr City,2022-01-25,Two year,726.76,86.35,2.0,Mobile wallet,36,3.0,25279.01,1,Fiber Internet,3G
CUST-101093,Cairo,New Cairo,2022-01-25,Month-to-month,264.11,7.44,1.0,Credit card,36,,9915.71,0,Mobile,4G
CUST-101094,Delta,Zagazig,2022-01-26,Month-to-month,199.53,14.71,1.0,Cash,36,5.0,6915.7,1,Mobile,5G
CUST-101095,Alexandria,Montazah,2022-01-26,One year,257.15,9.63,1.0,Bank transfer,36,4.0,9560.16,0,Mobile,4G
CUST-101096,Cairo,Zamalek,2022-01-26,One year,246.89,10.12,1.0,Bank transfer,36,3.0,8625.29,0,Mobile,4G
CUST-101097,Upper Egypt,Minya,2022-01-27,One year,137.99,6.61,1.0,Cash,36,5.0,4665.27,0,Mobile,4G
CUST-101098,Canal,Suez,2022-01-27,Month-to-month,185.26,9.06,0.0,Bank transfer,36,5.0,6811.49,0,Mobile,5G
CUST-101099,Cairo,Heliopolis,2022-01-27,Month-to-month,254.16,10.73,1.0,Mobile wallet,36,,9471.71,0,Mobile,4G
CUST-101100,Cairo,New Cairo,2022-01-27,One year,891.1,439.77,2.0,Mobile wallet,36,4.0,32985.85,0,Bundle,5G
CUST-101101,Alexandria,Sidi Gaber,2022-01-27,Month-to-month,191.35,,0.0,Credit card,36,4.0,6663.4,0,Mobile,4G
CUST-101102,Upper Egypt,Qena,2022-01-27,Month-to-month,140.23,6.5,3.0,Bank transfer,36,3.0,4422.54,1,Mobile,4G
CUST-101103,Upper Egypt,Assiut,2022-01-27,Two year,391.45,161.17,2.0,Credit card,36,3.0,14584.61,0,Fiber Internet,4G
CUST-101104,Cairo,Maadi,2022-01-28,One year,562.62,282.46,4.0,Credit card,36,3.0,21436.12,0,Fiber Internet,4G
CUST-101105,Upper Egypt,Sohag,2022-01-28,Month-to-month,120.85,6.62,0.0,Mobile wallet,36,4.0,4020.87,0,Mobile,4G
CUST-101106,Cairo,Zamalek,2022-01-28,Month-to-month,315.84,61.08,0.0,Credit card,36,5.0,11231.32,0,DSL Internet,4G
CUST-101107,Alexandria,Smouha,2022-01-29,One year,329.97,78.46,1.0,,36,,11433.97,0,DSL Internet,4G
CUST-101108,Red Sea,Hurghada,2022-01-29,Month-to-month,690.99,337.07,0.0,Bank transfer,36,,25120.54,0,Bundle,4G
CUST-101109,Cairo,Zamalek,2022-01-29,Month-to-month,698.97,303.29,1.0,Bank transfer,36,4.0,26508.36,0,Bundle,5G
CUST-101110,Cairo,Maadi,2022-01-30,Month-to-month,498.67,286.62,1.0,Cash,36,4.0,17784.83,0,Fiber Internet,5G
CUST-101111,Alexandria,Borg El Arab,2022-01-30,One year,303.51,188.61,0.0,Mobile wallet,36,4.0,10705.12,0,DSL Internet,4G
CUST-101112,Delta,Damanhour,2022-01-30,One year,184.56,16.05,1.0,Mobile wallet,36,5.0,6748.07,0,Mobile,5G
CUST-101113,Canal,Suez,2022-01-31,Month-to-month,651.14,186.09,0.0,Mobile wallet,36,5.0,21449.46,0,Bundle,5G
CUST-101114,Red Sea,Sharm El Sheikh,2022-01-31,Month-to-month,524.86,470.6,2.0,Cash,36,3.0,18985.7,1,Fiber Internet,5G
CUST-101115,Cairo,Maadi,2022-01-31,One year,366.28,22.44,0.0,Credit card,36,5.0,13743.98,0,Mobile,5G
CUST-101116,Cairo,Maadi,2022-01-31,One year,248.25,12.59,1.0,Credit card,36,4.0,8938.67,0,Mobile,4G
CUST-101117,Upper Egypt,Minya,2022-01-31,One year,437.24,294.1,2.0,Cash,36,4.0,15463.74,0,Fiber Internet,5G
CUST-101118,Cairo,Maadi,2022-02-01,Month-to-month,525.67,277.01,5.0,Credit card,36,2.0,18710.98,0,Fiber Internet,4G
CUST-101119,Canal,Suez,2022-02-01,One year,292.76,146.14,1.0,Mobile wallet,36,4.0,10422.42,0,DSL Internet,5G
CUST-101120,Delta,Tanta,2022-02-01,Two year,255.28,7.37,1.0,Mobile wallet,36,4.0,9168.95,0,Mobile,4G
CUST-101121,Cairo,New Cairo,2022-02-02,One year,423.38,,0.0,Mobile wallet,36,,14290.32,0,DSL Internet,4G
CUST-101122,Upper Egypt,Sohag,2022-02-02,Month-to-month,123.82,4.58,1.0,Cash,36,4.0,4531.32,0,Mobile,4G
CUST-101123,Cairo,Maadi,2022-02-02,One year,524.93,362.87,2.0,Cash,36,3.0,18619.88,0,Fiber Internet,4G
CUST-101124,Alexandria,Montazah,2022-02-02,Month-to-month,201.77,8.75,1.0,Credit card,36,5.0,7269.71,0,Mobile,4G
CUST-101125,Delta,Mansoura,2022-02-02,Month-to-month,167.88,12.24,1.0,Mobile wallet,36,4.0,5903.95,0,Mobile,5G
CUST-101126,Delta,Tanta,2022-02-03,Month-to-month,337.6,69.37,5.0,,36,2.0,11996.0,1,Fiber Internet,3G
CUST-101127,Upper Egypt,Assiut,2022-02-03,Two year,191.96,5.73,4.0,Bank transfer,36,4.0,7278.03,0,Mobile,3G
CUST-101128,Delta,Damanhour,2022-02-04,Month-to-month,136.03,8.48,0.0,Cash,36,4.0,4937.95,0,Mobile,4G
CUST-101129,Red Sea,Marsa Alam,2022-02-04,Two year,389.42,102.83,0.0,Bank transfer,36,4.0,13101.26,0,DSL Internet,4G
CUST-101130,Red Sea,Marsa Alam,2022-02-04,One year,272.24,13.77,1.0,Credit card,36,4.0,9802.33,0,Mobile,4G
CUST-101131,Delta,Mansoura,2022-02-04,One year,319.93,162.54,2.0,Cash,36,4.0,11614.13,0,DSL Internet,5G
CUST-101132,Cairo,Zamalek,2022-02-05,Month-to-month,332.72,159.07,0.0,Cash,36,5.0,11951.72,0,DSL Internet,5G
CUST-101133,Upper Egypt,Minya,2022-02-05,One year,212.12,8.06,1.0,Credit card,36,3.0,7402.35,0,Mobile,4G
CUST-101134,Red Sea,Marsa Alam,2022-02-05,Month-to-month,730.07,530.38,0.0,Mobile wallet,36,5.0,26234.44,0,Bundle,4G
CUST-101135,Alexandria,Smouha,2022-02-05,Month-to-month,329.32,0.0,1.0,Credit card,36,4.0,12254.62,0,DSL Internet,5G
CUST-101136,Alexandria,Montazah,2022-02-06,Month-to-month,268.3,120.83,1.0,Credit card,36,4.0,9544.48,0,DSL Internet,4G
CUST-101137,Alexandria,Smouha,2022-02-07,Month-to-month,355.39,240.37,0.0,Bank transfer,36,4.0,13500.21,0,DSL Internet,5G
CUST-101138,Cairo,Heliopolis,2022-02-07,One year,605.17,254.32,1.0,Cash,36,4.0,21219.42,0,Fiber Internet,4G
CUST-101139,Delta,Damanhour,2022-02-07,Month-to-month,674.69,327.28,0.0,Credit card,36,5.0,23287.06,0,Bundle,5G
CUST-101140,Alexandria,Smouha,2022-02-07,Month-to-month,241.67,2.75,3.0,Credit card,36,3.0,8380.03,1,Mobile,3G
CUST-101141,Upper Egypt,Assiut,2022-02-08,Two year,195.45,9.59,1.0,Mobile wallet,36,4.0,6464.04,0,Mobile,5G
CUST-101142,Upper Egypt,Qena,2022-02-09,Month-to-month,243.93,252.22,0.0,Bank transfer,36,5.0,8778.46,0,DSL Internet,5G
CUST-101143,Upper Egypt,Assiut,2022-02-09,Month-to-month,156.66,6.36,3.0,Credit card,36,2.0,5410.3,1,Mobile,3G
CUST-101144,Alexandria,Montazah,2022-02-09,Month-to-month,428.24,193.88,1.0,Credit card,36,4.0,15840.33,0,Fiber Internet,4G
CUST-101145,Alexandria,Montazah,2022-02-09,Month-to-month,221.3,6.48,1.0,Cash,36,4.0,7422.1,0,Mobile,4G
CUST-101146,Upper Egypt,Sohag,2022-02-10,One year,189.84,11.3,0.0,Mobile wallet,36,,7043.44,0,Mobile,4G
CUST-101147,Upper Egypt,Qena,2022-02-10,Month-to-month,394.04,229.46,1.0,Mobile wallet,36,4.0,14273.04,0,Bundle,5G
CUST-101148,Delta,Damanhour,2022-02-10,Month-to-month,178.04,11.01,2.0,Credit card,36,4.0,6815.87,0,Mobile,4G
CUST-101149,Canal,Suez,2022-02-10,One year,235.8,,0.0,Bank transfer,36,5.0,8431.1,0,Mobile,4G
CUST-101150,Cairo,Nasr City,2022-02-11,Month-to-month,652.12,116.29,2.0,Cash,36,3.0,23796.73,0,Fiber Internet,3G
CUST-101151,Canal,Suez,2022-02-11,Two year,357.25,,0.0,Bank transfer,36,5.0,13187.41,0,DSL Internet,4G
CUST-101152,Cairo,Nasr City,2022-02-11,Two year,691.19,659.1,0.0,Credit card,36,5.0,22858.59,0,Bundle,5G
CUST-101153,Cairo,New Cairo,2022-02-11,Month-to-month,202.57,8.02,1.0,Bank transfer,36,5.0,7616.56,0,Mobile,4G
CUST-101154,Delta,Zagazig,2022-02-12,Month-to-month,534.73,157.81,1.0,Bank transfer,36,5.0,19150.92,0,Bundle,4G
CUST-101155,Cairo,Zamalek,2022-02-12,Month-to-month,647.35,182.15,3.0,Credit card,36,4.0,21505.33,1,Fiber Internet,3G
CUST-101156,Cairo,Maadi,2022-02-12,Month-to-month,672.69,248.53,0.0,Cash,36,5.0,24143.85,0,Bundle,5G
CUST-101157,Cairo,New Cairo,2022-02-12,One year,295.17,8.91,2.0,Mobile wallet,36,3.0,11123.9,0,Mobile,4G
CUST-101158,Alexandria,Montazah,2022-02-12,One year,208.64,10.81,0.0,Mobile wallet,36,4.0,7408.17,0,Mobile,4G
CUST-101159,Upper Egypt,Qena,2022-02-12,Month-to-month,400.21,,4.0,Credit card,36,2.0,14467.55,0,Fiber Internet,4G
CUST-101160,Cairo,Heliopolis,2022-02-12,Month-to-month,480.81,222.41,2.0,Mobile wallet,36,5.0,15923.59,0,Fiber Internet,5G
CUST-101161,Delta,,2022-02-12,Month-to-month,175.44,11.47,1.0,Mobile wallet,36,5.0,6099.7,0,Mobile,5G
CUST-101162,Upper Egypt,Minya,2022-02-13,Two year,376.36,249.91,1.0,Cash,36,5.0,13932.56,0,Fiber Internet,5G
CUST-101163,Cairo,Maadi,2022-02-13,Two year,766.91,238.08,0.0,Bank transfer,36,5.0,28777.82,0,Fiber Internet,4G
CUST-101164,Cairo,Heliopolis,2022-02-14,Month-to-month,213.54,3.28,3.0,Cash,36,4.0,7536.97,1,Mobile,3G
CUST-101165,Canal,Suez,2022-02-14,One year,394.97,219.32,3.0,Bank transfer,36,4.0,14550.96,0,Fiber Internet,4G
CUST-101166,Upper Egypt,Qena,2022-02-14,Month-to-month,126.5,7.44,0.0,Mobile wallet,36,5.0,4356.59,1,Mobile,4G
CUST-101167,Delta,Zagazig,2022-02-14,One year,611.99,378.95,3.0,Cash,36,,22049.63,0,Bundle,5G
CUST-101168,Upper Egypt,Minya,2022-02-14,One year,389.06,163.51,4.0,Mobile wallet,36,2.0,13411.94,0,Fiber Internet,4G
CUST-101169,Cairo,Zamalek,2022-02-14,Two year,700.23,405.34,0.0,Mobile wallet,36,5.0,24713.46,0,Fiber Internet,4G
CUST-101170,Alexandria,Sidi Gaber,2022-02-14,Month-to-month,619.51,202.95,1.0,Cash,36,5.0,21658.28,1,Bundle,4G
CUST-101171,Upper Egypt,Qena,2022-02-15,Month-to-month,431.03,72.98,4.0,Cash,36,2.0,14546.69,0,Fiber Internet,3G
CUST-101172,Cairo,Maadi,2022-02-15,Two year,262.89,28.02,0.0,Credit card,36,5.0,10370.44,0,Mobile,5G
CUST-101173,Upper Egypt,Minya,2022-02-15,Month-to-month,424.24,135.91,0.0,,36,5.0,14842.26,0,Fiber Internet,5G
CUST-101174,Delta,Mansoura,2022-02-15,Month-to-month,490.58,191.49,0.0,Mobile wallet,36,5.0,17809.41,0,Bundle,4G
CUST-101175,Upper Egypt,Sohag,2022-02-15,One year,142.65,7.48,0.0,Cash,36,5.0,4878.54,0,Mobile,4G
CUST-101176,Alexandria,Montazah,2022-02-16,One year,471.38,273.4,0.0,Mobile wallet,35,4.0,14503.03,0,Fiber Internet,5G
CUST-101177,Alexandria,Sidi Gaber,2022-02-16,One year,193.04,5.93,0.0,Bank transfer,35,4.0,7219.19,0,Mobile,4G
CUST-101178,Cairo,New Cairo,2022-02-16,One year,313.23,75.85,0.0,Mobile wallet,35,5.0,10987.75,0,DSL Internet,4G
CUST-101179,Cairo,Zamalek,2022-02-16,One year,635.73,320.7,1.0,Credit card,35,,20315.61,0,Fiber Internet,4G
CUST-101180,Upper Egypt,Sohag,2022-02-16,Month-to-month,480.23,434.08,0.0,Credit card,35,5.0,16118.12,0,Bundle,5G
CUST-101181,Cairo,Heliopolis,2022-02-16,One year,614.41,114.0,1.0,,35,5.0,23283.63,0,Fiber Internet,3G
CUST-101182,Cairo,Zamalek,2022-02-16,One year,276.28,9.19,2.0,Credit card,35,4.0,9856.35,0,Mobile,4G
CUST-101183,Cairo,Zamalek,2022-02-16,Two year,502.49,119.47,1.0,Mobile wallet,35,4.0,15321.25,1,Fiber Internet,4G
CUST-101184,Cairo,Maadi,2022-02-17,Month-to-month,781.7,368.44,3.0,Bank transfer,35,3.0,26033.45,1,Bundle,4G
CUST-101185,Upper Egypt,Minya,2022-02-17,Month-to-month,134.81,9.92,0.0,Credit card,35,4.0,4683.83,0,Mobile,4G
CUST-101186,Alexandria,Montazah,2022-02-17,Two year,223.22,6.53,1.0,Mobile wallet,35,,7976.84,0,Mobile,5G
CUST-101187,Red Sea,Hurghada,2022-02-17,Month-to-month,244.17,43.94,2.0,Bank transfer,35,4.0,8542.85,0,DSL Internet,4G
CUST-101188,Cairo,New Cairo,2022-02-17,Month-to-month,592.28,345.91,1.0,Bank transfer,35,,19291.64,0,Fiber Internet,5G
CUST-101189,Delta,Zagazig,2022-02-17,Two year,165.01,9.17,1.0,Bank transfer,35,5.0,5628.93,0,Mobile,4G
CUST-101190,Alexandria,Smouha,2022-02-17,One year,190.94,8.13,1.0,Credit card,35,4.0,6440.39,0,Mobile,4G
CUST-101191,Alexandria,Montazah,2022-02-18,Month-to-month,174.68,12.65,0.0,Mobile wallet,35,5.0,6296.85,0,Mobile,5G
CUST-101192,Canal,Port Said,2022-02-19,Month-to-month,438.3,172.2,0.0,Credit card,35,5.0,15007.31,0,Fiber Internet,4G
CUST-101193,Red Sea,Marsa Alam,2022-02-19,Month-to-month,512.26,208.49,1.0,Credit card,35,5.0,17531.12,0,Fiber Internet,4G
CUST-101194,Canal,Suez,2022-02-20,Two year,581.0,249.98,1.0,Credit card,35,5.0,20122.87,0,Fiber Internet,5G
CUST-101195,Cairo,Heliopolis,2022-02-20,One year,368.39,120.8,1.0,Bank transfer,35,3.0,12449.05,0,DSL Internet,4G
CUST-101196,Cairo,Nasr City,2022-02-20,Month-to-month,263.3,9.59,1.0,Credit card,35,4.0,9492.41,1,Mobile,4G
CUST-101197,Delta,Zagazig,2022-02-21,Month-to-month,439.11,214.51,1.0,Bank transfer,35,4.0,16058.93,0,Fiber Internet,5G
CUST-101198,Cairo,Heliopolis,2022-02-21,Month-to-month,205.18,5.63,1.0,Credit card,35,,7302.41,1,Mobile,4G
CUST-101199,Upper Egypt,Sohag,2022-02-21,Month-to-month,145.99,7.37,0.0,Credit card,35,5.0,4857.55,0,Mobile,4G
CUST-101200,Delta,Damanhour,2022-02-21,Month-to-month,500.65,258.99,2.0,Cash,35,3.0,17261.85,1,Fiber Internet,4G
CUST-101201,Delta,Zagazig,2022-02-21,One year,332.01,102.24,0.0,Bank transfer,35,4.0,11644.25,1,DSL Internet,4G
CUST-101202,Upper Egypt,Sohag,2022-02-22,Month-to-month,550.59,195.53,1.0,Credit card,35,3.0,18479.65,0,Bundle,4G
CUST-101203,Upper Egypt,Assiut,2022-02-22,Month-to-month,179.71,13.1,0.0,Mobile wallet,35,5.0,5994.63,0,Mobile,4G
CUST-101204,Cairo,Maadi,2022-02-23,Month-to-month,248.07,15.32,0.0,Credit card,35,4.0,8337.91,0,Mobile,4G
CUST-101205,Cairo,New Cairo,2022-02-23,Month-to-month,569.61,543.58,5.0,Mobile wallet,35,3.0,18770.64,0,Fiber Internet,5G
CUST-101206,Delta,Tanta,2022-02-23,Month-to-month,421.18,354.97,1.0,Credit card,35,,15358.93,0,Fiber Internet,4G
CUST-101207,Delta,Damanhour,2022-02-23,Month-to-month,218.95,10.51,1.0,Bank transfer,35,4.0,7955.77,0,Mobile,4G
CUST-101208,Cairo,Heliopolis,2022-02-23,Month-to-month,683.81,259.27,3.0,Cash,35,3.0,23623.41,0,Bundle,5G
CUST-101209,Alexandria,Montazah,2022-02-23,Month-to-month,304.9,131.71,1.0,Credit card,35,,10340.13,1,DSL Internet,5G
CUST-101210,Upper Egypt,Sohag,2022-02-24,One year,320.7,256.62,1.0,Credit card,35,5.0,10918.63,0,Fiber Internet,5G
CUST-101211,Upper Egypt,Minya,2022-02-24,Month-to-month,303.61,220.93,1.0,Mobile wallet,35,5.0,11610.04,0,Fiber Internet,4G
CUST-101212,Delta,Mansoura,2022-02-24,Two year,261.33,8.53,0.0,Cash,35,5.0,8987.17,0,Mobile,4G
CUST-101213,Alexandria,Smouha,2022-02-25,One year,570.2,349.02,2.0,Bank transfer,35,,19534.69,0,Fiber Internet,5G
CUST-101214,Cairo,Heliopolis,2022-02-25,Month-to-month,530.74,167.15,3.0,Mobile wallet,35,4.0,18480.75,0,Fiber Internet,4G
CUST-101215,Delta,Zagazig,2022-02-25,Month-to-month,563.64,116.32,4.0,Credit card,35,2.0,18155.88,1,Bundle,3G
CUST-101216,Alexandria,Montazah,2022-02-25,Month-to-month,393.28,163.77,1.0,Mobile wallet,35,4.0,13912.12,0,Fiber Internet,4G
CUST-101217,Delta,Tanta,2022-02-26,Month-to-month,169.36,14.02,0.0,Credit card,35,5.0,6265.72,0,Mobile,5G
CUST-101218,Delta,Tanta,2022-02-26,One year,160.65,15.29,0.0,Mobile wallet,35,5.0,5583.58,0,Mobile,4G
CUST-101219,Cairo,Zamalek,2022-02-26,Month-to-month,224.95,12.13,1.0,Credit card,35,4.0,8125.56,0,Mobile,4G
CUST-101220,Cairo,Zamalek,2022-02-26,Two year,933.89,276.63,3.0,Mobile wallet,35,4.0,30123.04,0,Bundle,4G
CUST-101221,Cairo,Nasr City,2022-02-26,One year,395.47,154.56,2.0,Credit card,35,4.0,13313.96,0,DSL Internet,5G
CUST-101222,Canal,Ismailia,2022-02-27,One year,792.62,264.95,0.0,Mobile wallet,35,4.0,27849.13,0,Bundle,4G
CUST-101223,Delta,Zagazig,2022-02-27,One year,640.32,186.04,1.0,Mobile wallet,35,3.0,20754.53,0,Bundle,4G
CUST-101224,Cairo,Zamalek,2022-02-28,One year,175.25,13.36,0.0,Cash,35,5.0,6214.28,0,Mobile,5G
CUST-101225,Canal,Suez,2022-02-28,Two year,407.83,63.16,0.0,Cash,35,4.0,14098.15,0,DSL Internet,4G
CUST-101226,Alexandria,Borg El Arab,2022-02-28,Two year,310.47,100.96,3.0,Bank transfer,35,3.0,10995.22,0,DSL Internet,4G
CUST-101227,Alexandria,Montazah,2022-03-01,Month-to-month,209.0,5.28,5.0,Mobile wallet,35,,7039.9,1,Mobile,3G
CUST-101228,Canal,Ismailia,2022-03-01,Month-to-month,451.66,133.7,1.0,Credit card,35,4.0,15255.58,1,Fiber Internet,4G
CUST-101229,Cairo,Zamalek,2022-03-01,Month-to-month,562.93,108.37,2.0,Cash,35,4.0,17649.39,0,Fiber Internet,3G
CUST-101230,Cairo,New Cairo,2022-03-01,Month-to-month,732.32,371.44,1.0,Mobile wallet,35,4.0,24511.74,0,Bundle,4G
CUST-101231,Delta,Mansoura,2022-03-01,One year,199.92,13.85,1.0,Bank transfer,35,5.0,7139.25,0,Mobile,4G
CUST-101232,Cairo,Nasr City,2022-03-02,Month-to-month,602.73,286.21,0.0,Bank transfer,35,5.0,19900.61,0,Bundle,5G
CUST-101233,Delta,Tanta,2022-03-02,One year,824.09,337.35,1.0,Mobile wallet,35,4.0,26919.19,1,Bundle,4G
CUST-101234,Cairo,Nasr City,2022-03-02,One year,872.5,191.42,1.0,Cash,35,,30003.8,0,Bundle,4G
CUST-101235,Cairo,New Cairo,2022-03-02,Month-to-month,235.51,14.41,3.0,Cash,35,3.0,8129.16,0,Mobile,5G
CUST-101236,Cairo,New Cairo,2022-03-03,One year,320.46,20.94,0.0,Mobile wallet,35,4.0,11537.38,0,Mobile,5G
CUST-101237,Alexandria,Montazah,2022-03-03,Month-to-month,254.46,147.95,0.0,Bank transfer,35,4.0,8987.87,0,DSL Internet,4G
CUST-101238,Cairo,New Cairo,2022-03-03,Two year,306.92,10.29,1.0,Cash,35,3.0,10159.26,1,Mobile,3G
CUST-101239,Cairo,Nasr City,2022-03-03,One year,239.89,6.44,1.0,Mobile wallet,35,4.0,7597.0,1,Mobile,3G
CUST-101240,Canal,Ismailia,2022-03-04,Month-to-month,290.38,113.22,1.0,Mobile wallet,35,5.0,11406.1,0,DSL Internet,5G
CUST-101241,Alexandria,Sidi Gaber,2022-03-04,One year,238.72,23.9,0.0,Mobile wallet,35,5.0,8367.83,0,Mobile,5G
CUST-101242,Alexandria,Sidi Gaber,2022-03-04,Month-to-month,332.53,138.02,1.0,Mobile wallet,35,4.0,11719.23,1,Fiber Internet,4G
CUST-101243,Cairo,Maadi,2022-03-04,One year,654.67,280.76,1.0,Mobile wallet,35,4.0,20728.7,0,Bundle,4G
CUST-101244,Alexandria,Montazah,2022-03-04,One year,636.74,232.17,2.0,Mobile wallet,35,3.0,21954.68,0,Fiber Internet,4G
CUST-101245,Cairo,Zamalek,2022-03-05,Month-to-month,703.92,469.38,2.0,Cash,35,4.0,24233.61,0,Bundle,4G
CUST-101246,Delta,Mansoura,2022-03-05,One year,249.8,9.43,1.0,Cash,35,5.0,8580.57,0,Mobile,4G
CUST-101247,Cairo,Zamalek,2022-03-06,Two year,322.76,9.81,3.0,Bank transfer,35,4.0,11648.27,0,Mobile,3G
CUST-101248,Canal,Port Said,2022-03-06,One year,205.1,9.61,1.0,Credit card,35,5.0,7102.44,0,Mobile,4G
CUST-101249,Canal,Suez,2022-03-06,One year,202.68,16.82,1.0,Mobile wallet,35,5.0,6971.94,0,Mobile,5G
CUST-101250,Cairo,New Cairo,2022-03-06,One year,313.96,31.32,1.0,Mobile wallet,35,4.0,10982.71,0,Mobile,5G
CUST-101251,Cairo,Zamalek,2022-03-06,Month-to-month,926.74,171.55,2.0,Mobile wallet,35,4.0,32468.72,0,Bundle,4G
CUST-101252,Cairo,Maadi,2022-03-07,Two year,826.04,410.62,1.0,Cash,35,5.0,27511.33,0,Bundle,5G
CUST-101253,Delta,Zagazig,2022-03-07,Two year,253.72,8.75,0.0,Credit card,35,5.0,9231.86,0,Mobile,4G
CUST-101254,Cairo,Zamalek,2022-03-07,Month-to-month,265.25,13.5,2.0,Bank transfer,35,4.0,9069.02,0,Mobile,4G
CUST-101255,Canal,Port Said,2022-03-07,Month-to-month,515.45,370.65,2.0,Cash,35,4.0,17966.28,0,Fiber Internet,5G
CUST-101256,Upper Egypt,Assiut,2022-03-07,Month-to-month,377.89,145.16,1.0,Cash,35,5.0,14018.04,0,Fiber Internet,4G
CUST-101257,Upper Egypt,Assiut,2022-03-07,Month-to-month,145.88,3.65,1.0,Bank transfer,35,4.0,5699.31,0,Mobile,3G
CUST-101258,Delta,Zagazig,2022-03-08,Month-to-month,154.76,8.61,1.0,,35,4.0,5518.02,0,Mobile,4G
CUST-101259,Red Sea,Hurghada,2022-03-08,Month-to-month,186.17,9.12,3.0,Bank transfer,35,4.0,6062.02,0,Mobile,5G
CUST-101260,Cairo,Maadi,2022-03-08,One year,753.15,299.38,0.0,Bank transfer,35,5.0,26057.92,0,Fiber Internet,4G
CUST-101261,Alexandria,Sidi Gaber,2022-03-08,Month-to-month,204.98,7.71,1.0,Mobile wallet,35,3.0,7666.63,0,Mobile,4G
CUST-101262,Alexandria,Montazah,2022-03-08,Month-to-month,251.66,115.72,0.0,Bank transfer,35,5.0,8726.89,0,DSL Internet,4G
CUST-101263,Canal,Suez,2022-03-08,One year,238.67,7.38,0.0,Bank transfer,35,4.0,8631.76,0,Mobile,4G
CUST-101264,Delta,Damanhour,2022-03-09,Month-to-month,392.42,144.78,2.0,Mobile wallet,35,4.0,14184.39,0,Fiber Internet,4G
CUST-101265,Upper Egypt,Sohag,2022-03-09,Month-to-month,341.42,180.22,1.0,Mobile wallet,35,4.0,11613.27,0,Fiber Internet,5G
CUST-101266,Cairo,Nasr City,2022-03-09,Two year,349.93,13.11,0.0,Mobile wallet,35,5.0,13174.79,0,Mobile,4G
CUST-101267,Red Sea,Hurghada,2022-03-10,Two year,680.02,380.87,2.0,Bank transfer,35,4.0,24209.1,0,Bundle,4G
CUST-101268,Delta,Damanhour,2022-03-10,One year,295.07,133.79,1.0,Bank transfer,35,5.0,10021.73,1,DSL Internet,4G
CUST-101269,Delta,Mansoura,2022-03-10,Month-to-month,515.1,260.55,0.0,Bank transfer,35,4.0,17910.48,0,Bundle,5G
CUST-101270,Red Sea,Sharm El Sheikh,2022-03-10,Month-to-month,472.05,169.11,1.0,Cash,35,4.0,15747.16,0,Fiber Internet,4G
CUST-101271,Alexandria,Montazah,2022-03-10,Two year,455.92,248.64,1.0,Bank transfer,35,4.0,15453.29,0,Fiber Internet,4G
CUST-101272,Alexandria,Montazah,2022-03-10,One year,227.99,7.49,1.0,Mobile wallet,35,4.0,7653.14,0,Mobile,4G
CUST-101273,Delta,Tanta,2022-03-10,One year,409.98,98.0,1.0,Mobile wallet,35,4.0,15654.5,0,Fiber Internet,3G
CUST-101274,Cairo,Nasr City,2022-03-11,One year,649.67,112.03,4.0,Cash,35,3.0,23681.65,0,Fiber Internet,3G
CUST-101275,Alexandria,Montazah,2022-03-11,Month-to-month,203.44,5.12,3.0,Bank transfer,35,3.0,6832.88,0,Mobile,3G
CUST-101276,Cairo,Heliopolis,2022-03-12,Month-to-month,224.42,13.39,1.0,Bank transfer,35,4.0,8192.87,1,Mobile,4G
CUST-101277,Cairo,Nasr City,2022-03-12,Two year,244.65,,0.0,Cash,35,5.0,9030.27,0,Mobile,4G
CUST-101278,Canal,Suez,2022-03-12,Two year,267.12,15.89,1.0,Credit card,35,3.0,9108.86,0,Mobile,4G
CUST-101279,Delta,Zagazig,2022-03-12,Month-to-month,196.5,18.51,1.0,Mobile wallet,35,5.0,6822.94,1,Mobile,4G
CUST-101280,Alexandria,Smouha,2022-03-12,One year,481.12,344.06,3.0,Bank transfer,35,4.0,16380.07,0,Fiber Internet,5G
CUST-101281,Alexandria,Sidi Gaber,2022-03-12,Month-to-month,524.28,112.67,2.0,Cash,35,,19102.23,0,Bundle,3G
CUST-101282,Alexandria,Smouha,2022-03-13,Two year,182.09,12.84,0.0,Mobile wallet,35,4.0,6498.63,0,Mobile,4G
CUST-101283,Delta,Damanhour,2022-03-13,Month-to-month,205.86,10.28,0.0,Credit card,35,5.0,7083.04,0,Mobile,5G
CUST-101284,Canal,Ismailia,2022-03-13,One year,236.11,17.18,0.0,Cash,35,5.0,7854.75,0,Mobile,4G
CUST-101285,Canal,Port Said,2022-03-13,Month-to-month,217.03,8.18,1.0,Mobile wallet,35,5.0,7576.37,0,Mobile,4G
CUST-101286,Alexandria,Smouha,2022-03-13,One year,321.67,211.3,2.0,Mobile wallet,35,3.0,11479.79,0,DSL Internet,4G
CUST-101287,Alexandria,Sidi Gaber,2022-03-14,One year,249.94,13.24,2.0,Credit card,35,4.0,9202.91,0,Mobile,5G
CUST-101288,Alexandria,Sidi Gaber,2022-03-14,Month-to-month,721.84,320.49,1.0,Credit card,35,,25900.11,0,Bundle,4G
CUST-101289,Delta,Zagazig,2022-03-14,Two year,651.84,84.29,4.0,Mobile wallet,35,3.0,23659.78,0,Bundle,3G
CUST-101290,Alexandria,Borg El Arab,2022-03-14,Two year,536.85,290.72,4.0,Bank transfer,35,4.0,18224.77,0,Fiber Internet,5G
CUST-101291,Delta,Mansoura,2022-03-15,Two year,574.32,89.08,1.0,Cash,35,3.0,18510.69,0,Bundle,3G
CUST-101292,Delta,Damanhour,2022-03-15,Month-to-month,441.65,120.99,2.0,Bank transfer,35,3.0,13999.67,1,Fiber Internet,4G
CUST-101293,Alexandria,Montazah,2022-03-15,One year,755.0,214.13,0.0,Mobile wallet,35,4.0,26116.78,0,Bundle,3G
CUST-101294,Alexandria,Borg El Arab,2022-03-15,One year,214.28,7.04,1.0,Credit card,35,3.0,7267.9,0,Mobile,4G
CUST-101295,Alexandria,,2022-03-15,One year,677.42,201.61,1.0,,35,5.0,23592.96,0,Bundle,4G
CUST-101296,Cairo,New Cairo,2022-03-15,Month-to-month,227.32,8.21,1.0,Credit card,35,5.0,8189.75,0,Mobile,4G
CUST-101297,Cairo,Heliopolis,2022-03-16,One year,285.15,17.48,0.0,Bank transfer,35,5.0,10230.78,0,Mobile,4G
CUST-101298,Upper Egypt,Sohag,2022-03-16,Month-to-month,408.46,239.37,0.0,Credit card,35,5.0,12954.96,0,Bundle,4G
CUST-101299,Alexandria,Smouha,2022-03-16,Month-to-month,175.28,12.93,0.0,Mobile wallet,35,5.0,6767.88,0,Mobile,4G
CUST-101300,Cairo,New Cairo,2022-03-16,Month-to-month,200.91,,1.0,Bank transfer,35,4.0,7141.92,0,Mobile,5G
CUST-101301,Delta,Damanhour,2022-03-16,Month-to-month,175.88,7.3,1.0,Mobile wallet,35,4.0,6227.07,0,Mobile,3G
CUST-101302,Upper Egypt,Assiut,2022-03-17,Month-to-month,166.4,6.71,0.0,Credit card,35,5.0,5789.43,0,Mobile,4G
CUST-101303,Cairo,Heliopolis,2022-03-17,Month-to-month,201.42,7.76,0.0,Mobile wallet,35,4.0,6970.79,0,Mobile,4G
CUST-101304,Upper Egypt,Minya,2022-03-17,Two year,491.69,162.98,1.0,Mobile wallet,35,,17966.54,0,Fiber Internet,4G
CUST-101305,Canal,Ismailia,2022-03-17,One year,586.37,186.39,1.0,Credit card,35,4.0,19723.73,0,Fiber Internet,4G
CUST-101306,Delta,Mansoura,2022-03-17,Month-to-month,272.99,138.7,2.0,Credit card,35,4.0,9671.87,0,DSL Internet,5G
CUST-101307,Delta,Tanta,2022-03-17,Two year,242.3,8.62,2.0,Bank transfer,35,,8994.76,0,Mobile,4G
CUST-101308,Cairo,Maadi,2022-03-17,Two year,755.93,160.01,0.0,Mobile wallet,35,4.0,26658.51,0,Bundle,3G
CUST-101309,Canal,Suez,2022-03-17,Two year,464.63,128.05,1.0,Cash,35,4.0,16595.91,0,Fiber Internet,5G
CUST-101310,Alexandria,Borg El Arab,2022-03-18,Two year,370.58,130.37,0.0,Credit card,34,5.0,11891.78,0,DSL Internet,4G
CUST-101311,Canal,Suez,2022-03-18,Two year,322.57,115.52,0.0,Mobile wallet,34,4.0,11329.99,0,DSL Internet,5G
CUST-101312,Delta,Zagazig,2022-03-19,One year,543.17,96.89,0.0,Mobile wallet,34,5.0,18740.63,0,Bundle,3G
CUST-101313,Cairo,New Cairo,2022-03-19,Two year,325.73,11.23,3.0,Mobile wallet,34,3.0,11030.41,0,Mobile,4G
CUST-101314,Cairo,Zamalek,2022-03-19,Two year,666.16,329.9,5.0,Mobile wallet,34,2.0,22618.02,1,Fiber Internet,4G
CUST-101315,Upper Egypt,Qena,2022-03-20,Month-to-month,540.81,137.38,2.0,Cash,34,3.0,17546.52,0,Bundle,3G
CUST-101316,Delta,Mansoura,2022-03-20,Two year,277.66,137.25,0.0,Mobile wallet,34,5.0,10120.62,0,DSL Internet,5G
CUST-101317,Cairo,Nasr City,2022-03-20,Two year,334.84,11.21,1.0,Cash,34,5.0,12701.68,0,Mobile,4G
CUST-101318,Upper Egypt,Qena,2022-03-20,One year,402.47,220.96,3.0,Bank transfer,34,4.0,12962.18,1,Fiber Internet,4G
CUST-101319,Canal,Port Said,2022-03-20,Two year,367.13,300.48,1.0,Cash,34,5.0,13069.48,0,DSL Internet,5G
CUST-101320,Delta,Zagazig,2022-03-20,Month-to-month,165.17,8.4,1.0,Cash,34,5.0,5583.47,0,Mobile,4G
CUST-101321,Alexandria,Sidi Gaber,2022-03-20,Month-to-month,486.36,123.49,1.0,Cash,34,4.0,15722.32,0,Fiber Internet,4G
CUST-101322,Cairo,Heliopolis,2022-03-20,One year,859.69,,1.0,Bank transfer,34,4.0,30746.11,0,Bundle,4G
CUST-101323,Upper Egypt,Assiut,2022-03-21,One year,517.36,135.48,2.0,Cash,34,4.0,17390.49,0,Fiber Internet,3G
CUST-101324,Alexandria,Sidi Gaber,2022-03-21,Two year,226.72,13.43,0.0,Credit card,34,4.0,7897.13,0,Mobile,5G
CUST-101325,Canal,Ismailia,2022-03-21,Two year,537.48,165.34,1.0,Mobile wallet,34,5.0,19670.79,0,Fiber Internet,4G
CUST-101326,Alexandria,Smouha,2022-03-21,One year,566.5,169.31,1.0,Bank transfer,34,,19089.17,1,Fiber Internet,4G
CUST-101327,Delta,Mansoura,2022-03-21,Two year,171.94,8.96,0.0,Mobile wallet,34,4.0,5894.79,0,Mobile,4G
CUST-101328,Cairo,Nasr City,2022-03-21,Month-to-month,390.17,107.9,1.0,,34,3.0,12756.38,0,Fiber Internet,4G
CUST-101329,Cairo,Maadi,2022-03-21,Two year,558.23,119.57,2.0,Credit card,34,3.0,18253.53,0,Fiber Internet,3G
CUST-101330,Upper Egypt,Qena,2022-03-21,Month-to-month,557.88,225.32,1.0,Credit card,34,3.0,18864.54,0,Bundle,4G
CUST-101331,Delta,Zagazig,2022-03-21,One year,348.98,102.01,0.0,Credit card,34,5.0,11685.43,0,DSL Internet,4G
CUST-101332,Delta,Damanhour,2022-03-22,Month-to-month,227.17,63.21,1.0,Bank transfer,34,4.0,7933.91,0,DSL Internet,4G
CUST-101333,Red Sea,Hurghada,2022-03-22,One year,484.99,148.61,1.0,Cash,34,3.0,15307.55,1,Fiber Internet,3G
CUST-101334,Red Sea,Sharm El Sheikh,2022-03-22,Month-to-month,267.97,7.97,1.0,Mobile wallet,34,4.0,8568.79,1,Mobile,4G
CUST-101335,Canal,Port Said,2022-03-22,Month-to-month,254.77,98.64,2.0,Cash,34,4.0,8609.64,0,DSL Internet,4G
CUST-101336,Cairo,Maadi,2022-03-23,One year,245.19,13.9,3.0,Cash,34,3.0,8368.58,0,Mobile,4G
CUST-101337,Delta,Zagazig,2022-03-23,One year,548.32,329.96,1.0,Bank transfer,34,,18686.42,0,Fiber Internet,5G
CUST-101338,Canal,Port Said,2022-03-23,Month-to-month,222.41,15.1,0.0,Mobile wallet,34,4.0,7502.83,0,Mobile,4G
CUST-101339,Alexandria,Borg El Arab,2022-03-24,One year,589.9,89.33,2.0,Mobile wallet,34,4.0,19427.27,0,Fiber Internet,3G
CUST-101340,Cairo,New Cairo,2022-03-24,Month-to-month,261.8,109.18,0.0,Credit card,34,5.0,9107.51,0,DSL Internet,5G
CUST-101341,Upper Egypt,Minya,2022-03-24,Month-to-month,133.23,6.35,1.0,Mobile wallet,34,,4744.11,0,Mobile,4G
CUST-101342,Delta,Zagazig,2022-03-24,Month-to-month,204.75,26.43,1.0,Mobile wallet,34,4.0,7047.9,0,Mobile,4G
CUST-101343,Delta,Damanhour,2022-03-25,One year,205.69,16.69,0.0,Mobile wallet,34,,6831.19,0,Mobile,5G
CUST-101344,Red Sea,Marsa Alam,2022-03-26,One year,221.95,7.06,2.0,Mobile wallet,34,3.0,6968.06,0,Mobile,3G
CUST-101345,Delta,Tanta,2022-03-26,One year,440.25,226.31,3.0,Credit card,34,4.0,15962.47,0,Fiber Internet,4G
CUST-101346,Alexandria,Montazah,2022-03-26,Two year,856.17,303.22,3.0,Mobile wallet,34,4.0,28906.27,0,Bundle,4G
CUST-101347,Alexandria,Montazah,2022-03-26,One year,840.65,220.3,1.0,Credit card,34,3.0,30093.53,0,Bundle,3G
CUST-101348,Alexandria,Smouha,2022-03-26,Two year,747.54,153.66,1.0,Cash,34,5.0,26288.96,1,Bundle,4G
CUST-101349,Cairo,Heliopolis,2022-03-26,Two year,250.28,12.32,0.0,Credit card,34,5.0,8783.08,0,Mobile,4G
CUST-101350,Upper Egypt,Minya,2022-03-26,Month-to-month,153.59,5.04,1.0,Mobile wallet,34,4.0,5421.49,0,Mobile,3G
CUST-101351,Upper Egypt,,2022-03-26,Month-to-month,436.57,251.05,2.0,Mobile wallet,34,3.0,14911.14,1,Fiber Internet,4G
CUST-101352,Cairo,Heliopolis,2022-03-26,Month-to-month,637.5,170.44,4.0,Bank transfer,34,2.0,21483.27,0,Fiber Internet,4G
CUST-101353,Alexandria,Smouha,2022-03-27,One year,333.86,81.8,2.0,Bank transfer,34,4.0,10829.83,0,DSL Internet,4G
CUST-101354,Canal,Port Said,2022-03-27,One year,283.01,40.84,1.0,Credit card,34,4.0,9929.49,0,DSL Internet,3G
CUST-101355,Cairo,Heliopolis,2022-03-27,Month-to-month,620.48,276.67,1.0,Mobile wallet,34,4.0,19805.53,0,Fiber Internet,4G
CUST-101356,Delta,Tanta,2022-03-28,Two year,595.35,269.93,2.0,Cash,34,4.0,19923.89,0,Fiber Internet,4G
CUST-101357,Alexandria,Borg El Arab,2022-03-28,Two year,606.76,175.01,0.0,Bank transfer,34,5.0,19510.81,1,Bundle,4G
CUST-101358,Upper Egypt,Sohag,2022-03-29,Month-to-month,154.48,20.82,1.0,Mobile wallet,34,5.0,5372.71,0,Mobile,5G
CUST-101359,Cairo,Maadi,2022-03-29,Month-to-month,387.31,198.41,0.0,Cash,34,5.0,13291.17,0,DSL Internet,5G
CUST-101360,Delta,Damanhour,2022-03-29,Month-to-month,260.62,54.32,3.0,Bank transfer,34,3.0,8379.72,1,DSL Internet,3G
CUST-101361,Alexandria,Borg El Arab,2022-03-29,Month-to-month,191.01,8.82,1.0,Cash,34,3.0,6384.85,0,Mobile,4G
CUST-101362,Delta,Zagazig,2022-03-29,Two year,671.28,478.77,0.0,Bank transfer,34,5.0,24611.31,0,Bundle,5G
CUST-101363,Cairo,Maadi,2022-03-30,One year,840.19,328.47,0.0,Bank transfer,34,5.0,27669.94,0,Bundle,4G
CUST-101364,Alexandria,Borg El Arab,2022-03-30,Month-to-month,251.46,237.23,1.0,Credit card,34,4.0,8486.95,0,DSL Internet,5G
CUST-101365,Delta,Mansoura,2022-03-30,Month-to-month,180.82,9.1,1.0,Credit card,34,4.0,6290.27,0,Mobile,5G
CUST-101366,Cairo,Zamalek,2022-03-30,Month-to-month,244.24,10.16,2.0,Mobile wallet,34,3.0,8327.55,0,Mobile,5G
CUST-101367,Cairo,Heliopolis,2022-03-31,Month-to-month,315.22,47.89,1.0,Cash,34,4.0,10978.58,0,DSL Internet,3G
CUST-101368,Cairo,New Cairo,2022-03-31,Month-to-month,209.49,11.82,1.0,Credit card,34,5.0,7216.98,1,Mobile,4G
CUST-101369,Alexandria,Sidi Gaber,2022-03-31,One year,209.68,8.81,0.0,Cash,34,5.0,7539.55,0,Mobile,4G
CUST-101370,Cairo,New Cairo,2022-03-31,One year,225.13,15.41,1.0,Bank transfer,34,4.0,7668.23,0,Mobile,4G
CUST-101371,Canal,Suez,2022-03-31,Two year,249.26,14.56,1.0,Bank transfer,34,4.0,8612.23,0,Mobile,5G
CUST-101372,Alexandria,Borg El Arab,2022-04-01,Month-to-month,256.95,189.0,0.0,Cash,34,5.0,8809.73,0,DSL Internet,5G
CUST-101373,Upper Egypt,Assiut,2022-04-01,One year,420.9,140.5,3.0,Cash,34,4.0,13798.14,0,Fiber Internet,4G
CUST-101374,Red Sea,Sharm El Sheikh,2022-04-01,Month-to-month,212.53,14.42,,Mobile wallet,34,5.0,7282.39,0,Mobile,4G
CUST-101375,Cairo,Nasr City,2022-04-02,Month-to-month,493.98,440.91,2.0,Bank transfer,34,4.0,15688.6,0,Fiber Internet,5G
CUST-101376,Delta,Damanhour,2022-04-02,Two year,248.26,13.8,1.0,Credit card,34,5.0,8567.43,0,Mobile,5G
CUST-101377,Canal,Port Said,2022-04-03,One year,206.83,16.66,0.0,Bank transfer,34,5.0,6432.49,0,Mobile,5G
CUST-101378,Delta,Mansoura,2022-04-03,Month-to-month,380.71,182.09,2.0,Cash,34,3.0,12431.86,0,Fiber Internet,4G
CUST-101379,Alexandria,Borg El Arab,2022-04-03,One year,473.7,,1.0,Bank transfer,34,4.0,16656.86,0,Fiber Internet,5G
CUST-101380,Alexandria,Sidi Gaber,2022-04-04,One year,235.38,15.96,0.0,Mobile wallet,34,5.0,8151.83,0,Mobile,4G
CUST-101381,Cairo,Heliopolis,2022-04-04,Two year,710.16,191.47,3.0,Credit card,34,3.0,24128.85,0,Fiber Internet,3G
CUST-101382,Delta,Mansoura,2022-04-04,One year,230.16,12.47,0.0,Bank transfer,34,4.0,7684.43,0,Mobile,4G
CUST-101383,Red Sea,Hurghada,2022-04-04,Month-to-month,509.89,251.55,2.0,Bank transfer,34,4.0,16736.79,0,Fiber Internet,4G
CUST-101384,Red Sea,Hurghada,2022-04-04,One year,239.6,10.89,1.0,Mobile wallet,34,5.0,7960.26,0,Mobile,5G
CUST-101385,Cairo,Heliopolis,2022-04-05,Month-to-month,342.44,113.79,3.0,Mobile wallet,34,3.0,11962.07,0,DSL Internet,4G
CUST-101386,Upper Egypt,Minya,2022-04-05,Month-to-month,379.75,120.54,4.0,Cash,34,3.0,12780.32,0,Fiber Internet,4G
CUST-101387,Alexandria,Borg El Arab,2022-04-05,One year,202.81,9.73,3.0,Cash,34,3.0,6320.51,0,Mobile,4G
CUST-101388,Canal,Suez,2022-04-05,One year,361.71,242.64,0.0,Mobile wallet,34,4.0,11692.34,0,DSL Internet,5G
CUST-101389,Cairo,Zamalek,2022-04-06,Month-to-month,337.68,113.84,0.0,Credit card,34,4.0,11108.24,0,DSL Internet,4G
CUST-101390,Canal,Suez,2022-04-06,Two year,240.04,5.19,0.0,Cash,34,5.0,8075.07,0,Mobile,4G
CUST-101391,Upper Egypt,Sohag,2022-04-06,One year,433.47,134.43,2.0,Cash,34,4.0,14564.95,0,Fiber Internet,4G
CUST-101392,Cairo,Nasr City,2022-04-06,One year,391.7,150.67,0.0,Cash,34,5.0,12755.31,0,DSL Internet,4G
CUST-101393,Cairo,Nasr City,2022-04-07,Month-to-month,202.68,8.32,0.0,Bank transfer,34,5.0,7060.61,0,Mobile,4G
CUST-101394,Upper Egypt,Minya,2022-04-07,Month-to-month,495.16,255.35,1.0,Credit card,34,3.0,15502.18,0,Bundle,4G
CUST-101395,Cairo,New Cairo,2022-04-07,Month-to-month,302.22,9.01,0.0,Mobile wallet,34,5.0,9968.8,0,Mobile,4G
CUST-101396,Delta,Zagazig,2022-04-07,Month-to-month,311.41,175.26,1.0,Bank transfer,34,4.0,10920.25,0,DSL Internet,5G
CUST-101397,Canal,Port Said,2022-04-07,Month-to-month,604.35,383.03,2.0,Bank transfer,34,5.0,20991.7,0,Bundle,5G
CUST-101398,Delta,Zagazig,2022-04-08,Month-to-month,529.49,268.11,2.0,,34,4.0,17808.23,0,Bundle,4G
CUST-101399,Alexandria,Smouha,2022-04-08,Month-to-month,338.71,,0.0,Mobile wallet,34,5.0,11948.57,0,Fiber Internet,4G
CUST-101400,Alexandria,Sidi Gaber,2022-04-08,Month-to-month,275.57,68.76,1.0,Bank transfer,34,4.0,9467.01,0,DSL Internet,3G
CUST-101401,Cairo,New Cairo,2022-04-08,Two year,272.02,18.88,0.0,Mobile wallet,34,5.0,9274.78,0,Mobile,4G
CUST-101402,Red Sea,Hurghada,2022-04-09,Two year,252.51,5.77,1.0,Mobile wallet,34,4.0,8791.65,0,Mobile,4G
CUST-101403,Alexandria,Smouha,2022-04-09,Month-to-month,614.14,345.61,3.0,Mobile wallet,34,4.0,21220.1,0,Bundle,5G
CUST-101404,Cairo,New Cairo,2022-04-09,Two year,297.06,10.78,2.0,Credit card,34,3.0,10638.04,0,Mobile,5G
CUST-101405,Cairo,Nasr City,2022-04-10,Month-to-month,630.91,184.75,0.0,Cash,34,4.0,21214.35,0,Bundle,4G
CUST-101406,Red Sea,Marsa Alam,2022-04-10,Month-to-month,231.31,12.31,0.0,Bank transfer,34,4.0,7788.14,0,Mobile,5G
CUST-101407,Cairo,Zamalek,2022-04-10,Two year,270.88,17.03,0.0,Bank transfer,34,4.0,9282.44,0,Mobile,5G
CUST-101408,Canal,Ismailia,2022-04-11,Month-to-month,168.54,9.63,0.0,Bank transfer,34,4.0,5735.25,0,Mobile,4G
CUST-101409,Upper Egypt,Minya,2022-04-11,Month-to-month,452.57,360.79,1.0,Bank transfer,34,3.0,16530.28,0,Fiber Internet,5G
CUST-101410,Upper Egypt,Assiut,2022-04-12,Month-to-month,174.78,13.84,2.0,Mobile wallet,34,5.0,6067.17,0,Mobile,5G
CUST-101411,Red Sea,Sharm El Sheikh,2022-04-12,One year,221.67,18.48,0.0,Credit card,34,5.0,7318.76,0,Mobile,5G
CUST-101412,Upper Egypt,Qena,2022-04-12,One year,584.56,237.86,1.0,Cash,34,5.0,18689.64,0,Bundle,5G
CUST-101413,Canal,Port Said,2022-04-12,Month-to-month,225.31,117.99,0.0,Credit card,34,5.0,8141.94,0,DSL Internet,4G
CUST-101414,Cairo,Heliopolis,2022-04-12,Month-to-month,307.67,39.76,0.0,Cash,34,5.0,10303.84,0,DSL Internet,4G
CUST-101415,Upper Egypt,Qena,2022-04-13,Month-to-month,186.78,21.17,0.0,Mobile wallet,34,5.0,6434.51,0,Mobile,5G
CUST-101416,Delta,Damanhour,2022-04-13,One year,206.55,14.85,1.0,Credit card,34,4.0,7017.48,0,Mobile,4G
CUST-101417,Delta,Mansoura,2022-04-13,Month-to-month,267.25,121.29,0.0,Mobile wallet,34,5.0,9379.63,0,DSL Internet,4G
CUST-101418,Canal,Ismailia,2022-04-14,Two year,253.23,22.31,1.0,Bank transfer,34,4.0,8419.37,0,Mobile,4G
CUST-101419,Red Sea,Sharm El Sheikh,2022-04-14,One year,621.9,137.91,1.0,Cash,34,4.0,21245.13,0,Fiber Internet,4G
CUST-101420,Upper Egypt,Minya,2022-04-14,Month-to-month,478.43,136.92,0.0,Mobile wallet,34,4.0,15911.64,0,Bundle,3G
CUST-101421,Delta,Damanhour,2022-04-14,One year,221.57,15.72,1.0,Mobile wallet,34,5.0,8371.57,0,Mobile,5G
CUST-101422,Alexandria,Borg El Arab,2022-04-14,Month-to-month,495.24,217.2,1.0,Bank transfer,34,4.0,16331.2,0,Bundle,4G
CUST-101423,Alexandria,Montazah,2022-04-15,Month-to-month,186.27,6.5,1.0,Cash,34,5.0,6475.08,0,Mobile,4G
CUST-101424,Alexandria,Sidi Gaber,2022-04-15,Month-to-month,201.4,10.96,0.0,Mobile wallet,34,4.0,7626.97,0,Mobile,4G
CUST-101425,Alexandria,Borg El Arab,2022-04-16,Month-to-month,218.49,11.44,2.0,Mobile wallet,34,4.0,7755.11,0,Mobile,4G
CUST-101426,Cairo,New Cairo,2022-04-16,One year,767.7,323.48,0.0,Bank transfer,34,5.0,26079.6,0,Bundle,5G
CUST-101427,Cairo,Zamalek,2022-04-16,Two year,492.53,285.84,2.0,Bank transfer,34,4.0,16857.85,0,Fiber Internet,5G
CUST-101428,Upper Egypt,Minya,2022-04-16,Month-to-month,172.52,69.68,0.0,Mobile wallet,34,5.0,5674.99,0,DSL Internet,5G
CUST-101429,Alexandria,Smouha,2022-04-17,Month-to-month,202.16,8.67,1.0,Mobile wallet,34,4.0,7335.3,0,Mobile,4G
CUST-101430,Canal,Ismailia,2022-04-17,One year,613.95,453.87,1.0,Cash,34,4.0,20685.76,0,Bundle,5G
CUST-101431,Delta,Mansoura,2022-04-17,Month-to-month,367.67,220.09,3.0,Mobile wallet,34,3.0,12464.03,0,Fiber Internet,4G
CUST-101432,Cairo,Heliopolis,2022-04-18,Month-to-month,466.1,243.83,0.0,Mobile wallet,33,5.0,14840.96,0,Fiber Internet,4G
CUST-101433,Cairo,New Cairo,2022-04-18,Two year,402.45,172.06,2.0,Bank transfer,33,4.0,13114.93,0,DSL Internet,4G
CUST-101434,Cairo,Maadi,2022-04-18,Two year,462.53,190.4,0.0,Mobile wallet,33,5.0,15303.38,0,DSL Internet,4G
CUST-101435,Red Sea,Marsa Alam,2022-04-18,Two year,385.68,103.22,1.0,Bank transfer,33,5.0,13282.09,0,DSL Internet,4G
CUST-101436,Cairo,Nasr City,2022-04-19,Month-to-month,272.01,19.29,2.0,Cash,33,5.0,9071.93,0,Mobile,5G
CUST-101437,Delta,Mansoura,2022-04-19,Month-to-month,527.11,292.16,0.0,Bank transfer,33,3.0,18156.47,0,Bundle,4G
CUST-101438,Canal,Port Said,2022-04-19,Month-to-month,200.64,9.31,0.0,Mobile wallet,33,5.0,6016.02,0,Mobile,5G
CUST-101439,Red Sea,Hurghada,2022-04-19,Two year,960.0,211.73,2.0,Cash,33,3.0,33454.95,0,Bundle,4G
CUST-101440,Cairo,Zamalek,2022-04-19,Month-to-month,227.52,6.88,1.0,Mobile wallet,33,5.0,7105.3,0,Mobile,4G
CUST-101441,Cairo,Zamalek,2022-04-20,Month-to-month,233.07,9.15,1.0,Bank transfer,33,5.0,7927.95,0,Mobile,5G
CUST-101442,Cairo,Maadi,2022-04-20,Month-to-month,220.98,4.17,2.0,Mobile wallet,33,4.0,6385.68,0,Mobile,3G
CUST-101443,Cairo,Nasr City,2022-04-20,One year,645.2,207.65,4.0,Credit card,33,3.0,21347.55,0,Fiber Internet,4G
CUST-101444,Cairo,Maadi,2022-04-20,Two year,305.98,20.54,0.0,Credit card,33,4.0,10480.08,0,Mobile,4G
CUST-101445,Delta,Mansoura,2022-04-20,One year,640.33,116.56,1.0,Cash,33,4.0,20419.77,0,Bundle,3G
CUST-101446,Canal,Port Said,2022-04-21,Month-to-month,265.84,61.22,1.0,Cash,33,4.0,8785.31,0,DSL Internet,4G
CUST-101447,Delta,Damanhour,2022-04-21,One year,158.46,12.55,2.0,Credit card,33,5.0,5422.94,0,Mobile,5G
CUST-101448,Delta,Damanhour,2022-04-21,Month-to-month,412.92,92.44,2.0,Cash,33,3.0,13601.55,1,Fiber Internet,3G
CUST-101449,Cairo,New Cairo,2022-04-21,Month-to-month,327.15,,0.0,Bank transfer,33,4.0,10122.45,0,DSL Internet,4G
CUST-101450,Upper Egypt,Qena,2022-04-21,Month-to-month,508.97,94.85,2.0,Cash,33,4.0,17467.12,0,Bundle,3G
CUST-101451,Delta,Damanhour,2022-04-21,One year,199.82,7.33,4.0,Cash,33,3.0,6831.26,1,Mobile,3G
CUST-101452,Canal,Port Said,2022-04-21,Month-to-month,710.82,170.31,1.0,Cash,33,4.0,24597.13,0,Bundle,4G
CUST-101453,Canal,Ismailia,2022-04-22,Two year,203.4,8.62,2.0,Cash,33,3.0,6381.86,0,Mobile,5G
CUST-101454,Alexandria,Borg El Arab,2022-04-22,Month-to-month,377.13,192.03,1.0,Cash,33,4.0,11904.9,0,Fiber Internet,4G
CUST-101455,Cairo,Maadi,2022-04-22,Month-to-month,285.69,84.41,1.0,Mobile wallet,33,4.0,9169.91,1,DSL Internet,4G
CUST-101456,Cairo,Heliopolis,2022-04-22,One year,549.71,346.2,1.0,Credit card,33,3.0,18565.28,0,Fiber Internet,4G
CUST-101457,Alexandria,Borg El Arab,2022-04-22,One year,256.24,11.0,,Bank transfer,33,4.0,8750.5,0,Mobile,4G
CUST-101458,Canal,Suez,2022-04-22,Month-to-month,227.8,84.03,1.0,Mobile wallet,33,4.0,7279.28,0,DSL Internet,4G
CUST-101459,Alexandria,Sidi Gaber,2022-04-22,One year,190.66,11.86,1.0,Credit card,33,4.0,6273.06,0,Mobile,4G
CUST-101460,Upper Egypt,Assiut,2022-04-23,Month-to-month,167.27,5.18,2.0,Cash,33,4.0,5339.25,0,Mobile,4G
CUST-101461,Delta,Tanta,2022-04-23,Month-to-month,197.75,10.64,3.0,Credit card,33,3.0,6073.18,1,Mobile,4G
CUST-101462,Cairo,Heliopolis,2022-04-23,One year,296.15,93.25,0.0,Cash,33,4.0,9931.81,0,DSL Internet,4G
CUST-101463,Alexandria,Borg El Arab,2022-04-23,One year,172.89,17.26,0.0,Mobile wallet,33,4.0,5688.61,0,Mobile,5G
CUST-101464,Delta,Mansoura,2022-04-23,Month-to-month,373.05,136.45,2.0,Cash,33,4.0,12534.92,0,Fiber Internet,4G
CUST-101465,Delta,Zagazig,2022-04-24,Month-to-month,601.39,353.6,1.0,Cash,33,5.0,18804.4,1,Bundle,5G
CUST-101466,Alexandria,Borg El Arab,2022-04-24,One year,330.53,100.91,1.0,Bank transfer,33,4.0,11199.67,0,DSL Internet,4G
CUST-101467,Cairo,New Cairo,2022-04-24,Month-to-month,489.16,226.68,0.0,Mobile wallet,33,5.0,15414.24,0,Fiber Internet,4G
CUST-101468,Upper Egypt,Qena,2022-04-24,Two year,478.62,182.92,1.0,Credit card,33,4.0,15506.73,0,Fiber Internet,4G
CUST-101469,Cairo,Nasr City,2022-04-25,One year,260.89,12.63,1.0,Cash,33,4.0,7978.9,1,Mobile,4G
CUST-101470,Canal,Ismailia,2022-04-25,Two year,514.54,509.08,2.0,Cash,33,3.0,17173.06,0,Fiber Internet,5G
CUST-101471,Cairo,New Cairo,2022-04-25,Month-to-month,183.54,8.37,0.0,Bank transfer,33,4.0,6495.94,0,Mobile,4G
CUST-101472,Cairo,New Cairo,2022-04-26,Two year,246.42,12.65,2.0,Credit card,33,3.0,8251.78,0,Mobile,4G
CUST-101473,Delta,Zagazig,2022-04-26,Month-to-month,223.39,20.79,1.0,Bank transfer,33,4.0,7341.88,0,Mobile,4G
CUST-101474,Delta,Damanhour,2022-04-26,Month-to-month,397.37,282.23,2.0,Credit card,33,4.0,13009.64,0,Fiber Internet,5G
CUST-101475,Delta,Zagazig,2022-04-27,Month-to-month,155.94,2.16,2.0,Cash,33,4.0,4874.31,1,Mobile,3G
CUST-101476,Alexandria,Smouha,2022-04-27,Month-to-month,193.15,11.23,0.0,Bank transfer,33,5.0,6655.72,0,Mobile,5G
CUST-101477,Red Sea,Marsa Alam,2022-04-27,Two year,829.13,201.79,3.0,Cash,33,3.0,27812.13,0,Bundle,4G
CUST-101478,Delta,Mansoura,2022-04-27,One year,219.44,13.63,0.0,Cash,33,5.0,6756.76,0,Mobile,4G
CUST-101479,Alexandria,Sidi Gaber,2022-04-27,One year,350.69,165.13,1.0,Cash,33,5.0,12076.55,0,DSL Internet,5G
CUST-101480,Alexandria,Smouha,2022-04-27,One year,204.89,13.56,3.0,Mobile wallet,33,,6525.92,0,Mobile,4G
CUST-101481,Cairo,Zamalek,2022-04-28,One year,698.08,308.61,1.0,Bank transfer,33,4.0,22432.22,0,Fiber Internet,4G
CUST-101482,Delta,Mansoura,2022-04-28,One year,217.68,12.34,1.0,Cash,33,5.0,7299.03,0,Mobile,4G
CUST-101483,Cairo,Zamalek,2022-04-29,Two year,258.01,11.63,2.0,Mobile wallet,33,4.0,8310.58,0,Mobile,5G
CUST-101484,Delta,Damanhour,2022-04-29,One year,279.57,168.63,2.0,Cash,33,,10053.49,0,DSL Internet,5G
CUST-101485,Cairo,Zamalek,2022-04-29,One year,645.83,366.55,3.0,Bank transfer,33,3.0,21109.05,0,Fiber Internet,4G
CUST-101486,Red Sea,Hurghada,2022-04-29,Month-to-month,253.71,10.75,1.0,Credit card,33,5.0,8584.47,0,Mobile,5G
CUST-101487,Alexandria,Borg El Arab,2022-04-30,Two year,192.31,8.57,1.0,Cash,33,4.0,5954.16,0,Mobile,4G
CUST-101488,Canal,Ismailia,2022-04-30,Month-to-month,446.69,209.02,1.0,Cash,33,5.0,14377.39,0,Fiber Internet,4G
CUST-101489,Alexandria,Montazah,2022-04-30,Month-to-month,202.43,14.59,0.0,Credit card,33,4.0,6645.21,0,Mobile,5G
CUST-101490,Cairo,Heliopolis,2022-05-01,Two year,591.59,510.45,2.0,Mobile wallet,33,5.0,20300.88,0,Fiber Internet,5G
CUST-101491,Upper Egypt,Assiut,2022-05-01,Month-to-month,342.64,194.22,3.0,Credit card,33,3.0,10820.36,0,Fiber Internet,4G
CUST-101492,Delta,Mansoura,2022-05-02,Month-to-month,472.49,320.15,1.0,Mobile wallet,33,4.0,16340.24,0,Fiber Internet,5G
CUST-101493,Upper Egypt,Assiut,2022-05-03,Month-to-month,245.21,116.53,1.0,Bank transfer,33,4.0,7886.68,1,DSL Internet,4G
CUST-101494,Alexandria,Borg El Arab,2022-05-03,Month-to-month,258.91,21.17,1.0,Bank transfer,33,4.0,8655.94,0,Mobile,5G
CUST-101495,Delta,Damanhour,2022-05-04,Two year,604.81,235.06,0.0,Credit card,33,4.0,19363.69,0,Bundle,4G
CUST-101496,Canal,Ismailia,2022-05-04,Two year,531.15,190.73,4.0,Bank transfer,33,2.0,16851.25,0,Fiber Internet,4G
CUST-101497,Delta,Damanhour,2022-05-04,Month-to-month,432.26,358.44,2.0,Bank transfer,33,4.0,13022.21,0,Fiber Internet,5G
CUST-101498,Alexandria,Smouha,2022-05-04,Two year,624.25,190.08,0.0,Credit card,33,5.0,20847.19,0,Fiber Internet,4G
CUST-101499,Delta,Damanhour,2022-05-05,One year,540.38,210.12,0.0,Bank transfer,33,4.0,18279.96,0,Fiber Internet,4G
CUST-101500,Delta,Mansoura,2022-05-05,Two year,212.51,10.36,0.0,Mobile wallet,33,4.0,6911.32,0,Mobile,5G
CUST-101501,Red Sea,Hurghada,2022-05-05,Month-to-month,593.99,285.54,0.0,Mobile wallet,33,,18360.1,0,Bundle,4G
CUST-101502,Alexandria,Borg El Arab,2022-05-05,One year,634.31,347.44,3.0,Mobile wallet,33,4.0,20466.6,0,Bundle,4G
CUST-101503,Alexandria,Sidi Gaber,2022-05-06,Month-to-month,207.02,7.5,0.0,Credit card,33,5.0,6933.62,0,Mobile,4G
CUST-101504,Upper Egypt,Sohag,2022-05-06,Month-to-month,424.43,173.14,1.0,Credit card,33,4.0,14109.29,0,Fiber Internet,4G
CUST-101505,Delta,Damanhour,2022-05-06,One year,230.85,75.69,1.0,Cash,33,5.0,7822.81,0,DSL Internet,4G
CUST-101506,Upper Egypt,Sohag,2022-05-06,Month-to-month,418.71,247.82,2.0,Cash,33,4.0,12923.49,0,Bundle,4G
CUST-101507,Alexandria,Borg El Arab,2022-05-07,One year,575.77,497.91,2.0,Cash,33,4.0,18692.6,0,Fiber Internet,5G
CUST-101508,Cairo,Nasr City,2022-05-07,One year,213.56,8.79,1.0,Cash,33,5.0,7019.24,0,Mobile,4G
CUST-101509,Upper Egypt,Assiut,2022-05-07,Month-to-month,195.74,44.67,1.0,Mobile wallet,33,4.0,6623.01,0,DSL Internet,5G
CUST-101510,Cairo,Maadi,2022-05-08,Month-to-month,266.61,24.28,2.0,Cash,33,4.0,8585.79,0,Mobile,5G
CUST-101511,Cairo,Zamalek,2022-05-08,One year,581.82,229.21,0.0,Bank transfer,33,4.0,19610.86,0,Fiber Internet,4G
CUST-101512,Delta,Mansoura,2022-05-08,Two year,470.93,286.95,0.0,Cash,33,5.0,14950.53,0,Fiber Internet,5G
CUST-101513,Upper Egypt,Assiut,2022-05-09,Month-to-month,436.25,246.82,3.0,Cash,33,4.0,14521.21,0,Fiber Internet,4G
CUST-101514,Canal,Port Said,2022-05-09,Two year,192.74,8.46,2.0,Cash,33,4.0,6285.82,0,Mobile,4G
CUST-101515,Cairo,Heliopolis,2022-05-09,Two year,533.99,255.58,2.0,Bank transfer,33,4.0,17373.91,0,Fiber Internet,5G
CUST-101516,Cairo,Heliopolis,2022-05-09,One year,725.93,344.07,1.0,Bank transfer,33,5.0,26268.03,0,Fiber Internet,5G
CUST-101517,Red Sea,Hurghada,2022-05-09,Month-to-month,229.36,12.35,3.0,Bank transfer,33,3.0,7241.79,1,Mobile,4G
CUST-101518,Cairo,Nasr City,2022-05-09,One year,279.42,15.94,1.0,Bank transfer,33,5.0,9064.91,0,Mobile,4G
CUST-101519,Cairo,Nasr City,2022-05-10,Two year,262.78,19.14,0.0,Cash,33,4.0,8177.58,0,Mobile,4G
CUST-101520,Cairo,Zamalek,2022-05-10,Month-to-month,712.65,426.22,1.0,Mobile wallet,33,4.0,24448.83,0,Bundle,5G
CUST-101521,Delta,Mansoura,2022-05-10,Two year,445.07,179.5,0.0,Credit card,33,3.0,14367.95,0,Fiber Internet,4G
CUST-101522,Canal,Suez,2022-05-10,Two year,543.42,281.22,3.0,Mobile wallet,33,3.0,17909.88,0,Fiber Internet,4G
CUST-101523,Upper Egypt,Qena,2022-05-10,One year,453.6,141.95,1.0,Bank transfer,33,3.0,14463.28,0,Fiber Internet,4G
CUST-101524,Upper Egypt,Sohag,2022-05-10,One year,559.71,336.66,2.0,Mobile wallet,33,3.0,18777.58,0,Bundle,4G
CUST-101525,Cairo,Zamalek,2022-05-11,One year,681.67,269.18,0.0,Bank transfer,33,4.0,23334.02,0,Fiber Internet,4G
CUST-101526,Alexandria,Sidi Gaber,2022-05-11,One year,243.99,10.4,0.0,Mobile wallet,33,5.0,8473.14,0,Mobile,4G
CUST-101527,Alexandria,Borg El Arab,2022-05-11,Two year,206.96,7.42,1.0,Mobile wallet,33,4.0,6797.82,0,Mobile,4G
CUST-101528,Cairo,New Cairo,2022-05-12,Month-to-month,227.92,12.81,0.0,Mobile wallet,33,4.0,7342.82,0,Mobile,4G
CUST-101529,Cairo,Heliopolis,2022-05-12,Month-to-month,680.54,231.81,0.0,Mobile wallet,33,4.0,21866.22,0,Bundle,4G
CUST-101530,Alexandria,Montazah,2022-05-13,Month-to-month,520.7,203.39,2.0,Bank transfer,33,4.0,17195.23,0,Fiber Internet,4G
CUST-101531,Cairo,Heliopolis,2022-05-13,Two year,419.3,80.4,1.0,Mobile wallet,33,4.0,13977.28,0,DSL Internet,4G
CUST-101532,Delta,Damanhour,2022-05-13,Month-to-month,261.5,121.4,1.0,Credit card,33,4.0,8817.38,0,DSL Internet,5G
CUST-101533,Upper Egypt,Sohag,2022-05-13,Two year,658.91,207.87,0.0,Bank transfer,33,5.0,21007.48,0,Bundle,4G
CUST-101534,Cairo,New Cairo,2022-05-14,Month-to-month,547.39,245.49,0.0,Mobile wallet,33,4.0,18160.99,0,Bundle,4G
CUST-101535,Delta,Zagazig,2022-05-14,Month-to-month,382.95,155.71,2.0,Mobile wallet,33,3.0,12122.12,0,Fiber Internet,4G
CUST-101536,Upper Egypt,Minya,2022-05-14,Two year,174.52,2.19,4.0,Cash,33,3.0,5555.71,1,Mobile,3G
CUST-101537,Upper Egypt,Sohag,2022-05-14,One year,181.18,11.58,0.0,Bank transfer,33,4.0,6312.71,0,Mobile,5G
CUST-101538,Upper Egypt,Qena,2022-05-14,Month-to-month,396.98,162.18,5.0,Cash,33,3.0,12587.49,1,Fiber Internet,5G
CUST-101539,Alexandria,Montazah,2022-05-15,Month-to-month,293.53,75.64,3.0,Bank transfer,33,3.0,9343.78,0,DSL Internet,4G
CUST-101540,Upper Egypt,Qena,2022-05-15,Month-to-month,307.06,195.37,0.0,Mobile wallet,33,5.0,10275.05,0,Fiber Internet,4G
CUST-101541,Cairo,New Cairo,2022-05-15,Month-to-month,244.57,6.72,1.0,Cash,33,4.0,8359.57,0,Mobile,4G
CUST-101542,Alexandria,Smouha,2022-05-15,Month-to-month,298.47,165.75,0.0,Mobile wallet,33,5.0,9546.62,0,DSL Internet,5G
CUST-101543,Cairo,New Cairo,2022-05-16,One year,484.68,170.9,1.0,Cash,33,4.0,15127.54,0,Fiber Internet,4G
CUST-101544,Alexandria,Borg El Arab,2022-05-16,Month-to-month,195.45,11.21,0.0,Cash,33,4.0,6051.26,1,Mobile,5G
CUST-101545,Alexandria,Smouha,2022-05-17,Month-to-month,663.08,101.52,3.0,Bank transfer,33,2.0,20845.38,1,Bundle,3G
CUST-101546,Cairo,New Cairo,2022-05-17,Month-to-month,658.49,393.53,1.0,Cash,33,4.0,23049.75,0,Fiber Internet,5G
CUST-101547,Upper Egypt,Minya,2022-05-17,Month-to-month,136.26,4.64,2.0,Cash,33,4.0,4115.44,1,Mobile,3G
CUST-101548,Alexandria,Sidi Gaber,2022-05-18,Two year,263.3,7.0,1.0,Bank transfer,32,5.0,7854.62,0,Mobile,4G
CUST-101549,Cairo,Maadi,2022-05-18,Month-to-month,464.51,272.77,4.0,Credit card,32,3.0,15025.99,0,Fiber Internet,4G
CUST-101550,Cairo,Maadi,2022-05-18,Month-to-month,450.88,132.52,0.0,Bank transfer,32,4.0,14017.37,0,Fiber Internet,4G
CUST-101551,Alexandria,Smouha,2022-05-18,One year,188.59,15.15,1.0,Cash,32,4.0,5795.55,0,Mobile,5G
CUST-101552,Alexandria,Montazah,2022-05-18,Two year,600.96,162.3,1.0,Cash,32,,19730.5,0,Fiber Internet,4G
CUST-101553,Alexandria,Montazah,2022-05-19,Two year,350.72,56.14,7.0,Cash,32,1.0,11263.98,0,DSL Internet,3G
CUST-101554,Cairo,Zamalek,2022-05-19,Two year,261.72,11.56,0.0,Bank transfer,32,5.0,8711.83,0,Mobile,5G
CUST-101555,Upper Egypt,Minya,2022-05-19,Two year,461.0,163.95,1.0,Credit card,32,4.0,15185.43,0,Fiber Internet,4G
CUST-101556,Canal,Ismailia,2022-05-20,One year,490.09,103.84,3.0,Mobile wallet,32,3.0,14458.55,1,Fiber Internet,3G
CUST-101557,Delta,Zagazig,2022-05-20,Two year,212.22,3.93,4.0,Bank transfer,32,1.0,6334.88,0,Mobile,3G
CUST-101558,Delta,Damanhour,2022-05-20,Month-to-month,170.45,9.52,1.0,Credit card,32,4.0,5698.56,0,Mobile,4G
CUST-101559,Canal,Suez,2022-05-20,Two year,193.09,15.67,2.0,Credit card,32,4.0,6148.16,0,Mobile,5G
CUST-101560,Red Sea,Sharm El Sheikh,2022-05-20,Two year,744.37,332.8,4.0,Credit card,32,3.0,26692.29,0,Fiber Internet,3G
CUST-101561,Delta,Damanhour,2022-05-20,Two year,357.21,227.33,2.0,Credit card,32,5.0,11872.86,0,DSL Internet,5G
CUST-101562,Canal,Port Said,2022-05-21,Month-to-month,532.25,302.38,1.0,Mobile wallet,32,4.0,17966.2,0,Fiber Internet,4G
CUST-101563,Canal,Port Said,2022-05-21,Two year,644.72,142.81,1.0,Bank transfer,32,4.0,19851.75,0,Bundle,4G
CUST-101564,Upper Egypt,Assiut,2022-05-21,Month-to-month,144.15,6.21,1.0,Bank transfer,32,4.0,4597.34,0,Mobile,5G
CUST-101565,Alexandria,Sidi Gaber,2022-05-22,One year,305.92,141.2,1.0,Mobile wallet,32,,10106.1,0,DSL Internet,5G
CUST-101566,Cairo,Nasr City,2022-05-22,Month-to-month,615.5,402.03,2.0,Cash,32,3.0,19629.68,0,Fiber Internet,4G
CUST-101567,Cairo,New Cairo,2022-05-22,One year,369.52,255.25,1.0,Mobile wallet,32,,11851.13,0,DSL Internet,4G
CUST-101568,Alexandria,Montazah,2022-05-23,One year,647.25,108.95,5.0,Mobile wallet,32,2.0,20260.14,1,Bundle,3G
CUST-101569,Delta,Mansoura,2022-05-23,Month-to-month,433.65,223.86,1.0,Mobile wallet,32,,13474.96,0,Fiber Internet,5G
CUST-101570,Alexandria,Smouha,2022-05-23,Month-to-month,427.33,214.48,3.0,Mobile wallet,32,4.0,12779.09,1,Fiber Internet,4G
CUST-101571,Delta,Zagazig,2022-05-24,Month-to-month,454.81,179.26,0.0,Mobile wallet,32,5.0,14447.22,0,Bundle,4G
CUST-101572,Delta,Damanhour,2022-05-24,One year,620.45,224.48,1.0,Mobile wallet,32,4.0,19525.18,0,Bundle,4G
CUST-101573,Upper Egypt,Qena,2022-05-25,One year,507.39,0.0,1.0,Mobile wallet,32,5.0,15666.56,0,Bundle,5G
CUST-101574,Cairo,New Cairo,2022-05-25,One year,255.37,14.28,4.0,Bank transfer,32,3.0,8130.4,0,Mobile,3G
CUST-101575,Cairo,New Cairo,2022-05-25,Month-to-month,150.68,11.75,0.0,Bank transfer,32,4.0,4569.89,0,Mobile,4G
CUST-101576,Upper Egypt,Qena,2022-05-26,Two year,384.64,429.96,2.0,Bank transfer,32,5.0,12683.84,0,Fiber Internet,5G
CUST-101577,Upper Egypt,Qena,2022-05-26,One year,251.03,53.31,1.0,Bank transfer,32,,7965.47,1,DSL Internet,4G
CUST-101578,Red Sea,Marsa Alam,2022-05-26,Month-to-month,178.09,12.33,5.0,Bank transfer,32,2.0,5854.73,0,Mobile,4G
CUST-101579,Canal,Ismailia,2022-05-27,Month-to-month,152.6,6.03,2.0,Mobile wallet,32,4.0,4571.91,1,Mobile,4G
CUST-101580,Canal,Port Said,2022-05-27,Month-to-month,443.29,309.1,2.0,Mobile wallet,32,4.0,13637.53,0,Fiber Internet,4G
CUST-101581,Alexandria,Borg El Arab,2022-05-28,Month-to-month,221.0,22.64,1.0,Credit card,32,4.0,7445.76,0,Mobile,5G
CUST-101582,Alexandria,Smouha,2022-05-28,Month-to-month,258.63,113.45,3.0,Bank transfer,32,4.0,8211.38,0,DSL Internet,4G
CUST-101583,Cairo,Zamalek,2022-05-28,Month-to-month,223.58,4.61,1.0,Bank transfer,32,4.0,7317.72,0,Mobile,3G
CUST-101584,Delta,Tanta,2022-05-29,Month-to-month,534.93,184.27,2.0,Mobile wallet,32,3.0,16328.63,0,Bundle,4G
CUST-101585,Canal,Suez,2022-05-29,Month-to-month,150.64,7.04,3.0,Bank transfer,32,,4765.36,0,Mobile,4G
CUST-101586,Alexandria,Smouha,2022-05-30,Month-to-month,545.31,,0.0,Credit card,32,5.0,18281.8,0,Fiber Internet,4G
CUST-101587,Delta,Mansoura,2022-05-30,Two year,476.55,321.86,1.0,Credit card,32,5.0,15331.13,0,Fiber Internet,5G
CUST-101588,Cairo,New Cairo,2022-05-30,One year,250.1,17.35,0.0,Mobile wallet,32,5.0,7923.23,0,Mobile,4G
CUST-101589,Cairo,Zamalek,2022-05-30,Month-to-month,566.27,359.74,2.0,Credit card,32,4.0,18531.16,0,Fiber Internet,4G
CUST-101590,Cairo,Nasr City,2022-05-31,One year,634.51,186.32,1.0,Mobile wallet,32,3.0,20561.0,0,Bundle,4G
CUST-101591,Cairo,Zamalek,2022-05-31,One year,668.33,416.65,0.0,Mobile wallet,32,5.0,23169.78,0,Fiber Internet,5G
CUST-101592,Canal,Ismailia,2022-05-31,Month-to-month,214.85,16.97,0.0,Cash,32,4.0,6886.44,0,Mobile,5G
CUST-101593,Alexandria,Montazah,2022-05-31,Month-to-month,297.89,101.55,0.0,Mobile wallet,32,5.0,9779.39,0,DSL Internet,4G
CUST-101594,Upper Egypt,Minya,2022-06-01,Month-to-month,167.67,11.36,1.0,Credit card,32,4.0,5336.5,0,Mobile,4G
CUST-101595,Upper Egypt,Qena,2022-06-01,One year,390.62,287.45,1.0,Bank transfer,32,5.0,12005.49,0,Fiber Internet,5G
CUST-101596,Cairo,Heliopolis,2022-06-01,Month-to-month,600.7,282.21,1.0,Cash,32,4.0,19546.72,0,Fiber Internet,5G
CUST-101597,Cairo,Zamalek,2022-06-01,Month-to-month,482.31,190.02,3.0,Bank transfer,32,2.0,14528.68,0,Fiber Internet,4G
CUST-101598,Upper Egypt,Minya,2022-06-01,One year,174.08,11.48,0.0,Cash,32,4.0,5790.39,0,Mobile,5G
CUST-101599,Cairo,Maadi,2022-06-02,Two year,273.85,14.07,0.0,Mobile wallet,32,5.0,8301.66,0,Mobile,5G
CUST-101600,Canal,,2022-06-02,Month-to-month,188.08,9.05,1.0,Credit card,32,,5805.4,0,Mobile,4G
CUST-101601,Cairo,Heliopolis,2022-06-02,One year,291.39,8.54,2.0,Credit card,32,4.0,8963.1,0,Mobile,4G
CUST-101602,Delta,Damanhour,2022-06-02,One year,587.84,262.56,3.0,Cash,32,3.0,18675.63,1,Fiber Internet,4G
CUST-101603,Upper Egypt,Minya,2022-06-02,One year,402.08,266.05,0.0,Cash,32,5.0,12290.33,0,Fiber Internet,4G
CUST-101604,Cairo,Zamalek,2022-06-03,One year,271.47,17.66,1.0,Cash,32,5.0,8864.05,0,Mobile,5G
CUST-101605,Cairo,Zamalek,2022-06-03,One year,229.14,14.16,0.0,Bank transfer,32,5.0,7134.88,0,Mobile,4G
CUST-101606,Red Sea,Marsa Alam,2022-06-03,Month-to-month,587.02,238.39,2.0,Mobile wallet,32,4.0,18112.43,1,Fiber Internet,4G
CUST-101607,Cairo,Heliopolis,2022-06-03,Month-to-month,503.75,150.45,0.0,Credit card,32,5.0,15773.93,0,Fiber Internet,4G
CUST-101608,Alexandria,Montazah,2022-06-04,Two year,1046.58,,2.0,Bank transfer,32,4.0,36607.91,0,Bundle,4G
CUST-101609,Alexandria,Montazah,2022-06-04,Month-to-month,158.54,2.19,3.0,Mobile wallet,32,4.0,4735.62,0,Mobile,3G
CUST-101610,Cairo,Maadi,2022-06-05,Two year,349.07,14.35,0.0,Cash,32,5.0,11388.99,0,Mobile,4G
CUST-101611,Upper Egypt,Minya,2022-06-06,Month-to-month,178.55,3.91,0.0,Bank transfer,32,5.0,5711.41,0,Mobile,3G
CUST-101612,Upper Egypt,Qena,2022-06-07,One year,348.4,368.04,2.0,Mobile wallet,32,4.0,10801.08,0,Fiber Internet,5G
CUST-101613,Alexandria,Montazah,2022-06-07,Month-to-month,615.07,137.96,4.0,Credit card,32,3.0,19993.06,0,Fiber Internet,3G
CUST-101614,Upper Egypt,Qena,2022-06-07,Month-to-month,139.08,8.9,1.0,Bank transfer,32,4.0,4279.58,0,Mobile,3G
CUST-101615,Cairo,New Cairo,2022-06-08,Two year,261.73,17.14,0.0,Credit card,32,,8015.65,0,Mobile,5G
CUST-101616,Cairo,Maadi,2022-06-08,Month-to-month,449.05,82.57,4.0,,32,2.0,13710.57,0,Fiber Internet,3G
CUST-101617,Delta,Mansoura,2022-06-08,One year,192.4,8.19,0.0,Credit card,32,5.0,6177.09,0,Mobile,5G
CUST-101618,Red Sea,Sharm El Sheikh,2022-06-09,One year,568.15,309.96,2.0,Mobile wallet,32,3.0,17190.26,1,Fiber Internet,4G
CUST-101619,Cairo,Zamalek,2022-06-09,Two year,302.33,14.6,1.0,Bank transfer,32,5.0,9339.11,0,Mobile,5G
CUST-101620,Cairo,New Cairo,2022-06-09,One year,336.92,12.31,2.0,Bank transfer,32,3.0,10929.36,0,Mobile,4G
CUST-101621,Delta,Zagazig,2022-06-09,Two year,195.26,7.57,5.0,Bank transfer,32,2.0,6517.82,0,Mobile,3G
CUST-101622,Upper Egypt,Qena,2022-06-10,Two year,372.54,226.86,1.0,Bank transfer,32,4.0,11244.71,0,Bundle,4G
CUST-101623,Cairo,Nasr City,2022-06-10,Month-to-month,250.98,13.72,1.0,Mobile wallet,32,5.0,8137.67,0,Mobile,5G
CUST-101624,Alexandria,Montazah,2022-06-10,Two year,221.69,13.18,2.0,Mobile wallet,32,4.0,7016.37,1,Mobile,5G
CUST-101625,Upper Egypt,Minya,2022-06-11,Two year,717.28,154.48,0.0,,32,5.0,24122.38,0,Bundle,4G
CUST-101626,Alexandria,Montazah,2022-06-12,Month-to-month,201.62,5.26,0.0,Bank transfer,32,4.0,6377.14,0,Mobile,4G
CUST-101627,Cairo,Zamalek,2022-06-12,One year,230.58,13.46,0.0,Mobile wallet,32,4.0,7834.49,0,Mobile,4G
CUST-101628,Cairo,Heliopolis,2022-06-12,Month-to-month,200.98,12.64,0.0,Cash,32,4.0,6375.86,1,Mobile,4G
CUST-101629,Alexandria,Montazah,2022-06-13,One year,349.52,130.08,0.0,Bank transfer,32,4.0,10343.97,0,DSL Internet,4G
CUST-101630,Alexandria,Montazah,2022-06-13,Month-to-month,195.29,14.61,1.0,Cash,32,5.0,6324.35,0,Mobile,5G
CUST-101631,Canal,Port Said,2022-06-13,One year,774.02,122.79,0.0,Cash,32,5.0,24751.31,0,Bundle,3G
CUST-101632,Delta,Mansoura,2022-06-14,Month-to-month,249.31,207.78,1.0,Cash,32,4.0,8291.95,0,DSL Internet,5G
CUST-101633,Upper Egypt,Sohag,2022-06-14,One year,482.92,63.92,5.0,Mobile wallet,32,2.0,16182.72,0,Fiber Internet,3G
CUST-101634,Red Sea,Sharm El Sheikh,2022-06-14,Month-to-month,182.02,11.43,2.0,Mobile wallet,32,3.0,5598.27,0,Mobile,5G
CUST-101635,Alexandria,Smouha,2022-06-14,One year,250.26,97.06,0.0,Mobile wallet,32,4.0,8298.63,0,DSL Internet,4G
CUST-101636,Alexandria,Sidi Gaber,2022-06-14,One year,771.5,151.4,2.0,Mobile wallet,32,4.0,24560.43,0,Bundle,3G
CUST-101637,Canal,Ismailia,2022-06-15,One year,610.75,338.76,2.0,Cash,32,4.0,18989.61,0,Bundle,5G
CUST-101638,Cairo,Maadi,2022-06-15,Month-to-month,223.54,8.96,0.0,Credit card,32,5.0,7567.86,0,Mobile,4G
CUST-101639,Upper Egypt,Sohag,2022-06-15,Month-to-month,198.4,134.08,1.0,Cash,32,5.0,6033.29,1,DSL Internet,5G
CUST-101640,Upper Egypt,Minya,2022-06-15,Month-to-month,196.23,78.56,0.0,Mobile wallet,32,5.0,6287.44,0,DSL Internet,5G
CUST-101641,Cairo,Zamalek,2022-06-15,Two year,919.13,432.18,1.0,Credit card,32,4.0,29324.28,0,Bundle,5G
CUST-101642,Alexandria,Sidi Gaber,2022-06-15,Month-to-month,202.04,16.11,1.0,Mobile wallet,32,,6598.39,0,Mobile,5G
CUST-101643,Cairo,New Cairo,2022-06-15,One year,318.6,99.13,1.0,Cash,32,5.0,10733.35,0,DSL Internet,4G
CUST-101644,Cairo,Heliopolis,2022-06-16,Month-to-month,368.7,121.49,2.0,Mobile wallet,32,4.0,12165.52,1,DSL Internet,4G
CUST-101645,Alexandria,Montazah,2022-06-16,One year,802.8,437.89,1.0,Cash,32,5.0,26619.39,0,Bundle,5G
CUST-101646,Cairo,Nasr City,2022-06-17,Month-to-month,329.61,66.13,1.0,Bank transfer,32,5.0,9834.64,0,DSL Internet,4G
CUST-101647,Upper Egypt,Assiut,2022-06-17,Month-to-month,556.25,132.79,1.0,Cash,32,4.0,18837.65,0,Bundle,4G
CUST-101648,Canal,Ismailia,2022-06-17,Month-to-month,164.41,8.79,1.0,Mobile wallet,32,4.0,5387.55,0,Mobile,4G
CUST-101649,Upper Egypt,Sohag,2022-06-18,Month-to-month,169.43,7.19,2.0,Cash,31,3.0,5482.87,0,Mobile,4G
CUST-101650,Cairo,Heliopolis,2022-06-18,Month-to-month,235.49,9.22,2.0,Bank transfer,31,4.0,7212.2,0,Mobile,4G
CUST-101651,Cairo,Nasr City,2022-06-18,Month-to-month,298.87,68.32,4.0,Bank transfer,31,2.0,8961.64,1,DSL Internet,3G
CUST-101652,Cairo,Heliopolis,2022-06-18,One year,322.96,14.6,2.0,Cash,31,4.0,10392.14,0,Mobile,5G
CUST-101653,Cairo,Zamalek,2022-06-18,Two year,653.68,172.47,1.0,Credit card,31,4.0,21894.57,0,Fiber Internet,5G
CUST-101654,Canal,Port Said,2022-06-19,Month-to-month,541.0,353.04,2.0,Bank transfer,31,5.0,16900.88,0,Bundle,4G
CUST-101655,Alexandria,Smouha,2022-06-19,Two year,742.11,385.17,0.0,Cash,31,5.0,21856.94,0,Bundle,4G
CUST-101656,Cairo,Maadi,2022-06-20,Month-to-month,477.33,408.81,2.0,Mobile wallet,31,4.0,15150.44,0,Fiber Internet,5G
CUST-101657,Upper Egypt,Minya,2022-06-20,Month-to-month,193.42,55.18,0.0,Cash,31,5.0,5951.3,0,DSL Internet,4G
CUST-101658,Alexandria,Montazah,2022-06-20,Month-to-month,190.02,9.13,2.0,Mobile wallet,31,4.0,5641.85,0,Mobile,4G
CUST-101659,Cairo,Zamalek,2022-06-20,Month-to-month,511.47,204.78,2.0,Cash,31,4.0,15771.89,0,Fiber Internet,5G
CUST-101660,Cairo,Maadi,2022-06-20,Month-to-month,481.91,194.65,1.0,Mobile wallet,31,4.0,15224.31,0,Fiber Internet,4G
CUST-101661,Delta,Zagazig,2022-06-21,Two year,350.1,105.4,1.0,Mobile wallet,31,3.0,11310.13,0,DSL Internet,4G
CUST-101662,Upper Egypt,Qena,2022-06-22,One year,156.86,3.25,2.0,Cash,31,4.0,4768.71,0,Mobile,3G
CUST-101663,Cairo,Maadi,2022-06-23,One year,224.03,12.2,1.0,Mobile wallet,31,4.0,6822.66,0,Mobile,4G
CUST-101664,Canal,Port Said,2022-06-23,One year,254.36,86.57,0.0,Credit card,31,4.0,7853.1,0,DSL Internet,4G
CUST-101665,Canal,Suez,2022-06-23,Month-to-month,366.26,274.22,1.0,Bank transfer,31,3.0,12151.58,0,Fiber Internet,4G
CUST-101666,Upper Egypt,Sohag,2022-06-23,One year,614.34,349.24,1.0,Mobile wallet,31,4.0,20066.99,0,Bundle,5G
CUST-101667,Cairo,Zamalek,2022-06-24,Month-to-month,556.23,147.94,2.0,Mobile wallet,31,4.0,17063.72,1,Fiber Internet,5G
CUST-101668,Cairo,Zamalek,2022-06-24,Month-to-month,781.96,,1.0,Mobile wallet,31,5.0,24751.64,0,Bundle,4G
CUST-101669,Canal,Ismailia,2022-06-24,Month-to-month,497.69,380.11,0.0,Mobile wallet,31,5.0,15234.05,0,Fiber Internet,4G
CUST-101670,Alexandria,Smouha,2022-06-24,Month-to-month,278.88,89.59,0.0,Cash,31,5.0,8912.32,0,DSL Internet,4G
CUST-101671,Delta,Mansoura,2022-06-24,One year,336.33,122.25,0.0,Bank transfer,31,4.0,10011.8,0,DSL Internet,4G
CUST-101672,Upper Egypt,Qena,2022-06-24,Month-to-month,144.76,7.75,2.0,Mobile wallet,31,4.0,4573.57,0,Mobile,4G
CUST-101673,Cairo,New Cairo,2022-06-24,Month-to-month,197.79,8.09,2.0,Mobile wallet,31,2.0,5633.14,0,Mobile,3G
CUST-101674,Upper Egypt,Qena,2022-06-25,Two year,606.16,131.24,2.0,Credit card,31,3.0,17557.94,0,Bundle,4G
CUST-101675,Canal,Ismailia,2022-06-25,Two year,226.24,15.74,0.0,Mobile wallet,31,3.0,6470.82,0,Mobile,4G
CUST-101676,Upper Egypt,Qena,2022-06-25,One year,256.29,137.27,33.0,Mobile wallet,31,4.0,8267.46,1,DSL Internet,4G
CUST-101677,Alexandria,Sidi Gaber,2022-06-26,One year,252.5,11.43,2.0,Cash,31,4.0,7777.95,0,Mobile,4G
CUST-101678,Canal,Suez,2022-06-27,One year,304.87,,0.0,Bank transfer,31,4.0,8939.65,0,DSL Internet,5G
CUST-101679,Delta,Mansoura,2022-06-27,Month-to-month,184.02,8.18,0.0,Credit card,31,4.0,6260.79,0,Mobile,4G
CUST-101680,Upper Egypt,Sohag,2022-06-27,Month-to-month,432.75,160.75,2.0,Mobile wallet,31,3.0,12999.31,0,Fiber Internet,5G
CUST-101681,Upper Egypt,Sohag,2022-06-27,Month-to-month,380.5,199.92,0.0,,31,5.0,12043.66,0,Fiber Internet,4G
CUST-101682,Upper Egypt,Qena,2022-06-27,Month-to-month,167.73,9.22,0.0,Mobile wallet,31,5.0,5036.71,0,Mobile,4G
CUST-101683,Cairo,Maadi,2022-06-27,Two year,517.54,327.31,2.0,Bank transfer,31,4.0,16553.17,0,Fiber Internet,5G
CUST-101684,Cairo,Zamalek,2022-06-27,One year,1176.55,235.14,3.0,Cash,31,3.0,35275.43,1,Bundle,3G
CUST-101685,Cairo,Maadi,2022-06-28,Two year,311.54,49.47,1.0,Credit card,31,3.0,9369.24,0,DSL Internet,3G
CUST-101686,Delta,Zagazig,2022-06-28,One year,565.41,502.65,1.0,Bank transfer,31,5.0,16591.24,0,Bundle,5G
CUST-101687,Delta,Zagazig,2022-06-28,One year,261.4,95.59,1.0,Bank transfer,31,4.0,7873.48,0,DSL Internet,4G
CUST-101688,Delta,Mansoura,2022-06-29,One year,581.0,385.36,3.0,Mobile wallet,31,4.0,17286.93,0,Fiber Internet,5G
CUST-101689,Alexandria,Sidi Gaber,2022-06-29,One year,479.83,182.1,0.0,Cash,31,5.0,13826.65,0,Fiber Internet,4G
CUST-101690,Upper Egypt,Assiut,2022-06-29,Month-to-month,518.5,414.2,1.0,Credit card,31,3.0,16545.66,0,Bundle,5G
CUST-101691,Canal,Port Said,2022-06-29,Month-to-month,407.35,181.77,1.0,Cash,31,4.0,13191.67,0,Fiber Internet,4G
CUST-101692,Cairo,Zamalek,2022-06-29,One year,220.45,10.11,1.0,Mobile wallet,31,4.0,6647.86,0,Mobile,4G
CUST-101693,Upper Egypt,Qena,2022-06-29,Month-to-month,526.69,438.99,1.0,Cash,31,3.0,14967.25,0,Bundle,5G
CUST-101694,Delta,Damanhour,2022-06-29,One year,551.21,129.76,0.0,Cash,31,5.0,17335.65,0,Bundle,4G
CUST-101695,Delta,Mansoura,2022-06-29,Month-to-month,423.73,166.52,3.0,Mobile wallet,31,,13217.2,0,Fiber Internet,4G
CUST-101696,Cairo,Zamalek,2022-06-29,One year,275.69,14.64,0.0,Credit card,31,5.0,8204.39,0,Mobile,5G
CUST-101697,Upper Egypt,Assiut,2022-06-29,Month-to-month,458.91,310.66,1.0,Bank transfer,31,4.0,14192.51,0,Fiber Internet,5G
CUST-101698,Red Sea,Marsa Alam,2022-06-30,Month-to-month,266.89,58.5,2.0,Cash,31,,7360.98,0,DSL Internet,3G
CUST-101699,Upper Egypt,Qena,2022-06-30,One year,170.74,8.64,2.0,Mobile wallet,31,4.0,5294.69,0,Mobile,4G
CUST-101700,Canal,Port Said,2022-06-30,Month-to-month,268.13,113.61,1.0,Mobile wallet,31,4.0,8261.16,0,DSL Internet,5G
CUST-101701,Red Sea,Marsa Alam,2022-06-30,Two year,608.11,231.56,1.0,Cash,31,4.0,19853.86,0,Fiber Internet,4G
CUST-101702,Alexandria,Borg El Arab,2022-06-30,Month-to-month,269.21,13.14,0.0,Cash,31,5.0,8430.26,0,Mobile,4G
CUST-101703,Delta,Damanhour,2022-07-01,Month-to-month,403.3,91.21,2.0,Mobile wallet,31,3.0,12142.98,1,Fiber Internet,3G
CUST-101704,Alexandria,Smouha,2022-07-01,Month-to-month,135.68,5.66,2.0,Cash,31,3.0,4390.19,1,Mobile,3G
CUST-101705,Red Sea,Hurghada,2022-07-02,Two year,366.7,210.56,1.0,Credit card,31,5.0,11006.83,0,DSL Internet,5G
CUST-101706,Cairo,New Cairo,2022-07-02,One year,251.0,11.42,1.0,Mobile wallet,31,4.0,7315.4,0,Mobile,4G
CUST-101707,Alexandria,Sidi Gaber,2022-07-03,Month-to-month,282.37,72.2,1.0,Cash,31,4.0,8780.45,1,DSL Internet,5G
CUST-101708,Canal,Ismailia,2022-07-03,Month-to-month,170.76,8.12,0.0,Credit card,31,4.0,5514.9,0,Mobile,4G
CUST-101709,Cairo,Nasr City,2022-07-03,One year,656.87,297.18,1.0,Credit card,31,,21233.84,0,Bundle,4G
CUST-101710,Upper Egypt,Minya,2022-07-04,Two year,343.74,106.22,0.0,Cash,31,4.0,10556.66,0,DSL Internet,4G
CUST-101711,Alexandria,Borg El Arab,2022-07-04,Month-to-month,210.16,15.93,1.0,Mobile wallet,31,5.0,6329.64,0,Mobile,5G
CUST-101712,Red Sea,Marsa Alam,2022-07-04,Month-to-month,670.48,233.29,1.0,Credit card,31,3.0,19751.37,0,Bundle,4G
CUST-101713,Canal,Ismailia,2022-07-05,Month-to-month,561.07,236.37,5.0,Bank transfer,31,2.0,16234.64,1,Fiber Internet,4G
CUST-101714,Alexandria,Montazah,2022-07-05,Month-to-month,417.72,272.99,2.0,Bank transfer,31,4.0,12169.77,0,Fiber Internet,4G
CUST-101715,Upper Egypt,Minya,2022-07-05,One year,584.39,157.85,3.0,Bank transfer,31,3.0,17223.27,1,Bundle,3G
CUST-101716,Alexandria,Sidi Gaber,2022-07-05,Two year,620.03,,0.0,Cash,31,4.0,20496.61,0,Bundle,4G
CUST-101717,Delta,Zagazig,2022-07-05,Two year,330.51,68.34,0.0,Mobile wallet,31,,10022.55,0,DSL Internet,4G
CUST-101718,Delta,Damanhour,2022-07-06,Two year,552.92,136.95,0.0,,31,4.0,17228.56,0,Bundle,3G
CUST-101719,Upper Egypt,Sohag,2022-07-06,Month-to-month,167.25,12.14,1.0,Credit card,31,4.0,5298.23,0,Mobile,4G
CUST-101720,Cairo,Heliopolis,2022-07-06,Two year,340.96,4.7,2.0,Bank transfer,31,4.0,10417.14,0,Mobile,3G
CUST-101721,Cairo,Zamalek,2022-07-06,Month-to-month,233.45,14.7,4.0,Bank transfer,31,,7130.21,0,Mobile,5G
CUST-101722,Upper Egypt,Minya,2022-07-07,Month-to-month,112.68,19.16,0.0,Cash,31,5.0,3672.75,0,Mobile,5G
CUST-101723,Delta,Mansoura,2022-07-07,One year,458.15,255.9,2.0,Cash,31,4.0,13846.99,1,Fiber Internet,5G
CUST-101724,Delta,,2022-07-07,Month-to-month,187.87,19.79,0.0,Bank transfer,31,4.0,6087.04,0,Mobile,4G
CUST-101725,Cairo,Zamalek,2022-07-07,Two year,708.79,202.79,2.0,Cash,31,3.0,24071.13,0,Fiber Internet,4G
CUST-101726,Alexandria,Montazah,2022-07-07,Two year,283.51,10.19,0.0,Credit card,31,4.0,8482.99,0,Mobile,4G
CUST-101727,Canal,Port Said,2022-07-07,One year,249.45,9.16,4.0,Bank transfer,31,3.0,7684.82,0,Mobile,4G
CUST-101728,Cairo,New Cairo,2022-07-08,Two year,386.08,46.95,2.0,Mobile wallet,31,3.0,11888.52,0,DSL Internet,3G
CUST-101729,Alexandria,Montazah,2022-07-08,Month-to-month,184.51,,1.0,Bank transfer,31,5.0,5606.43,0,Mobile,5G
CUST-101730,Canal,Ismailia,2022-07-08,Month-to-month,232.51,45.22,3.0,Cash,31,4.0,6854.9,1,DSL Internet,3G
CUST-101731,Cairo,Maadi,2022-07-08,Two year,365.2,125.86,0.0,Credit card,31,3.0,11570.81,1,DSL Internet,4G
CUST-101732,Upper Egypt,Sohag,2022-07-08,One year,431.64,147.98,1.0,Cash,31,4.0,13433.96,0,Fiber Internet,4G
CUST-101733,Cairo,New Cairo,2022-07-09,Two year,697.65,222.43,2.0,Credit card,31,4.0,23780.75,0,Bundle,4G
CUST-101734,Canal,Ismailia,2022-07-09,Month-to-month,515.4,320.33,2.0,Credit card,31,2.0,15717.72,0,Bundle,4G
CUST-101735,Upper Egypt,Minya,2022-07-09,Month-to-month,169.13,11.53,0.0,Bank transfer,31,5.0,5558.89,0,Mobile,4G
CUST-101736,Canal,Suez,2022-07-10,Month-to-month,402.57,161.69,1.0,Cash,31,,13357.71,0,Fiber Internet,4G
CUST-101737,Cairo,Nasr City,2022-07-10,One year,267.18,19.57,1.0,Mobile wallet,31,5.0,8255.09,0,Mobile,5G
CUST-101738,Delta,Mansoura,2022-07-10,Two year,186.4,5.64,0.0,Mobile wallet,31,5.0,5881.77,0,Mobile,4G
CUST-101739,Upper Egypt,Assiut,2022-07-10,Two year,449.78,,1.0,Credit card,31,4.0,14435.56,0,Fiber Internet,4G
CUST-101740,Cairo,Zamalek,2022-07-10,Month-to-month,299.72,149.34,0.0,Credit card,31,5.0,9084.34,0,DSL Internet,5G
CUST-101741,Cairo,Zamalek,2022-07-11,One year,597.0,113.11,0.0,Credit card,31,5.0,19738.61,0,Bundle,3G
CUST-101742,Cairo,Heliopolis,2022-07-11,Month-to-month,374.56,123.87,0.0,Cash,31,4.0,11234.52,0,DSL Internet,4G
CUST-101743,Red Sea,Hurghada,2022-07-11,Month-to-month,290.39,54.31,1.0,Credit card,31,4.0,8814.61,0,DSL Internet,3G
CUST-101744,Upper Egypt,,2022-07-11,Month-to-month,355.86,108.08,0.0,Bank transfer,31,5.0,10806.77,0,Fiber Internet,4G
CUST-101745,Delta,Mansoura,2022-07-11,One year,177.88,14.77,2.0,Mobile wallet,31,5.0,5563.96,0,Mobile,4G
CUST-101746,Upper Egypt,Sohag,2022-07-11,Month-to-month,168.76,11.44,1.0,Mobile wallet,31,5.0,5300.16,0,Mobile,4G
CUST-101747,Delta,Mansoura,2022-07-11,Month-to-month,430.47,236.37,2.0,Bank transfer,31,4.0,13004.87,0,Fiber Internet,5G
CUST-101748,Alexandria,Smouha,2022-07-11,One year,344.9,68.27,0.0,Credit card,31,5.0,10643.51,0,DSL Internet,4G
CUST-101749,Alexandria,Smouha,2022-07-11,Two year,220.93,4.97,0.0,Bank transfer,31,4.0,6543.51,0,Mobile,4G
CUST-101750,Delta,Mansoura,2022-07-11,Month-to-month,409.93,322.91,1.0,Mobile wallet,31,5.0,13299.78,0,Fiber Internet,4G
CUST-101751,Cairo,Heliopolis,2022-07-11,Month-to-month,243.15,15.29,0.0,Credit card,31,5.0,7747.2,0,Mobile,5G
CUST-101752,Canal,Ismailia,2022-07-12,One year,583.35,284.81,2.0,Mobile wallet,31,4.0,17832.65,0,Fiber Internet,4G
CUST-101753,Upper Egypt,Minya,2022-07-12,One year,181.14,6.8,0.0,Credit card,31,4.0,5572.17,0,Mobile,4G
CUST-101754,Alexandria,Sidi Gaber,2022-07-13,Two year,206.89,9.05,2.0,Cash,31,3.0,6243.47,0,Mobile,4G
CUST-101755,Delta,Mansoura,2022-07-13,Month-to-month,182.99,8.43,0.0,Cash,31,5.0,5461.83,0,Mobile,4G
CUST-101756,Cairo,Nasr City,2022-07-13,One year,249.46,12.16,0.0,Credit card,31,4.0,7398.93,0,Mobile,4G
CUST-101757,Red Sea,Marsa Alam,2022-07-13,Two year,450.05,281.42,1.0,Bank transfer,31,4.0,13001.47,1,Fiber Internet,5G
CUST-101758,Canal,Port Said,2022-07-13,Month-to-month,445.44,142.13,1.0,Bank transfer,31,5.0,14338.07,0,Bundle,4G
CUST-101759,Canal,Suez,2022-07-14,Month-to-month,186.73,,3.0,Cash,31,3.0,5833.99,1,Mobile,3G
CUST-101760,Alexandria,Smouha,2022-07-14,Two year,556.45,310.13,1.0,Mobile wallet,31,5.0,16305.03,0,Fiber Internet,5G
CUST-101761,Cairo,Maadi,2022-07-14,Month-to-month,517.55,178.47,2.0,Mobile wallet,31,4.0,15960.42,1,Fiber Internet,5G
CUST-101762,Cairo,Maadi,2022-07-14,One year,663.19,193.6,1.0,Credit card,31,5.0,18924.01,1,Fiber Internet,4G
CUST-101763,Cairo,Maadi,2022-07-15,Two year,238.86,10.48,0.0,Credit card,31,4.0,7631.1,0,Mobile,4G
CUST-101764,Cairo,Heliopolis,2022-07-15,Month-to-month,189.08,15.22,2.0,Mobile wallet,31,4.0,5881.19,0,Mobile,5G
CUST-101765,Cairo,Zamalek,2022-07-15,One year,707.96,406.98,0.0,Mobile wallet,31,5.0,21489.57,0,Bundle,4G
CUST-101766,Red Sea,Marsa Alam,2022-07-16,Month-to-month,633.15,207.81,1.0,Cash,31,3.0,19333.25,1,Bundle,4G
CUST-101767,Cairo,New Cairo,2022-07-16,Two year,629.68,241.59,1.0,Cash,31,4.0,20573.09,0,Fiber Internet,4G
CUST-101768,Cairo,Maadi,2022-07-16,Two year,568.68,,1.0,Mobile wallet,31,4.0,16307.11,0,Fiber Internet,4G
CUST-101769,Upper Egypt,Sohag,2022-07-16,Two year,134.08,8.1,0.0,Mobile wallet,31,5.0,4345.68,0,Mobile,4G
CUST-101770,Delta,Tanta,2022-07-16,Month-to-month,117.77,7.38,0.0,Cash,31,4.0,3534.72,0,Mobile,5G
CUST-101771,Upper Egypt,Assiut,2022-07-17,One year,176.99,8.11,4.0,Cash,31,2.0,5799.13,0,Mobile,4G
CUST-101772,Delta,Tanta,2022-07-17,Two year,256.93,108.67,2.0,Cash,31,4.0,8240.91,0,DSL Internet,4G
CUST-101773,Canal,Suez,2022-07-17,One year,153.91,9.42,1.0,Cash,31,4.0,4557.21,0,Mobile,4G
CUST-101774,Delta,Tanta,2022-07-17,One year,211.32,6.51,0.0,Bank transfer,31,4.0,6398.4,0,Mobile,4G
CUST-101775,Delta,Mansoura,2022-07-17,Month-to-month,212.35,18.64,1.0,Mobile wallet,31,5.0,6709.34,0,Mobile,5G
CUST-101776,Upper Egypt,Minya,2022-07-18,Two year,182.88,13.04,0.0,Mobile wallet,30,4.0,5694.2,0,Mobile,5G
CUST-101777,Alexandria,Borg El Arab,2022-07-18,Month-to-month,208.11,21.13,2.0,Credit card,30,4.0,6362.2,0,Mobile,5G
CUST-101778,Alexandria,Borg El Arab,2022-07-18,Month-to-month,486.12,448.25,0.0,Mobile wallet,30,,14811.14,0,Fiber Internet,5G
CUST-101779,Alexandria,Smouha,2022-07-18,Two year,386.84,275.13,1.0,Bank transfer,30,4.0,11308.66,0,Fiber Internet,4G
CUST-101780,Cairo,Nasr City,2022-07-18,Two year,705.25,168.75,0.0,Bank transfer,30,4.0,21186.11,0,Fiber Internet,4G
CUST-101781,Upper Egypt,Qena,2022-07-19,Two year,501.65,229.98,0.0,Credit card,30,4.0,15005.33,0,Fiber Internet,4G
CUST-101782,Cairo,New Cairo,2022-07-19,Month-to-month,411.24,118.29,1.0,Mobile wallet,30,5.0,11596.39,0,DSL Internet,5G
CUST-101783,Cairo,Heliopolis,2022-07-19,Month-to-month,216.75,15.15,0.0,Mobile wallet,30,5.0,6589.77,0,Mobile,4G
CUST-101784,Cairo,Maadi,2022-07-20,One year,216.53,15.8,1.0,Mobile wallet,30,4.0,6400.54,0,Mobile,4G
CUST-101785,Upper Egypt,Minya,2022-07-20,Month-to-month,574.88,300.49,1.0,Credit card,30,4.0,18195.58,0,Bundle,4G
CUST-101786,Alexandria,Montazah,2022-07-20,Two year,364.66,105.98,0.0,Mobile wallet,30,4.0,11451.67,0,DSL Internet,4G
CUST-101787,Upper Egypt,Qena,2022-07-20,One year,451.07,,1.0,Credit card,30,5.0,13631.84,0,Fiber Internet,4G
CUST-101788,Canal,Ismailia,2022-07-20,Month-to-month,171.9,10.71,0.0,Bank transfer,30,4.0,5384.78,0,Mobile,5G
CUST-101789,Cairo,Nasr City,2022-07-21,Month-to-month,237.94,10.99,4.0,Bank transfer,30,4.0,7070.08,1,Mobile,4G
CUST-101790,Upper Egypt,Minya,2022-07-21,Month-to-month,135.54,7.18,2.0,Cash,30,3.0,3927.14,1,Mobile,4G
CUST-101791,Alexandria,Borg El Arab,2022-07-21,Two year,737.08,80.53,7.0,Bank transfer,30,1.0,20860.18,0,Bundle,3G
CUST-101792,Cairo,Maadi,2022-07-22,One year,565.9,173.96,1.0,Mobile wallet,30,5.0,16868.65,0,Fiber Internet,4G
CUST-101793,Upper Egypt,Assiut,2022-07-22,Month-to-month,204.89,19.48,1.0,Cash,30,,5862.48,1,Mobile,4G
CUST-101794,Canal,Suez,2022-07-22,Month-to-month,201.08,9.48,1.0,Bank transfer,30,5.0,6005.71,0,Mobile,4G
CUST-101795,Cairo,New Cairo,2022-07-23,Month-to-month,165.53,8.91,0.0,Cash,30,5.0,4920.44,0,Mobile,4G
CUST-101796,Delta,Tanta,2022-07-24,Month-to-month,176.16,8.84,2.0,Credit card,30,4.0,5334.11,1,Mobile,4G
CUST-101797,Cairo,Heliopolis,2022-07-24,Two year,662.48,317.47,1.0,Bank transfer,30,4.0,20839.47,0,Fiber Internet,5G
CUST-101798,Delta,Damanhour,2022-07-24,One year,182.75,9.2,2.0,Credit card,30,3.0,5375.45,0,Mobile,4G
CUST-101799,Delta,Mansoura,2022-07-24,Month-to-month,469.59,249.59,0.0,Mobile wallet,30,5.0,13341.32,0,Bundle,5G
CUST-101800,Delta,Mansoura,2022-07-24,Two year,325.82,56.09,2.0,Cash,30,5.0,9395.07,0,DSL Internet,4G
CUST-101801,Delta,Damanhour,2022-07-24,Month-to-month,479.66,137.45,2.0,Mobile wallet,30,4.0,14601.02,1,Bundle,3G
CUST-101802,Cairo,Heliopolis,2022-07-24,Month-to-month,768.5,445.43,2.0,Mobile wallet,30,4.0,23937.53,0,Bundle,4G
CUST-101803,Upper Egypt,Assiut,2022-07-25,One year,466.6,75.1,1.0,Bank transfer,30,4.0,13359.92,0,Bundle,3G
CUST-101804,Delta,Zagazig,2022-07-25,Month-to-month,510.13,,3.0,Cash,30,3.0,14405.97,0,Bundle,3G
CUST-101805,Upper Egypt,Assiut,2022-07-27,Month-to-month,176.57,13.93,1.0,,30,3.0,4999.43,1,Mobile,4G
CUST-101806,Cairo,Zamalek,2022-07-27,Two year,288.18,9.93,0.0,Bank transfer,30,4.0,9266.42,0,Mobile,4G
CUST-101807,Alexandria,Borg El Arab,2022-07-27,Two year,238.05,17.83,1.0,,30,4.0,7261.25,0,Mobile,5G
CUST-101808,Alexandria,Borg El Arab,2022-07-27,Month-to-month,467.4,1030.14,0.0,Bank transfer,30,,13889.42,0,Fiber Internet,5G
CUST-101809,Cairo,Heliopolis,2022-07-28,One year,371.23,147.36,2.0,Bank transfer,30,4.0,11080.92,0,DSL Internet,4G
CUST-101810,Cairo,Maadi,2022-07-29,Month-to-month,206.18,14.65,0.0,Credit card,30,5.0,5719.93,0,Mobile,5G
CUST-101811,Alexandria,Borg El Arab,2022-07-29,One year,555.15,413.07,2.0,Credit card,30,4.0,16460.04,0,Bundle,5G
CUST-101812,Upper Egypt,Minya,2022-07-29,Month-to-month,243.63,114.59,2.0,Cash,30,4.0,7671.47,0,DSL Internet,4G
CUST-101813,Cairo,Zamalek,2022-07-29,One year,710.6,213.23,,Mobile wallet,30,3.0,20981.72,0,Fiber Internet,4G
CUST-101814,Upper Egypt,Assiut,2022-07-29,Month-to-month,395.23,102.46,1.0,Cash,30,5.0,11741.12,0,Fiber Internet,4G
CUST-101815,Delta,Zagazig,2022-07-30,Two year,214.59,17.64,0.0,Credit card,30,5.0,6522.45,0,Mobile,5G
CUST-101816,Upper Egypt,Minya,2022-07-30,Two year,364.14,295.24,4.0,Mobile wallet,30,4.0,10433.02,0,Fiber Internet,5G
CUST-101817,Alexandria,Sidi Gaber,2022-07-30,Month-to-month,224.03,5.28,6.0,Mobile wallet,30,1.0,6583.39,1,Mobile,3G
CUST-101818,Delta,Damanhour,2022-07-30,One year,482.84,471.39,1.0,Mobile wallet,30,5.0,14005.58,0,Fiber Internet,5G
CUST-101819,Delta,Mansoura,2022-07-30,Month-to-month,193.61,14.61,1.0,Mobile wallet,30,4.0,5692.3,0,Mobile,4G
CUST-101820,Canal,Port Said,2022-07-31,One year,235.33,13.7,0.0,Mobile wallet,30,4.0,6953.09,0,Mobile,4G
CUST-101821,Delta,Damanhour,2022-07-31,Month-to-month,495.9,185.98,0.0,Mobile wallet,30,5.0,14652.33,0,Fiber Internet,4G
CUST-101822,Delta,Zagazig,2022-08-01,Month-to-month,351.55,123.06,0.0,Cash,30,3.0,10589.59,0,Fiber Internet,5G
CUST-101823,Delta,Mansoura,2022-08-01,One year,162.11,7.94,1.0,Bank transfer,30,,4848.98,0,Mobile,4G
CUST-101824,Upper Egypt,Minya,2022-08-02,Month-to-month,498.0,116.82,1.0,Bank transfer,30,5.0,14831.27,0,Bundle,4G
CUST-101825,Cairo,Heliopolis,2022-08-02,One year,223.55,7.49,0.0,Mobile wallet,30,5.0,6739.2,0,Mobile,5G
CUST-101826,Delta,Zagazig,2022-08-02,One year,519.57,253.49,2.0,Bank transfer,30,3.0,15021.14,0,Bundle,4G
CUST-101827,Delta,Tanta,2022-08-02,Month-to-month,204.15,20.26,1.0,Credit card,30,5.0,5595.9,0,Mobile,5G
CUST-101828,Canal,Ismailia,2022-08-03,Month-to-month,163.07,4.68,1.0,Cash,30,5.0,4890.41,0,Mobile,4G
CUST-101829,Delta,Tanta,2022-08-03,One year,605.0,215.03,0.0,Credit card,30,5.0,17650.84,0,Bundle,4G
CUST-101830,Alexandria,Montazah,2022-08-03,One year,252.96,50.99,2.0,Credit card,30,4.0,7726.8,0,DSL Internet,3G
CUST-101831,Red Sea,Sharm El Sheikh,2022-08-03,Month-to-month,518.12,276.93,2.0,Mobile wallet,30,5.0,15200.43,0,Fiber Internet,5G
CUST-101832,Alexandria,Montazah,2022-08-03,Month-to-month,335.14,108.81,1.0,Credit card,30,4.0,9290.94,0,DSL Internet,5G
CUST-101833,Cairo,Zamalek,2022-08-03,One year,294.07,18.92,1.0,Credit card,30,4.0,8779.8,0,Mobile,4G
CUST-101834,Cairo,New Cairo,2022-08-03,One year,416.76,88.14,0.0,Credit card,30,5.0,13028.69,0,DSL Internet,4G
CUST-101835,Cairo,Zamalek,2022-08-04,Two year,268.19,9.61,1.0,Credit card,30,4.0,8146.38,0,Mobile,5G
CUST-101836,Cairo,Zamalek,2022-08-04,Month-to-month,379.94,82.03,0.0,Bank transfer,30,5.0,10750.52,0,DSL Internet,4G
CUST-101837,Alexandria,Borg El Arab,2022-08-04,One year,730.15,306.05,0.0,Cash,30,4.0,21356.53,0,Bundle,4G
CUST-101838,Upper Egypt,Assiut,2022-08-04,One year,509.2,,2.0,Bank transfer,30,4.0,14972.5,0,Bundle,5G
CUST-101839,Upper Egypt,Sohag,2022-08-04,Month-to-month,238.1,70.9,2.0,Bank transfer,30,4.0,7090.46,0,DSL Internet,4G
CUST-101840,Cairo,Heliopolis,2022-08-04,Month-to-month,598.0,391.56,1.0,Mobile wallet,30,4.0,17518.77,0,Fiber Internet,5G
CUST-101841,Delta,Tanta,2022-08-05,Month-to-month,340.17,94.38,2.0,Bank transfer,30,3.0,9488.22,0,Fiber Internet,3G
CUST-101842,Cairo,Zamalek,2022-08-05,Two year,233.6,7.84,0.0,Bank transfer,30,4.0,6969.45,0,Mobile,5G
CUST-101843,Canal,Suez,2022-08-05,Month-to-month,573.02,378.63,0.0,Bank transfer,30,5.0,18175.5,0,Bundle,5G
CUST-101844,Cairo,Nasr City,2022-08-05,One year,498.57,289.27,1.0,Bank transfer,30,,14566.14,0,Fiber Internet,4G
CUST-101845,Delta,Zagazig,2022-08-05,One year,381.39,162.15,1.0,Bank transfer,30,4.0,10872.55,0,Fiber Internet,4G
CUST-101846,Alexandria,Borg El Arab,2022-08-06,Month-to-month,274.59,91.98,0.0,Credit card,30,3.0,8707.12,0,DSL Internet,4G
CUST-101847,Delta,Tanta,2022-08-06,Two year,234.52,27.72,0.0,Cash,30,5.0,7576.2,0,Mobile,5G
CUST-101848,Alexandria,Sidi Gaber,2022-08-06,One year,361.66,96.73,3.0,Cash,30,4.0,10672.84,0,DSL Internet,4G
CUST-101849,Upper Egypt,Minya,2022-08-06,Month-to-month,236.31,84.55,2.0,Cash,30,4.0,7156.7,0,DSL Internet,4G
CUST-101850,Cairo,Heliopolis,2022-08-06,One year,259.97,18.64,2.0,Credit card,30,5.0,7867.96,0,Mobile,5G
CUST-101851,Canal,Suez,2022-08-06,One year,263.74,11.93,0.0,Mobile wallet,30,4.0,8193.49,0,Mobile,4G
CUST-101852,Delta,Zagazig,2022-08-07,Month-to-month,236.66,81.97,0.0,Mobile wallet,30,4.0,6556.49,1,DSL Internet,4G
CUST-101853,Upper Egypt,Qena,2022-08-07,One year,179.02,9.21,,Credit card,30,5.0,5364.18,0,Mobile,4G
CUST-101854,Upper Egypt,Minya,2022-08-07,One year,498.67,470.92,0.0,Cash,30,5.0,14307.85,0,Bundle,5G
CUST-101855,Red Sea,Marsa Alam,2022-08-07,Month-to-month,183.39,11.62,1.0,Mobile wallet,30,4.0,5577.69,0,Mobile,4G
CUST-101856,Cairo,Zamalek,2022-08-08,Two year,312.69,18.78,0.0,Credit card,30,5.0,9948.43,0,Mobile,5G
CUST-101857,Cairo,New Cairo,2022-08-08,One year,243.94,8.59,0.0,Cash,30,4.0,7415.77,0,Mobile,4G
CUST-101858,Cairo,Maadi,2022-08-08,One year,400.05,149.57,0.0,Credit card,30,5.0,11593.48,0,DSL Internet,5G
CUST-101859,Cairo,Nasr City,2022-08-09,Month-to-month,519.1,152.7,3.0,Bank transfer,30,2.0,15653.46,1,Fiber Internet,3G
CUST-101860,Delta,Mansoura,2022-08-09,Month-to-month,637.01,149.28,1.0,Credit card,30,4.0,18021.76,1,Bundle,4G
CUST-101861,Red Sea,Marsa Alam,2022-08-09,Month-to-month,596.38,685.54,0.0,Credit card,30,5.0,18230.23,0,Bundle,5G
CUST-101862,Red Sea,Sharm El Sheikh,2022-08-09,One year,653.95,352.46,4.0,Cash,30,3.0,18375.56,1,Fiber Internet,5G
CUST-101863,Delta,Mansoura,2022-08-10,One year,217.38,3.74,6.0,Mobile wallet,30,2.0,6174.85,0,Mobile,3G
CUST-101864,Delta,Damanhour,2022-08-10,One year,149.31,8.34,2.0,Credit card,30,4.0,4343.17,0,Mobile,4G
CUST-101865,Canal,Suez,2022-08-10,Month-to-month,544.69,93.33,3.0,Mobile wallet,30,,14088.4,1,Bundle,3G
CUST-101866,Canal,Ismailia,2022-08-10,One year,234.98,9.56,0.0,Cash,30,5.0,6743.79,0,Mobile,4G
CUST-101867,Cairo,Maadi,2022-08-10,Two year,1022.38,309.0,1.0,Cash,30,4.0,33298.49,0,Bundle,5G
CUST-101868,Delta,Mansoura,2022-08-10,One year,662.23,333.95,0.0,Cash,30,5.0,17039.05,1,Bundle,5G
CUST-101869,Upper Egypt,Sohag,2022-08-11,One year,384.13,89.45,1.0,Cash,30,5.0,10799.87,0,Fiber Internet,4G
CUST-101870,Alexandria,Smouha,2022-08-11,Two year,483.55,91.27,1.0,,30,4.0,14999.87,1,Fiber Internet,3G
CUST-101871,Alexandria,Montazah,2022-08-11,Month-to-month,671.72,194.96,0.0,Bank transfer,30,5.0,19378.2,0,Bundle,4G
CUST-101872,Red Sea,Hurghada,2022-08-11,One year,332.15,96.99,1.0,Cash,30,4.0,9803.76,0,DSL Internet,4G
CUST-101873,Red Sea,Hurghada,2022-08-12,Two year,356.36,94.19,2.0,Credit card,30,3.0,10684.25,0,DSL Internet,4G
CUST-101874,Canal,Ismailia,2022-08-13,One year,469.94,285.25,4.0,Credit card,30,3.0,13168.73,0,Fiber Internet,5G
CUST-101875,Upper Egypt,Sohag,2022-08-13,Month-to-month,408.45,230.41,4.0,Bank transfer,30,3.0,12339.58,1,Fiber Internet,4G
CUST-101876,Cairo,Zamalek,2022-08-14,Two year,334.58,15.48,4.0,Bank transfer,30,3.0,9989.0,0,Mobile,4G
CUST-101877,Alexandria,Montazah,2022-08-14,Month-to-month,709.15,555.72,3.0,Mobile wallet,30,,20734.18,0,Bundle,5G
CUST-101878,Delta,Damanhour,2022-08-14,Month-to-month,411.64,152.83,1.0,Cash,30,5.0,12815.51,0,Fiber Internet,4G
CUST-101879,Delta,Damanhour,2022-08-14,Month-to-month,224.76,94.57,0.0,Mobile wallet,30,4.0,6383.87,0,DSL Internet,4G
CUST-101880,Delta,Mansoura,2022-08-14,Month-to-month,191.49,10.48,0.0,Mobile wallet,30,5.0,5753.52,0,Mobile,4G
CUST-101881,Delta,Zagazig,2022-08-14,Month-to-month,666.86,193.16,2.0,Bank transfer,30,3.0,19193.65,0,Bundle,3G
CUST-101882,Alexandria,Montazah,2022-08-15,One year,251.26,9.13,0.0,Mobile wallet,30,5.0,7159.22,0,Mobile,4G
CUST-101883,Upper Egypt,Minya,2022-08-15,Two year,274.66,125.08,0.0,Credit card,30,5.0,8899.81,0,DSL Internet,4G
CUST-101884,Alexandria,Borg El Arab,2022-08-15,Month-to-month,188.31,7.18,0.0,Credit card,30,5.0,5677.78,0,Mobile,4G
CUST-101885,Alexandria,Smouha,2022-08-15,One year,722.52,221.63,0.0,Mobile wallet,30,4.0,22497.19,0,Bundle,4G
CUST-101886,Cairo,Maadi,2022-08-16,Two year,727.11,237.35,4.0,Mobile wallet,30,3.0,21359.7,0,Fiber Internet,4G
CUST-101887,Cairo,New Cairo,2022-08-16,Two year,651.31,280.34,2.0,Bank transfer,30,4.0,18735.04,0,Fiber Internet,4G
CUST-101888,Canal,Port Said,2022-08-17,Month-to-month,185.17,3.64,6.0,Bank transfer,30,2.0,4700.48,1,Mobile,3G
CUST-101889,Alexandria,Smouha,2022-08-17,Month-to-month,183.13,3.77,4.0,Credit card,30,3.0,5424.24,0,Mobile,3G
CUST-101890,Cairo,Heliopolis,2022-08-17,One year,339.52,11.56,0.0,Mobile wallet,30,,9509.96,0,Mobile,4G
CUST-101891,Upper Egypt,Sohag,2022-08-17,Two year,163.71,4.7,2.0,Bank transfer,30,3.0,4929.86,0,Mobile,3G
CUST-101892,Delta,Mansoura,2022-08-17,One year,396.32,71.78,2.0,Bank transfer,30,3.0,11274.83,0,Fiber Internet,3G
CUST-101893,Cairo,Nasr City,2022-08-17,Month-to-month,547.7,340.2,0.0,Cash,30,4.0,16738.51,0,Fiber Internet,5G
CUST-101894,Alexandria,Montazah,2022-08-17,One year,216.43,9.2,2.0,Mobile wallet,30,3.0,7027.53,0,Mobile,4G
CUST-101895,Cairo,Zamalek,2022-08-17,One year,415.72,160.74,1.0,Credit card,30,4.0,13881.39,0,DSL Internet,4G
CUST-101896,Delta,Zagazig,2022-08-18,One year,220.72,10.58,0.0,Mobile wallet,29,4.0,6482.96,0,Mobile,4G
CUST-101897,Cairo,,2022-08-19,Two year,227.36,9.86,1.0,Credit card,29,4.0,6590.45,0,Mobile,3G
CUST-101898,Cairo,Zamalek,2022-08-19,Two year,757.44,408.68,0.0,Credit card,29,5.0,21349.83,0,Bundle,5G
CUST-101899,Cairo,Zamalek,2022-08-19,One year,523.38,211.25,2.0,Mobile wallet,29,4.0,14703.53,0,Fiber Internet,5G
CUST-101900,Delta,Damanhour,2022-08-20,One year,498.96,276.24,4.0,Credit card,29,3.0,13938.15,0,Fiber Internet,5G
CUST-101901,Cairo,Maadi,2022-08-21,One year,831.3,160.56,5.0,Bank transfer,29,2.0,24656.73,1,Bundle,3G
CUST-101902,Upper Egypt,Assiut,2022-08-21,One year,237.76,67.94,0.0,Cash,29,4.0,6786.94,0,DSL Internet,4G
CUST-101903,Cairo,Heliopolis,2022-08-22,Month-to-month,549.37,496.51,,Mobile wallet,29,4.0,17308.43,0,Fiber Internet,5G
CUST-101904,Delta,Zagazig,2022-08-22,One year,386.49,154.74,1.0,Cash,29,4.0,10791.82,0,Fiber Internet,4G
CUST-101905,Alexandria,Sidi Gaber,2022-08-22,One year,622.51,107.39,2.0,Cash,29,2.0,17332.07,1,Bundle,3G
CUST-101906,Alexandria,Borg El Arab,2022-08-23,One year,572.57,235.95,1.0,Bank transfer,29,5.0,15762.16,0,Bundle,4G
CUST-101907,Cairo,Nasr City,2022-08-23,Month-to-month,233.33,4.52,1.0,Mobile wallet,29,4.0,6672.34,1,Mobile,3G
CUST-101908,Upper Egypt,Minya,2022-08-23,One year,411.0,343.53,1.0,Bank transfer,29,5.0,11822.29,0,Fiber Internet,5G
CUST-101909,Canal,Ismailia,2022-08-23,One year,560.79,401.73,0.0,Mobile wallet,29,5.0,16241.14,0,Bundle,5G
CUST-101910,Cairo,Maadi,2022-08-23,Month-to-month,348.9,121.38,1.0,Bank transfer,29,4.0,9648.11,1,DSL Internet,4G
CUST-101911,Cairo,Zamalek,2022-08-24,Month-to-month,260.47,13.92,0.0,Credit card,29,4.0,7721.82,0,Mobile,4G
CUST-101912,Canal,Port Said,2022-08-24,Month-to-month,377.92,208.66,4.0,Credit card,29,3.0,11253.61,0,Fiber Internet,5G
CUST-101913,Delta,Zagazig,2022-08-24,Two year,462.48,122.68,2.0,Mobile wallet,29,3.0,13857.76,0,Fiber Internet,4G
CUST-101914,Cairo,Nasr City,2022-08-24,Two year,288.01,16.45,1.0,Credit card,29,4.0,8038.01,0,Mobile,5G
CUST-101915,Cairo,Nasr City,2022-08-25,One year,590.1,196.47,1.0,Mobile wallet,29,4.0,17332.61,0,Fiber Internet,4G
CUST-101916,Delta,Tanta,2022-08-25,Month-to-month,336.59,121.34,0.0,Cash,29,5.0,9566.9,0,Fiber Internet,5G
CUST-101917,Upper Egypt,Minya,2022-08-25,One year,163.05,6.11,0.0,Mobile wallet,29,4.0,4979.74,0,Mobile,4G
CUST-101918,Delta,Tanta,2022-08-26,One year,182.09,6.27,3.0,Bank transfer,29,,5332.86,0,Mobile,4G
CUST-101919,Red Sea,Hurghada,2022-08-26,Two year,787.12,295.11,1.0,Credit card,29,3.0,23100.61,0,Bundle,5G
CUST-101920,Delta,Damanhour,2022-08-27,Month-to-month,537.14,462.21,0.0,Cash,29,,15404.58,0,Bundle,5G
CUST-101921,Alexandria,Smouha,2022-08-27,Month-to-month,348.36,197.12,0.0,Mobile wallet,29,5.0,9773.71,0,DSL Internet,5G
CUST-101922,Alexandria,Smouha,2022-08-27,One year,670.34,333.29,2.0,Bank transfer,29,4.0,19496.97,0,Bundle,4G
CUST-101923,Alexandria,Smouha,2022-08-27,Month-to-month,484.16,335.69,2.0,Cash,29,3.0,14220.69,1,Bundle,5G
CUST-101924,Cairo,New Cairo,2022-08-27,One year,597.58,318.84,1.0,Credit card,29,4.0,16217.25,1,Fiber Internet,4G
CUST-101925,Cairo,Heliopolis,2022-08-27,Two year,331.32,13.91,0.0,Bank transfer,29,4.0,10115.52,0,Mobile,4G
CUST-101926,Alexandria,Smouha,2022-08-28,Month-to-month,283.15,158.9,0.0,Credit card,29,5.0,8398.36,0,DSL Internet,4G
CUST-101927,Upper Egypt,Sohag,2022-08-28,Month-to-month,344.34,108.26,1.0,Credit card,29,4.0,9174.91,0,Fiber Internet,4G
CUST-101928,Cairo,New Cairo,2022-08-28,One year,243.07,15.78,1.0,Bank transfer,29,4.0,6790.86,0,Mobile,5G
CUST-101929,Alexandria,Montazah,2022-08-28,Two year,790.76,298.65,1.0,Mobile wallet,29,4.0,25031.13,0,Bundle,5G
CUST-101930,Delta,Mansoura,2022-08-29,One year,186.25,13.38,1.0,Bank transfer,29,4.0,5375.03,0,Mobile,4G
CUST-101931,Delta,Mansoura,2022-08-29,Month-to-month,438.59,210.29,0.0,Mobile wallet,29,3.0,12259.18,0,Bundle,4G
CUST-101932,Upper Egypt,Assiut,2022-08-29,One year,368.32,234.41,2.0,Cash,29,4.0,10308.67,0,Fiber Internet,4G
CUST-101933,Upper Egypt,Qena,2022-08-29,Month-to-month,155.17,5.32,1.0,Cash,29,4.0,4475.44,0,Mobile,4G
CUST-101934,Upper Egypt,Assiut,2022-08-30,One year,575.56,102.95,1.0,Credit card,29,4.0,17304.23,0,Bundle,3G
CUST-101935,Cairo,Maadi,2022-08-30,One year,337.91,96.9,2.0,Mobile wallet,29,5.0,9667.03,0,DSL Internet,5G
CUST-101936,Alexandria,Sidi Gaber,2022-08-30,Month-to-month,449.54,210.38,0.0,Credit card,29,4.0,12632.25,0,Fiber Internet,4G
CUST-101937,Delta,Zagazig,2022-08-30,One year,455.43,92.15,0.0,Mobile wallet,29,3.0,12010.6,0,Fiber Internet,3G
CUST-101938,Cairo,Zamalek,2022-08-30,One year,227.53,19.29,1.0,Bank transfer,29,4.0,6358.22,0,Mobile,5G
CUST-101939,Cairo,Zamalek,2022-08-30,Month-to-month,226.27,5.87,2.0,Mobile wallet,29,3.0,6378.55,0,Mobile,3G
CUST-101940,Cairo,Maadi,2022-08-30,One year,268.48,6.28,1.0,Credit card,29,5.0,7886.02,0,Mobile,4G
CUST-101941,Alexandria,Sidi Gaber,2022-08-30,Two year,199.8,5.88,2.0,Mobile wallet,29,4.0,5888.18,0,Mobile,4G
CUST-101942,Alexandria,Sidi Gaber,2022-08-31,One year,230.29,10.96,0.0,Credit card,29,4.0,7062.77,0,Mobile,4G
CUST-101943,Cairo,Nasr City,2022-09-01,Month-to-month,458.6,220.13,1.0,Credit card,29,4.0,12666.15,0,Fiber Internet,4G
CUST-101944,Upper Egypt,Minya,2022-09-01,One year,148.89,5.88,0.0,Mobile wallet,29,5.0,4340.86,0,Mobile,5G
CUST-101945,Canal,Ismailia,2022-09-02,Month-to-month,398.78,169.29,5.0,Bank transfer,29,3.0,11638.88,0,Fiber Internet,4G
CUST-101946,Cairo,Heliopolis,2022-09-02,One year,298.04,13.69,2.0,Mobile wallet,29,4.0,8297.45,0,Mobile,5G
CUST-101947,Canal,Port Said,2022-09-03,One year,160.62,8.64,2.0,Mobile wallet,29,4.0,4828.06,0,Mobile,5G
CUST-101948,Cairo,Nasr City,2022-09-04,Month-to-month,669.48,296.99,1.0,Mobile wallet,29,4.0,20023.3,1,Bundle,5G
CUST-101949,Canal,Port Said,2022-09-04,Month-to-month,579.84,339.21,1.0,Mobile wallet,29,4.0,16831.4,0,Bundle,5G
CUST-101950,Red Sea,Marsa Alam,2022-09-04,Two year,430.43,,0.0,Cash,29,4.0,12244.09,0,DSL Internet,5G
CUST-101951,Cairo,Maadi,2022-09-04,Month-to-month,286.99,9.97,1.0,Cash,29,3.0,8515.9,1,Mobile,5G
CUST-101952,Upper Egypt,Minya,2022-09-05,Two year,251.86,96.19,0.0,Credit card,29,4.0,7431.53,0,DSL Internet,4G
CUST-101953,Red Sea,Marsa Alam,2022-09-05,One year,259.57,10.47,2.0,Mobile wallet,29,4.0,7161.67,0,Mobile,4G
CUST-101954,Canal,Ismailia,2022-09-05,One year,476.38,215.12,1.0,Mobile wallet,29,5.0,13707.88,0,Fiber Internet,5G
CUST-101955,Red Sea,Sharm El Sheikh,2022-09-05,Month-to-month,673.81,331.08,0.0,Credit card,29,4.0,19257.55,0,Bundle,5G
CUST-101956,Delta,Damanhour,2022-09-06,Month-to-month,181.81,11.84,1.0,Bank transfer,29,4.0,4918.45,1,Mobile,5G
CUST-101957,Cairo,Nasr City,2022-09-07,Month-to-month,565.61,224.49,1.0,Bank transfer,29,4.0,15878.32,0,Bundle,4G
CUST-101958,Upper Egypt,Assiut,2022-09-07,One year,248.27,123.81,1.0,Mobile wallet,29,4.0,7007.04,0,DSL Internet,5G
CUST-101959,Delta,Zagazig,2022-09-08,Two year,219.12,15.74,1.0,Bank transfer,29,5.0,6560.54,0,Mobile,5G
CUST-101960,Delta,Damanhour,2022-09-08,Two year,183.85,9.0,0.0,Mobile wallet,29,5.0,5268.87,0,Mobile,4G
CUST-101961,Alexandria,Montazah,2022-09-08,Month-to-month,306.65,75.0,0.0,Mobile wallet,29,4.0,8923.45,0,DSL Internet,3G
CUST-101962,Delta,Mansoura,2022-09-09,Month-to-month,317.61,238.12,2.0,Mobile wallet,29,,9237.27,1,Fiber Internet,4G
CUST-101963,Cairo,Heliopolis,2022-09-09,Month-to-month,231.79,5.88,2.0,,29,2.0,6641.56,0,Mobile,3G
CUST-101964,Upper Egypt,Sohag,2022-09-09,Two year,216.68,4.68,3.0,Mobile wallet,29,4.0,5981.43,0,Mobile,3G
CUST-101965,Cairo,New Cairo,2022-09-10,Month-to-month,692.21,165.83,0.0,Mobile wallet,29,5.0,20832.24,0,Bundle,4G
CUST-101966,Upper Egypt,Minya,2022-09-10,Month-to-month,136.59,,1.0,Credit card,29,4.0,3900.83,0,Mobile,3G
CUST-101967,Upper Egypt,Sohag,2022-09-10,One year,438.4,205.01,1.0,Credit card,29,4.0,13619.65,0,Bundle,5G
CUST-101968,Alexandria,Montazah,2022-09-11,One year,336.14,229.97,1.0,Bank transfer,29,,10141.39,0,DSL Internet,4G
CUST-101969,Delta,Zagazig,2022-09-11,Month-to-month,196.75,31.97,,Cash,29,5.0,5826.55,0,Mobile,5G
CUST-101970,Alexandria,Montazah,2022-09-12,One year,219.86,9.71,1.0,Bank transfer,29,5.0,6433.67,0,Mobile,4G
CUST-101971,Red Sea,Sharm El Sheikh,2022-09-12,Month-to-month,297.89,91.94,0.0,Credit card,29,5.0,9026.74,0,DSL Internet,5G
CUST-101972,Upper Egypt,Minya,2022-09-12,Month-to-month,273.48,162.19,2.0,Credit card,29,3.0,8010.0,0,Fiber Internet,4G
CUST-101973,Alexandria,Smouha,2022-09-12,Month-to-month,203.61,18.41,2.0,Credit card,29,4.0,5391.79,0,Mobile,4G
CUST-101974,Cairo,Heliopolis,2022-09-13,Month-to-month,208.48,6.73,2.0,Bank transfer,29,3.0,6021.32,0,Mobile,4G
CUST-101975,Cairo,Maadi,2022-09-13,Two year,770.96,486.3,0.0,Cash,29,3.0,22869.05,0,Bundle,4G
CUST-101976,Alexandria,Montazah,2022-09-14,One year,387.12,72.08,0.0,Bank transfer,29,5.0,10775.57,0,DSL Internet,4G
CUST-101977,Canal,Port Said,2022-09-14,One year,369.35,154.21,,Cash,29,,11821.8,0,Fiber Internet,5G
CUST-101978,Upper Egypt,Qena,2022-09-14,Month-to-month,122.56,10.94,0.0,Credit card,29,4.0,3533.42,0,Mobile,5G
CUST-101979,Cairo,Heliopolis,2022-09-15,One year,608.35,316.5,1.0,Bank transfer,29,3.0,18038.54,0,Fiber Internet,4G
CUST-101980,Canal,Ismailia,2022-09-15,Two year,302.53,150.14,0.0,Cash,29,5.0,9184.75,0,DSL Internet,5G
CUST-101981,Alexandria,Smouha,2022-09-15,Month-to-month,186.86,10.57,0.0,Mobile wallet,29,5.0,5549.9,0,Mobile,4G
CUST-101982,Canal,Ismailia,2022-09-17,Two year,707.72,360.98,0.0,Cash,28,4.0,19731.63,0,Bundle,4G
CUST-101983,Cairo,Zamalek,2022-09-18,One year,810.73,411.04,4.0,Bank transfer,28,4.0,23064.33,0,Bundle,4G
CUST-101984,Delta,Zagazig,2022-09-18,One year,168.88,7.14,1.0,Mobile wallet,28,4.0,4524.52,1,Mobile,4G
CUST-101985,Canal,Port Said,2022-09-18,Month-to-month,535.16,164.49,1.0,Mobile wallet,28,4.0,14927.95,0,Bundle,4G
CUST-101986,Cairo,,2022-09-18,One year,366.64,240.35,1.0,Credit card,28,4.0,9794.79,0,DSL Internet,5G
CUST-101987,Upper Egypt,Qena,2022-09-19,One year,410.86,203.12,2.0,Cash,28,4.0,11384.36,0,Fiber Internet,4G
CUST-101988,Red Sea,Marsa Alam,2022-09-20,Two year,274.0,20.9,,Bank transfer,28,4.0,7302.86,0,Mobile,5G
CUST-101989,Cairo,Heliopolis,2022-09-20,Two year,773.49,124.4,0.0,Credit card,28,4.0,21653.55,0,Bundle,3G
CUST-101990,Cairo,Nasr City,2022-09-21,Month-to-month,556.45,265.42,0.0,Mobile wallet,28,5.0,15326.92,0,Fiber Internet,4G
CUST-101991,Delta,Tanta,2022-09-21,Two year,334.71,44.9,2.0,Mobile wallet,28,3.0,9559.95,0,DSL Internet,3G
CUST-101992,Alexandria,Borg El Arab,2022-09-21,Two year,236.82,11.75,2.0,Cash,28,4.0,6234.27,0,Mobile,4G
CUST-101993,Cairo,Heliopolis,2022-09-21,One year,248.83,11.67,0.0,Cash,28,5.0,6708.53,0,Mobile,4G
CUST-101994,Alexandria,Borg El Arab,2022-09-22,Month-to-month,602.14,347.78,5.0,Bank transfer,28,2.0,16239.31,0,Bundle,5G
CUST-101995,Upper Egypt,Qena,2022-09-22,Month-to-month,334.62,281.41,1.0,Mobile wallet,28,5.0,9363.85,0,Fiber Internet,5G
CUST-101996,Cairo,Nasr City,2022-09-23,Month-to-month,200.36,7.14,1.0,Cash,28,4.0,5555.09,0,Mobile,4G
CUST-101997,Alexandria,Borg El Arab,2022-09-23,Month-to-month,597.09,281.91,1.0,Credit card,28,5.0,17451.84,0,Bundle,4G
CUST-101998,Upper Egypt,Sohag,2022-09-23,Two year,194.6,9.56,2.0,Bank transfer,28,3.0,5457.92,0,Mobile,4G
CUST-101999,Delta,Damanhour,2022-09-23,Month-to-month,481.35,156.06,0.0,Cash,28,5.0,12996.5,1,Bundle,4G
CUST-102000,Upper Egypt,Minya,2022-09-23,One year,530.91,142.56,0.0,Credit card,28,4.0,14238.06,0,Bundle,4G
CUST-102001,Alexandria,Sidi Gaber,2022-09-24,One year,215.18,17.97,0.0,Cash,28,5.0,5955.43,0,Mobile,4G
CUST-102002,Red Sea,Hurghada,2022-09-25,One year,694.29,363.41,1.0,Mobile wallet,28,5.0,18402.44,0,Fiber Internet,5G
CUST-102003,Delta,Mansoura,2022-09-25,Month-to-month,595.4,299.35,2.0,Cash,28,4.0,17000.42,0,Bundle,5G
CUST-102004,Cairo,Heliopolis,2022-09-26,One year,856.7,210.22,0.0,Mobile wallet,28,4.0,24784.75,0,Bundle,4G
CUST-102005,Canal,Ismailia,2022-09-26,One year,538.06,430.31,0.0,Mobile wallet,28,5.0,14157.14,0,Fiber Internet,5G
CUST-102006,Delta,Zagazig,2022-09-26,One year,259.48,186.3,1.0,Mobile wallet,28,5.0,7278.36,0,DSL Internet,5G
CUST-102007,Cairo,Nasr City,2022-09-26,Month-to-month,627.72,304.84,2.0,Credit card,28,4.0,17502.7,0,Fiber Internet,4G
CUST-102008,Cairo,Heliopolis,2022-09-27,One year,257.42,16.46,1.0,Mobile wallet,28,5.0,7554.96,0,Mobile,5G
CUST-102009,Upper Egypt,Assiut,2022-09-27,Month-to-month,361.71,203.11,1.0,Cash,28,2.0,9375.67,1,Fiber Internet,4G
CUST-102010,Cairo,Nasr City,2022-09-27,One year,212.38,11.44,2.0,Cash,28,4.0,5765.91,0,Mobile,5G
CUST-102011,Cairo,Heliopolis,2022-09-28,Month-to-month,216.27,15.84,1.0,Cash,28,,6119.51,0,Mobile,5G
CUST-102012,Cairo,Zamalek,2022-09-28,Month-to-month,175.8,12.63,0.0,Mobile wallet,28,5.0,4826.34,0,Mobile,5G
CUST-102013,Alexandria,Montazah,2022-09-29,Two year,708.69,407.54,1.0,Mobile wallet,28,5.0,18801.42,1,Bundle,5G
CUST-102014,Alexandria,Borg El Arab,2022-09-29,Month-to-month,184.7,7.71,1.0,Mobile wallet,28,4.0,5077.73,0,Mobile,5G
CUST-102015,Delta,Damanhour,2022-09-29,Two year,195.56,16.71,0.0,Mobile wallet,28,4.0,5590.14,0,Mobile,4G
CUST-102016,Cairo,Maadi,2022-09-29,Two year,220.55,24.45,2.0,Mobile wallet,28,4.0,6456.04,0,Mobile,5G
CUST-102017,Cairo,Zamalek,2022-09-29,Month-to-month,249.05,8.0,,Credit card,28,5.0,6950.4,0,Mobile,4G
CUST-102018,Delta,Mansoura,2022-09-29,Month-to-month,586.18,391.66,1.0,Credit card,28,5.0,16235.34,0,Bundle,5G
CUST-102019,Alexandria,,2022-09-30,Month-to-month,568.21,206.44,1.0,Mobile wallet,28,,16332.71,0,Fiber Internet,5G
CUST-102020,Delta,Tanta,2022-09-30,Two year,250.79,11.64,0.0,Bank transfer,28,5.0,7080.17,0,Mobile,4G
CUST-102021,Cairo,Zamalek,2022-10-02,One year,800.56,146.21,0.0,Bank transfer,28,5.0,22558.08,0,Bundle,4G
CUST-102022,Cairo,New Cairo,2022-10-02,Month-to-month,258.54,15.4,1.0,Credit card,28,5.0,7567.39,0,Mobile,5G
CUST-102023,Cairo,Zamalek,2022-10-03,One year,608.46,292.27,40.0,Cash,28,5.0,16309.95,0,Fiber Internet,5G
CUST-102024,Alexandria,Borg El Arab,2022-10-03,Month-to-month,272.38,201.35,2.0,Cash,28,5.0,7546.33,0,DSL Internet,5G
CUST-102025,Alexandria,Smouha,2022-10-03,One year,307.23,176.14,0.0,Mobile wallet,28,,8264.92,0,DSL Internet,4G
CUST-102026,Upper Egypt,Assiut,2022-10-04,One year,186.65,15.33,1.0,Cash,28,4.0,5114.08,0,Mobile,4G
CUST-102027,Alexandria,Montazah,2022-10-04,Month-to-month,441.66,194.85,2.0,Cash,28,4.0,11735.84,0,DSL Internet,4G
CUST-102028,Delta,Zagazig,2022-10-04,Two year,554.24,224.04,0.0,Credit card,28,5.0,15283.98,0,Fiber Internet,4G
CUST-102029,Delta,Mansoura,2022-10-04,Month-to-month,421.27,293.87,6.0,Credit card,28,3.0,11542.69,1,Fiber Internet,5G
CUST-102030,Cairo,Zamalek,2022-10-05,One year,268.06,13.34,2.0,Credit card,28,5.0,6715.75,0,Mobile,4G
CUST-102031,Delta,Mansoura,2022-10-06,One year,296.53,73.1,1.0,Credit card,28,,8194.43,0,DSL Internet,4G
CUST-102032,Alexandria,Borg El Arab,2022-10-06,Two year,542.79,303.77,4.0,,28,3.0,14602.68,1,Fiber Internet,4G
CUST-102033,Alexandria,Smouha,2022-10-07,One year,350.1,208.67,0.0,Bank transfer,28,4.0,9694.73,0,DSL Internet,5G
CUST-102034,Cairo,Heliopolis,2022-10-08,Two year,820.02,358.37,1.0,Cash,28,4.0,20656.54,1,Bundle,4G
CUST-102035,Upper Egypt,Qena,2022-10-08,Month-to-month,421.31,90.92,0.0,Mobile wallet,28,4.0,12247.58,0,Bundle,4G
CUST-102036,Canal,Ismailia,2022-10-08,Two year,337.21,130.55,1.0,Bank transfer,28,5.0,9797.83,0,DSL Internet,4G
CUST-102037,Cairo,Zamalek,2022-10-08,Month-to-month,246.44,,1.0,Cash,28,4.0,7215.94,0,Mobile,4G
CUST-102038,Delta,Zagazig,2022-10-09,One year,189.69,9.29,0.0,Cash,28,5.0,5192.68,0,Mobile,4G
CUST-102039,Upper Egypt,Qena,2022-10-10,Month-to-month,378.48,208.81,0.0,Mobile wallet,28,5.0,10670.54,0,Fiber Internet,5G
CUST-102040,Cairo,Heliopolis,2022-10-12,Two year,302.62,8.6,0.0,Cash,28,5.0,8226.07,0,Mobile,4G
CUST-102041,Upper Egypt,Qena,2022-10-12,Two year,263.74,62.4,2.0,Cash,28,,7067.95,0,DSL Internet,4G
CUST-102042,Delta,Zagazig,2022-10-13,Month-to-month,238.01,93.53,0.0,Mobile wallet,28,4.0,6137.13,1,DSL Internet,4G
CUST-102043,Canal,Port Said,2022-10-13,One year,436.27,172.28,0.0,Cash,28,4.0,12313.6,0,Fiber Internet,4G
CUST-102044,Red Sea,Marsa Alam,2022-10-13,One year,233.72,10.03,1.0,Credit card,28,3.0,6762.98,0,Mobile,4G
CUST-102045,Cairo,Nasr City,2022-10-14,Month-to-month,851.55,676.72,0.0,Mobile wallet,28,4.0,25070.24,0,Bundle,5G
CUST-102046,Alexandria,Montazah,2022-10-14,One year,501.63,139.84,2.0,Mobile wallet,28,4.0,14017.8,0,Fiber Internet,4G
CUST-102047,Delta,Damanhour,2022-10-14,One year,472.24,176.15,2.0,Credit card,28,3.0,12861.91,0,Fiber Internet,4G
CUST-102048,Cairo,Nasr City,2022-10-14,One year,563.65,533.08,2.0,Credit card,28,5.0,15721.17,0,Fiber Internet,5G
CUST-102049,Alexandria,Borg El Arab,2022-10-14,Month-to-month,189.01,12.3,0.0,Credit card,28,5.0,5497.89,0,Mobile,5G
CUST-102050,Red Sea,Hurghada,2022-10-15,Two year,329.82,62.96,3.0,Bank transfer,28,2.0,9834.28,0,DSL Internet,3G
CUST-102051,Cairo,New Cairo,2022-10-16,Month-to-month,231.16,5.6,4.0,Credit card,28,2.0,6535.2,1,Mobile,3G
CUST-102052,Alexandria,Borg El Arab,2022-10-16,One year,480.3,354.31,6.0,Bank transfer,28,1.0,14028.74,0,Fiber Internet,5G
CUST-102053,Upper Egypt,Assiut,2022-10-16,Month-to-month,181.74,4.89,1.0,Cash,28,,5365.85,0,Mobile,4G
CUST-102054,Alexandria,Montazah,2022-10-16,Month-to-month,196.87,13.07,0.0,Mobile wallet,28,5.0,5528.59,0,Mobile,5G
CUST-102055,Alexandria,Smouha,2022-10-17,Month-to-month,197.79,14.17,1.0,Mobile wallet,27,4.0,5400.52,0,Mobile,5G
CUST-102056,Red Sea,Sharm El Sheikh,2022-10-17,Month-to-month,212.78,7.5,1.0,Credit card,27,5.0,5988.67,0,Mobile,4G
CUST-102057,Alexandria,Borg El Arab,2022-10-17,One year,717.08,159.48,2.0,Cash,27,4.0,19759.98,0,Bundle,3G
CUST-102058,Cairo,Maadi,2022-10-17,One year,433.33,249.37,1.0,Credit card,27,4.0,12105.69,0,DSL Internet,5G
CUST-102059,Cairo,Nasr City,2022-10-17,One year,217.33,11.76,2.0,Bank transfer,27,4.0,5725.25,0,Mobile,4G
CUST-102060,Canal,Ismailia,2022-10-18,One year,212.64,17.25,0.0,Mobile wallet,27,4.0,6062.47,0,Mobile,4G
CUST-102061,Cairo,Maadi,2022-10-20,Month-to-month,261.43,83.74,0.0,Cash,27,4.0,6917.72,0,DSL Internet,4G
CUST-102062,Delta,Mansoura,2022-10-20,Month-to-month,202.03,11.33,0.0,Cash,27,,5697.49,0,Mobile,4G
CUST-102063,Cairo,Heliopolis,2022-10-21,One year,578.11,376.53,1.0,Cash,27,4.0,15553.06,0,Fiber Internet,5G
CUST-102064,Alexandria,Sidi Gaber,2022-10-21,One year,177.15,8.29,0.0,Mobile wallet,27,5.0,4507.62,1,Mobile,4G
CUST-102065,Canal,Suez,2022-10-22,One year,399.44,134.29,5.0,Mobile wallet,27,2.0,9924.87,0,Fiber Internet,3G
CUST-102066,Delta,Tanta,2022-10-22,Month-to-month,599.68,251.65,0.0,Mobile wallet,27,5.0,16050.28,0,Bundle,4G
CUST-102067,Red Sea,Hurghada,2022-10-23,Two year,201.29,6.79,0.0,Credit card,27,5.0,5163.69,0,Mobile,4G
CUST-102068,Cairo,New Cairo,2022-10-24,Month-to-month,732.94,332.68,2.0,Bank transfer,27,4.0,18353.05,1,Bundle,4G
CUST-102069,Delta,Damanhour,2022-10-24,One year,565.99,276.67,1.0,Cash,27,,15593.0,0,Bundle,5G
CUST-102070,Canal,Ismailia,2022-10-25,Month-to-month,563.04,200.46,0.0,Cash,27,4.0,14278.95,0,Bundle,4G
CUST-102071,Alexandria,Borg El Arab,2022-10-25,One year,289.79,52.32,3.0,Bank transfer,27,3.0,8209.43,0,DSL Internet,3G
CUST-102072,Cairo,Heliopolis,2022-10-26,Month-to-month,619.73,426.97,0.0,Credit card,27,5.0,18419.64,0,Bundle,5G
CUST-102073,Canal,Port Said,2022-10-27,One year,448.51,260.51,1.0,Credit card,27,4.0,11875.74,0,Fiber Internet,4G
CUST-102074,Alexandria,Smouha,2022-10-27,Month-to-month,664.95,236.52,0.0,Mobile wallet,27,4.0,18121.68,1,Bundle,4G
CUST-102075,Delta,Tanta,2022-10-29,One year,185.33,4.73,1.0,Credit card,27,4.0,4724.29,0,Mobile,3G
CUST-102076,Red Sea,Marsa Alam,2022-10-30,Month-to-month,331.96,60.99,0.0,Mobile wallet,27,4.0,9106.36,0,DSL Internet,4G
CUST-102077,Cairo,Maadi,2022-10-30,One year,567.89,179.68,0.0,Credit card,27,5.0,15550.78,0,Fiber Internet,4G
CUST-102078,Alexandria,Borg El Arab,2022-10-31,Month-to-month,214.75,7.67,0.0,Credit card,27,4.0,6511.47,0,Mobile,4G
CUST-102079,Cairo,Heliopolis,2022-11-01,Month-to-month,239.63,17.5,1.0,Bank transfer,27,3.0,6373.69,0,Mobile,5G
CUST-102080,Alexandria,Sidi Gaber,2022-11-01,One year,204.43,9.53,1.0,Mobile wallet,27,4.0,5621.66,0,Mobile,4G
CUST-102081,Cairo,Heliopolis,2022-11-01,Month-to-month,199.17,7.36,0.0,Bank transfer,27,5.0,5337.9,0,Mobile,4G
CUST-102082,Upper Egypt,Qena,2022-11-02,Month-to-month,174.67,13.38,0.0,Bank transfer,27,4.0,4646.01,0,Mobile,5G
CUST-102083,Cairo,Nasr City,2022-11-02,Two year,239.7,,1.0,Mobile wallet,27,4.0,6436.13,0,Mobile,5G
CUST-102084,Delta,Damanhour,2022-11-02,Two year,218.88,4.82,1.0,Cash,27,4.0,5865.16,0,Mobile,4G
CUST-102085,Cairo,Zamalek,2022-11-02,Two year,627.97,482.25,6.0,Bank transfer,27,2.0,15913.63,1,Fiber Internet,5G
CUST-102086,Alexandria,Borg El Arab,2022-11-03,Month-to-month,186.97,12.52,1.0,Mobile wallet,27,4.0,5102.28,0,Mobile,4G
CUST-102087,Alexandria,Borg El Arab,2022-11-04,One year,232.16,5.51,3.0,Bank transfer,27,,6043.73,0,Mobile,3G
CUST-102088,Upper Egypt,Qena,2022-11-04,One year,202.25,5.97,3.0,Mobile wallet,27,3.0,5373.51,0,Mobile,3G
CUST-102089,Alexandria,Montazah,2022-11-05,Month-to-month,501.94,184.96,1.0,Bank transfer,27,3.0,14594.02,0,Fiber Internet,4G
CUST-102090,Alexandria,Sidi Gaber,2022-11-05,One year,223.58,6.47,1.0,Cash,27,4.0,6008.68,0,Mobile,4G
CUST-102091,Canal,Ismailia,2022-11-05,Month-to-month,699.43,270.57,1.0,Cash,27,4.0,18830.12,1,Bundle,3G
CUST-102092,Delta,Damanhour,2022-11-05,Two year,160.77,10.41,3.0,Mobile wallet,27,3.0,4327.57,0,Mobile,4G
CUST-102093,Cairo,Maadi,2022-11-06,One year,214.96,19.59,1.0,Cash,27,5.0,5982.3,0,Mobile,5G
CUST-102094,Canal,Ismailia,2022-11-06,One year,449.94,251.48,1.0,Credit card,27,5.0,12063.46,0,Fiber Internet,5G
CUST-102095,Alexandria,Smouha,2022-11-07,One year,810.3,399.43,2.0,Mobile wallet,27,4.0,19615.38,0,Bundle,4G
CUST-102096,Cairo,Maadi,2022-11-07,Month-to-month,595.53,152.37,3.0,Credit card,27,4.0,16059.42,0,Fiber Internet,4G
CUST-102097,Delta,Tanta,2022-11-07,Month-to-month,135.42,9.93,0.0,Bank transfer,27,5.0,3509.86,0,Mobile,5G
CUST-102098,Cairo,Heliopolis,2022-11-08,One year,553.09,272.49,2.0,Mobile wallet,27,4.0,14754.16,0,Fiber Internet,4G
CUST-102099,Cairo,Heliopolis,2022-11-09,One year,485.44,165.05,2.0,Mobile wallet,27,4.0,13467.73,0,Fiber Internet,4G
CUST-102100,Upper Egypt,Minya,2022-11-10,One year,398.57,228.04,1.0,Mobile wallet,27,5.0,11543.27,0,Fiber Internet,4G
CUST-102101,Cairo,Heliopolis,2022-11-10,Month-to-month,790.28,168.68,5.0,Cash,27,2.0,19389.74,1,Bundle,3G
CUST-102102,Upper Egypt,Assiut,2022-11-12,One year,601.99,246.44,2.0,Mobile wallet,27,3.0,16098.38,0,Bundle,4G
CUST-102103,Canal,Ismailia,2022-11-17,Month-to-month,446.73,151.43,1.0,Cash,26,4.0,11622.89,0,Fiber Internet,4G
CUST-102104,Delta,Mansoura,2022-11-17,Month-to-month,164.08,5.24,3.0,Cash,26,2.0,4110.02,1,Mobile,3G
CUST-102105,Upper Egypt,Qena,2022-11-18,Two year,420.56,321.71,2.0,Cash,26,4.0,10958.83,0,Fiber Internet,4G
CUST-102106,Upper Egypt,Qena,2022-11-18,One year,579.59,344.41,2.0,Credit card,26,4.0,15408.89,0,Bundle,5G
CUST-102107,Red Sea,Hurghada,2022-11-18,One year,974.33,383.02,0.0,Mobile wallet,26,4.0,24889.02,0,Bundle,4G
CUST-102108,Alexandria,Sidi Gaber,2022-11-19,Two year,197.69,11.87,0.0,Mobile wallet,26,4.0,5099.13,0,Mobile,4G
CUST-102109,Cairo,Nasr City,2022-11-19,Month-to-month,273.33,8.55,1.0,,26,4.0,7218.65,0,Mobile,4G
CUST-102110,Delta,Tanta,2022-11-19,Two year,2006.97,116.04,1.0,Credit card,26,,52181.22,0,Mobile,4G
CUST-102111,Delta,Mansoura,2022-11-19,One year,306.85,147.31,1.0,Bank transfer,26,,7789.46,0,DSL Internet,5G
CUST-102112,Cairo,New Cairo,2022-11-20,One year,598.3,67.04,2.0,Bank transfer,26,,14917.79,1,Fiber Internet,3G
CUST-102113,Delta,Mansoura,2022-11-20,Month-to-month,205.39,12.51,1.0,Bank transfer,26,4.0,5013.35,1,Mobile,4G
CUST-102114,Cairo,Zamalek,2022-11-21,Month-to-month,236.25,11.94,0.0,Cash,26,4.0,5902.25,0,Mobile,5G
CUST-102115,Canal,Ismailia,2022-11-22,Month-to-month,169.4,10.58,2.0,Credit card,26,3.0,4211.51,0,Mobile,4G
CUST-102116,Cairo,Maadi,2022-11-22,Month-to-month,746.03,214.22,1.0,Bank transfer,26,5.0,19362.96,0,Bundle,4G
CUST-102117,Cairo,New Cairo,2022-11-22,Month-to-month,259.72,21.47,,Mobile wallet,26,5.0,7122.85,0,Mobile,4G
CUST-102118,Cairo,Nasr City,2022-11-23,One year,250.39,10.43,1.0,Bank transfer,26,5.0,6612.33,0,Mobile,4G
CUST-102119,Cairo,New Cairo,2022-11-23,One year,264.15,170.94,0.0,Credit card,26,5.0,6606.31,0,DSL Internet,4G
CUST-102120,Cairo,Zamalek,2022-11-24,Month-to-month,520.7,198.66,0.0,Mobile wallet,26,5.0,14376.66,0,Fiber Internet,4G
CUST-102121,Cairo,Zamalek,2022-11-24,One year,366.28,118.84,2.0,Mobile wallet,26,3.0,9332.31,0,DSL Internet,4G
CUST-102122,Cairo,New Cairo,2022-11-24,Two year,826.06,462.07,1.0,,26,3.0,22841.04,0,Bundle,4G
CUST-102123,Cairo,Heliopolis,2022-11-24,One year,234.26,8.22,1.0,Mobile wallet,26,4.0,6072.69,0,Mobile,4G
CUST-102124,Alexandria,Sidi Gaber,2022-11-25,Two year,273.89,6.74,2.0,Cash,26,3.0,7196.94,0,Mobile,3G
CUST-102125,Alexandria,Smouha,2022-11-27,One year,151.5,9.38,0.0,Credit card,26,,3881.39,0,Mobile,4G
CUST-102126,Alexandria,Borg El Arab,2022-11-28,Month-to-month,289.82,115.7,0.0,Mobile wallet,26,5.0,7445.3,0,DSL Internet,4G
CUST-102127,Alexandria,Sidi Gaber,2022-11-28,Month-to-month,625.35,240.76,1.0,Mobile wallet,26,5.0,17158.07,0,Bundle,4G
CUST-102128,Cairo,New Cairo,2022-11-29,Two year,339.81,13.65,0.0,Mobile wallet,26,5.0,8771.61,0,Mobile,4G
CUST-102129,Cairo,Maadi,2022-12-01,One year,360.99,84.75,0.0,Bank transfer,26,4.0,9739.73,0,DSL Internet,3G
CUST-102130,Cairo,New Cairo,2022-12-02,Two year,408.13,199.16,0.0,Credit card,26,5.0,10631.44,0,DSL Internet,5G
CUST-102131,Upper Egypt,Qena,2022-12-03,Two year,577.02,435.31,2.0,Credit card,26,4.0,14933.05,0,Bundle,5G
CUST-102132,Red Sea,Hurghada,2022-12-03,Month-to-month,512.79,232.82,0.0,,26,4.0,13665.29,0,Fiber Internet,4G
CUST-102133,Canal,Ismailia,2022-12-04,Month-to-month,227.41,18.68,0.0,Cash,26,4.0,5884.71,0,Mobile,5G
CUST-102134,Delta,Damanhour,2022-12-05,One year,237.21,125.18,1.0,,26,4.0,5973.11,0,DSL Internet,4G
CUST-102135,Delta,Mansoura,2022-12-06,Month-to-month,229.11,43.57,1.0,Mobile wallet,26,3.0,5553.97,1,DSL Internet,3G
CUST-102136,Alexandria,Smouha,2022-12-06,One year,347.49,162.2,2.0,Mobile wallet,26,3.0,9244.0,0,DSL Internet,4G
CUST-102137,Upper Egypt,Sohag,2022-12-07,Two year,586.75,216.86,0.0,Mobile wallet,26,5.0,13907.28,0,Bundle,4G
CUST-102138,Upper Egypt,Minya,2022-12-08,One year,164.8,8.06,2.0,Bank transfer,26,4.0,4349.27,0,Mobile,5G
CUST-102139,Upper Egypt,Assiut,2022-12-09,Month-to-month,221.55,76.95,0.0,Cash,26,,5220.22,1,DSL Internet,4G
CUST-102140,Canal,Ismailia,2022-12-12,One year,228.78,8.57,0.0,Mobile wallet,26,5.0,5989.9,0,Mobile,4G
CUST-102141,Alexandria,Borg El Arab,2022-12-12,Month-to-month,491.69,326.18,2.0,Mobile wallet,26,4.0,13468.44,0,Fiber Internet,5G
CUST-102142,Upper Egypt,Assiut,2022-12-12,Two year,165.59,7.79,1.0,Mobile wallet,26,4.0,4153.09,0,Mobile,4G
CUST-102143,Upper Egypt,Assiut,2022-12-13,Month-to-month,159.59,8.6,0.0,Mobile wallet,26,5.0,4236.31,0,Mobile,4G
CUST-102144,Alexandria,Sidi Gaber,2022-12-13,Two year,232.18,14.58,0.0,Credit card,26,4.0,6308.14,0,Mobile,4G
CUST-102145,Canal,Suez,2022-12-13,One year,506.31,464.55,1.0,Cash,26,5.0,12860.87,0,Fiber Internet,5G
CUST-102146,Cairo,Nasr City,2022-12-14,Month-to-month,675.38,273.85,0.0,Bank transfer,26,4.0,17105.37,0,Bundle,4G
CUST-102147,Red Sea,Hurghada,2022-12-14,One year,202.26,19.61,3.0,Cash,26,4.0,5337.65,0,Mobile,5G
CUST-102148,Upper Egypt,Assiut,2022-12-15,Month-to-month,392.78,162.86,0.0,Cash,26,5.0,10722.88,0,Fiber Internet,4G
CUST-102149,Cairo,New Cairo,2022-12-17,Month-to-month,241.82,10.04,1.0,Mobile wallet,25,4.0,6597.43,0,Mobile,5G
CUST-102150,Delta,Mansoura,2022-12-17,Two year,241.56,11.26,4.0,Mobile wallet,25,3.0,5860.14,0,Mobile,5G
CUST-102151,Cairo,Heliopolis,2022-12-18,Two year,220.58,14.19,0.0,Credit card,25,5.0,5657.35,0,Mobile,5G
CUST-102152,Upper Egypt,Minya,2022-12-18,Month-to-month,356.61,112.09,5.0,Bank transfer,25,1.0,8394.21,1,Fiber Internet,3G
CUST-102153,Upper Egypt,Minya,2022-12-19,One year,514.49,195.67,0.0,Mobile wallet,25,,12281.4,0,Bundle,4G
CUST-102154,Delta,Zagazig,2022-12-20,Two year,451.52,391.87,1.0,Credit card,25,5.0,11182.41,0,Fiber Internet,5G
CUST-102155,Canal,Ismailia,2022-12-20,Two year,405.5,304.25,,Credit card,25,4.0,10043.94,0,Fiber Internet,4G
CUST-102156,Cairo,New Cairo,2022-12-20,Month-to-month,280.85,111.38,1.0,Cash,25,4.0,7045.52,0,DSL Internet,5G
CUST-102157,Cairo,Nasr City,2022-12-20,Month-to-month,233.66,29.63,1.0,Bank transfer,25,4.0,5939.34,0,Mobile,5G
CUST-102158,Alexandria,Smouha,2022-12-21,Two year,217.72,6.3,1.0,Bank transfer,25,4.0,5493.64,0,Mobile,4G
CUST-102159,Cairo,New Cairo,2022-12-21,Month-to-month,201.47,0.0,1.0,Credit card,25,5.0,5281.55,0,Mobile,4G
CUST-102160,Alexandria,Smouha,2022-12-21,Month-to-month,546.54,214.27,1.0,Mobile wallet,25,5.0,14690.03,0,Fiber Internet,4G
CUST-102161,Cairo,Nasr City,2022-12-21,One year,1015.67,451.28,1.0,Bank transfer,25,4.0,25407.45,0,Bundle,5G
CUST-102162,Alexandria,Smouha,2022-12-22,Month-to-month,457.46,190.63,2.0,Cash,25,3.0,11211.32,0,Fiber Internet,4G
CUST-102163,Alexandria,Smouha,2022-12-23,Two year,437.21,80.1,1.0,Mobile wallet,25,4.0,10843.06,0,Fiber Internet,3G
CUST-102164,Canal,Suez,2022-12-25,Month-to-month,193.84,21.57,0.0,Credit card,25,4.0,4801.33,0,Mobile,5G
CUST-102165,Cairo,Heliopolis,2022-12-25,One year,181.85,4.05,2.0,Mobile wallet,25,3.0,4261.15,1,Mobile,3G
CUST-102166,Canal,Ismailia,2022-12-25,Two year,557.45,185.13,0.0,Credit card,25,4.0,13100.77,0,Bundle,4G
CUST-102167,Alexandria,Smouha,2022-12-25,Two year,245.37,7.39,1.0,Cash,25,4.0,5803.57,0,Mobile,4G
CUST-102168,Alexandria,Borg El Arab,2022-12-25,Two year,275.83,79.52,0.0,Credit card,25,5.0,7084.35,0,DSL Internet,4G
CUST-102169,Delta,Mansoura,2022-12-26,Two year,196.17,7.75,0.0,Credit card,25,4.0,5051.35,0,Mobile,4G
CUST-102170,Alexandria,Montazah,2022-12-26,Month-to-month,159.41,9.52,0.0,Bank transfer,25,5.0,4037.11,0,Mobile,5G
CUST-102171,Cairo,New Cairo,2022-12-28,Two year,268.06,16.36,0.0,Credit card,25,5.0,6636.62,0,Mobile,5G
CUST-102172,Delta,Zagazig,2022-12-28,Two year,727.41,274.2,0.0,Mobile wallet,25,5.0,17817.83,0,Bundle,5G
CUST-102173,Cairo,Heliopolis,2022-12-29,One year,229.6,24.97,0.0,Bank transfer,25,5.0,5424.9,0,Mobile,5G
CUST-102174,Alexandria,Smouha,2022-12-29,Month-to-month,284.56,96.66,0.0,Cash,25,5.0,6928.62,0,DSL Internet,4G
CUST-102175,Delta,Mansoura,2022-12-31,Month-to-month,154.7,9.06,0.0,Credit card,25,4.0,3754.26,0,Mobile,4G
CUST-102176,Alexandria,Borg El Arab,2023-01-01,One year,459.97,,,Mobile wallet,25,3.0,10414.75,1,Fiber Internet,3G
CUST-102177,Upper Egypt,Sohag,2023-01-01,One year,354.79,425.77,3.0,Mobile wallet,25,4.0,8946.99,0,Fiber Internet,5G
CUST-102178,Cairo,Nasr City,2023-01-01,Month-to-month,580.49,296.62,3.0,Credit card,25,4.0,14083.34,0,Fiber Internet,4G
CUST-102179,Red Sea,Marsa Alam,2023-01-02,Month-to-month,176.57,11.95,0.0,Mobile wallet,25,5.0,4421.4,0,Mobile,5G
CUST-102180,Upper Egypt,Minya,2023-01-02,One year,163.12,6.09,0.0,Cash,25,5.0,3836.7,0,Mobile,4G
CUST-102181,Red Sea,Hurghada,2023-01-02,Month-to-month,708.83,416.38,0.0,Cash,25,5.0,18137.24,0,Bundle,5G
CUST-102182,Upper Egypt,Assiut,2023-01-02,Two year,474.48,269.62,0.0,Cash,25,4.0,12065.68,0,Fiber Internet,4G
CUST-102183,Cairo,Nasr City,2023-01-02,Month-to-month,238.65,16.59,2.0,Mobile wallet,25,4.0,5843.73,0,Mobile,5G
CUST-102184,Delta,Mansoura,2023-01-02,Month-to-month,171.42,8.87,0.0,Bank transfer,25,4.0,4520.93,0,Mobile,4G
CUST-102185,Cairo,Zamalek,2023-01-02,Month-to-month,209.03,10.65,1.0,Cash,25,4.0,5208.84,0,Mobile,4G
CUST-102186,Upper Egypt,Assiut,2023-01-03,Two year,475.34,162.43,3.0,Credit card,25,4.0,11948.02,0,Fiber Internet,5G
CUST-102187,Delta,Zagazig,2023-01-03,Two year,422.38,188.83,2.0,Mobile wallet,25,4.0,9899.75,0,Fiber Internet,4G
CUST-102188,Cairo,Nasr City,2023-01-04,Month-to-month,200.71,17.54,1.0,Mobile wallet,25,5.0,4860.66,0,Mobile,5G
CUST-102189,Canal,Port Said,2023-01-05,Month-to-month,505.75,293.2,2.0,Cash,25,4.0,12314.56,0,Fiber Internet,5G
CUST-102190,Cairo,Zamalek,2023-01-05,Month-to-month,551.35,442.33,0.0,Cash,25,4.0,14214.91,0,Fiber Internet,5G
CUST-102191,Delta,Tanta,2023-01-05,Month-to-month,566.07,313.64,1.0,Credit card,25,5.0,14109.37,1,Bundle,4G
CUST-102192,Upper Egypt,Sohag,2023-01-05,One year,265.41,45.57,3.0,Mobile wallet,25,3.0,6483.92,0,DSL Internet,3G
CUST-102193,Cairo,Nasr City,2023-01-06,Month-to-month,520.19,131.29,2.0,Credit card,25,4.0,13093.35,0,Fiber Internet,3G
CUST-102194,Delta,Mansoura,2023-01-08,One year,224.64,86.87,0.0,Mobile wallet,25,5.0,5576.12,1,DSL Internet,4G
CUST-102195,Upper Egypt,Minya,2023-01-08,Month-to-month,159.28,4.5,1.0,Mobile wallet,25,5.0,3927.85,0,Mobile,4G
CUST-102196,Cairo,Nasr City,2023-01-09,Month-to-month,525.43,288.63,4.0,Credit card,25,3.0,12367.48,0,Fiber Internet,5G
CUST-102197,Delta,Zagazig,2023-01-10,Month-to-month,153.73,8.58,0.0,Cash,25,5.0,3952.53,0,Mobile,5G
CUST-102198,Cairo,Maadi,2023-01-10,Month-to-month,193.76,5.43,2.0,Bank transfer,25,3.0,4926.32,0,Mobile,3G
CUST-102199,Delta,Mansoura,2023-01-10,Month-to-month,401.35,310.3,2.0,Mobile wallet,25,4.0,10150.57,0,Fiber Internet,5G
CUST-102200,Cairo,Heliopolis,2023-01-10,Month-to-month,185.88,8.62,0.0,Cash,25,5.0,4825.37,0,Mobile,4G
CUST-102201,Canal,Ismailia,2023-01-11,Month-to-month,261.3,72.77,0.0,Mobile wallet,25,,6804.74,0,DSL Internet,4G
CUST-102202,Canal,Port Said,2023-01-12,Two year,489.69,214.99,1.0,Mobile wallet,25,3.0,12546.42,0,Fiber Internet,4G
CUST-102203,Cairo,Nasr City,2023-01-12,Month-to-month,222.22,31.48,0.0,Credit card,25,5.0,5295.29,0,Mobile,5G
CUST-102204,Alexandria,Montazah,2023-01-12,Month-to-month,207.84,7.52,1.0,Credit card,25,4.0,4881.59,0,Mobile,5G
CUST-102205,Delta,Damanhour,2023-01-12,Month-to-month,436.44,109.05,1.0,Credit card,25,4.0,11063.98,0,Fiber Internet,3G
CUST-102206,Upper Egypt,Sohag,2023-01-12,One year,223.47,72.59,1.0,Bank transfer,25,3.0,5601.35,0,DSL Internet,4G
CUST-102207,Alexandria,Borg El Arab,2023-01-13,Two year,374.37,107.9,0.0,Bank transfer,25,4.0,9411.79,0,DSL Internet,4G
CUST-102208,Cairo,Zamalek,2023-01-13,Two year,258.52,11.24,0.0,Mobile wallet,25,,6900.13,0,Mobile,4G
CUST-102209,Cairo,Heliopolis,2023-01-13,One year,953.07,158.35,2.0,Mobile wallet,25,4.0,23713.23,1,Bundle,3G
CUST-102210,Red Sea,Marsa Alam,2023-01-13,Two year,235.62,18.87,2.0,Credit card,25,4.0,5847.09,0,Mobile,5G
CUST-102211,Alexandria,Borg El Arab,2023-01-14,Month-to-month,156.13,10.99,3.0,Mobile wallet,25,4.0,3788.31,0,Mobile,5G
CUST-102212,Canal,Suez,2023-01-15,Two year,562.05,115.39,1.0,Cash,25,4.0,14413.72,0,Fiber Internet,4G
CUST-102213,Delta,Damanhour,2023-01-17,Two year,214.52,21.66,1.0,Credit card,24,5.0,5243.71,0,Mobile,5G
CUST-102214,Canal,Suez,2023-01-17,Month-to-month,212.36,14.18,2.0,Mobile wallet,24,4.0,4842.24,1,Mobile,4G
CUST-102215,Cairo,Nasr City,2023-01-17,One year,258.58,9.67,0.0,,24,4.0,5526.78,0,Mobile,4G
CUST-102216,Cairo,Nasr City,2023-01-18,Month-to-month,912.53,455.74,1.0,Mobile wallet,24,4.0,21061.08,0,Bundle,5G
CUST-102217,Canal,Ismailia,2023-01-18,Month-to-month,557.38,315.96,3.0,Mobile wallet,24,,13830.52,0,Bundle,4G
CUST-102218,Canal,Port Said,2023-01-18,Two year,765.29,373.23,0.0,Credit card,24,5.0,17417.58,0,Bundle,4G
CUST-102219,Alexandria,Montazah,2023-01-18,Month-to-month,183.34,13.7,0.0,Bank transfer,24,4.0,4502.08,0,Mobile,4G
CUST-102220,Alexandria,Montazah,2023-01-18,One year,539.95,348.18,3.0,Cash,24,4.0,13188.78,0,Fiber Internet,5G
CUST-102221,Alexandria,Smouha,2023-01-18,Two year,364.65,151.64,1.0,Credit card,24,4.0,8404.67,0,DSL Internet,4G
CUST-102222,Alexandria,Montazah,2023-01-19,One year,241.04,16.85,1.0,Mobile wallet,24,4.0,5993.19,0,Mobile,4G
CUST-102223,Cairo,Maadi,2023-01-19,Month-to-month,247.6,10.15,0.0,Mobile wallet,24,4.0,5923.5,0,Mobile,4G
CUST-102224,Canal,Ismailia,2023-01-19,One year,117.58,7.62,0.0,Credit card,24,3.0,2805.16,0,Mobile,4G
CUST-102225,Cairo,Maadi,2023-01-19,Two year,613.15,123.2,0.0,Mobile wallet,24,5.0,14038.93,0,Fiber Internet,4G
CUST-102226,Upper Egypt,Assiut,2023-01-19,Month-to-month,331.78,95.01,2.0,Mobile wallet,24,,8027.02,1,Fiber Internet,4G
CUST-102227,Cairo,New Cairo,2023-01-20,Month-to-month,213.85,17.11,0.0,Credit card,24,5.0,4887.66,0,Mobile,5G
CUST-102228,Cairo,Heliopolis,2023-01-20,One year,239.41,13.37,,Cash,24,3.0,5469.23,0,Mobile,4G
CUST-102229,Delta,Tanta,2023-01-21,Two year,330.93,100.14,2.0,Mobile wallet,24,3.0,7987.28,0,DSL Internet,4G
CUST-102230,Alexandria,Smouha,2023-01-21,Month-to-month,471.26,235.85,5.0,Mobile wallet,24,3.0,10413.94,1,Fiber Internet,5G
CUST-102231,Delta,Damanhour,2023-01-21,Month-to-month,161.05,10.85,1.0,Credit card,24,4.0,4184.93,0,Mobile,5G
CUST-102232,Cairo,Heliopolis,2023-01-22,Two year,214.54,5.93,1.0,Credit card,24,4.0,4945.47,0,Mobile,3G
CUST-102233,Canal,Ismailia,2023-01-22,Month-to-month,685.29,,0.0,Mobile wallet,24,,16968.77,0,Bundle,4G
CUST-102234,Upper Egypt,Minya,2023-01-23,Month-to-month,328.41,174.24,0.0,Mobile wallet,24,5.0,8399.82,0,Fiber Internet,4G
CUST-102235,Canal,Suez,2023-01-23,One year,465.62,195.36,2.0,Bank transfer,24,,11015.83,1,Fiber Internet,4G
CUST-102236,Cairo,Heliopolis,2023-01-23,Month-to-month,670.68,390.09,2.0,Mobile wallet,24,4.0,15610.06,0,Fiber Internet,5G
CUST-102237,Alexandria,Borg El Arab,2023-01-23,Month-to-month,562.87,117.01,0.0,Mobile wallet,24,5.0,13694.42,0,Bundle,3G
CUST-102238,Alexandria,Sidi Gaber,2023-01-23,One year,209.71,6.61,0.0,Bank transfer,24,4.0,5305.89,0,Mobile,4G
CUST-102239,Delta,Mansoura,2023-01-23,One year,196.32,6.88,3.0,Cash,24,3.0,4429.14,0,Mobile,4G
CUST-102240,Cairo,Maadi,2023-01-23,One year,196.68,15.12,1.0,Mobile wallet,24,5.0,4927.56,0,Mobile,4G
CUST-102241,Cairo,Nasr City,2023-01-24,Month-to-month,252.14,42.17,0.0,Mobile wallet,24,5.0,6170.23,0,DSL Internet,3G
CUST-102242,Alexandria,Montazah,2023-01-24,One year,203.88,18.14,1.0,Mobile wallet,24,5.0,5263.04,0,Mobile,5G
CUST-102243,Cairo,Maadi,2023-01-24,One year,234.13,7.82,5.0,Mobile wallet,24,3.0,5715.4,0,Mobile,4G
CUST-102244,Alexandria,Smouha,2023-01-25,Two year,236.05,10.83,1.0,Cash,24,4.0,5699.69,0,Mobile,4G
CUST-102245,Cairo,Zamalek,2023-01-25,Two year,540.01,272.67,1.0,Cash,24,4.0,12759.94,1,Fiber Internet,5G
CUST-102246,Cairo,Nasr City,2023-01-25,One year,612.73,118.3,4.0,Bank transfer,24,,13393.82,1,Fiber Internet,3G
CUST-102247,Delta,Tanta,2023-01-25,Two year,146.28,7.03,1.0,Bank transfer,24,4.0,3396.18,0,Mobile,4G
CUST-102248,Alexandria,Borg El Arab,2023-01-25,Two year,229.88,16.47,0.0,Cash,24,4.0,5532.43,0,Mobile,4G
CUST-102249,Alexandria,Smouha,2023-01-26,Month-to-month,297.56,102.38,1.0,Cash,24,3.0,6991.84,0,DSL Internet,3G
CUST-102250,Delta,Mansoura,2023-01-26,Two year,211.96,10.84,2.0,Credit card,24,3.0,4962.61,0,Mobile,4G
CUST-102251,Upper Egypt,Sohag,2023-01-26,Two year,256.17,45.69,1.0,Bank transfer,24,3.0,6372.2,1,DSL Internet,3G
CUST-102252,Alexandria,Montazah,2023-01-26,Month-to-month,179.89,,1.0,Bank transfer,24,4.0,4627.17,0,Mobile,5G
CUST-102253,Delta,Mansoura,2023-01-26,Month-to-month,523.05,199.93,1.0,Cash,24,4.0,10807.18,1,Bundle,5G
CUST-102254,Red Sea,Marsa Alam,2023-01-27,One year,276.43,10.32,4.0,Cash,24,3.0,6644.96,0,Mobile,3G
CUST-102255,Delta,Mansoura,2023-01-28,Month-to-month,370.97,58.42,2.0,,24,3.0,8478.86,0,Fiber Internet,3G
CUST-102256,Canal,Port Said,2023-01-28,One year,228.81,13.53,0.0,Bank transfer,24,5.0,5744.18,0,Mobile,5G
CUST-102257,Upper Egypt,Minya,2023-01-28,One year,194.97,9.97,0.0,Cash,24,5.0,4720.94,0,Mobile,4G
CUST-102258,Cairo,Nasr City,2023-01-29,Month-to-month,251.55,42.53,1.0,Credit card,24,5.0,6391.01,0,DSL Internet,4G
CUST-102259,Alexandria,Smouha,2023-01-29,Month-to-month,451.52,188.67,1.0,Bank transfer,24,4.0,10463.1,0,Fiber Internet,5G
CUST-102260,Upper Egypt,Assiut,2023-01-29,Two year,228.44,31.94,3.0,Bank transfer,24,3.0,5274.21,0,DSL Internet,3G
CUST-102261,Red Sea,Hurghada,2023-01-29,Month-to-month,404.71,208.27,1.0,Mobile wallet,24,4.0,9627.96,0,Fiber Internet,5G
CUST-102262,Alexandria,Sidi Gaber,2023-01-30,One year,559.76,130.82,0.0,Mobile wallet,24,3.0,13113.32,0,Fiber Internet,3G
CUST-102263,Cairo,Zamalek,2023-01-30,Month-to-month,742.74,529.12,,Credit card,24,5.0,17019.88,1,Bundle,5G
CUST-102264,Delta,Tanta,2023-01-30,Month-to-month,416.1,146.55,1.0,Credit card,24,4.0,10460.54,0,Fiber Internet,4G
CUST-102265,Cairo,Zamalek,2023-01-30,One year,664.21,215.85,0.0,Cash,24,4.0,16239.04,0,Bundle,4G
CUST-102266,Upper Egypt,Sohag,2023-01-30,Month-to-month,157.89,7.92,0.0,Credit card,24,5.0,3744.42,0,Mobile,4G
CUST-102267,Delta,Tanta,2023-01-31,One year,158.11,9.36,2.0,Mobile wallet,24,3.0,3802.82,0,Mobile,5G
CUST-102268,Upper Egypt,Sohag,2023-01-31,One year,247.81,104.13,1.0,Credit card,24,4.0,5570.96,0,DSL Internet,4G
CUST-102269,Canal,Suez,2023-01-31,Month-to-month,167.87,5.39,2.0,Bank transfer,24,4.0,3559.4,1,Mobile,3G
CUST-102270,Delta,Damanhour,2023-01-31,Month-to-month,195.98,6.12,1.0,Bank transfer,24,,4725.9,1,Mobile,5G
CUST-102271,Delta,,2023-01-31,One year,181.58,10.97,1.0,Mobile wallet,24,5.0,4225.2,0,Mobile,4G
CUST-102272,Upper Egypt,Sohag,2023-01-31,One year,408.25,100.83,4.0,Bank transfer,24,3.0,10359.96,0,Fiber Internet,3G
CUST-102273,Upper Egypt,Qena,2023-01-31,One year,408.36,104.91,3.0,Bank transfer,24,3.0,9277.14,1,Fiber Internet,3G
CUST-102274,Canal,Ismailia,2023-02-01,One year,201.0,20.08,0.0,Cash,24,4.0,4849.91,0,Mobile,5G
CUST-102275,Cairo,Nasr City,2023-02-01,Month-to-month,227.98,6.21,1.0,Credit card,24,3.0,5653.3,0,Mobile,4G
CUST-102276,Delta,Damanhour,2023-02-01,Month-to-month,179.23,6.16,1.0,Mobile wallet,24,5.0,4464.56,0,Mobile,4G
CUST-102277,Cairo,Nasr City,2023-02-02,One year,219.61,14.69,1.0,Credit card,24,5.0,5162.22,0,Mobile,5G
CUST-102278,Canal,Suez,2023-02-02,One year,213.63,5.06,1.0,Cash,24,5.0,5141.7,0,Mobile,4G
CUST-102279,Delta,Tanta,2023-02-02,Two year,226.11,9.91,2.0,Credit card,24,5.0,5422.69,0,Mobile,4G
CUST-102280,Alexandria,Montazah,2023-02-02,Month-to-month,643.85,312.66,2.0,Mobile wallet,24,4.0,15686.26,0,Bundle,4G
CUST-102281,Cairo,Nasr City,2023-02-02,One year,342.52,129.78,0.0,Mobile wallet,24,5.0,8284.0,0,DSL Internet,4G
CUST-102282,Alexandria,Borg El Arab,2023-02-02,One year,222.43,10.69,1.0,Mobile wallet,24,4.0,5182.41,0,Mobile,4G
CUST-102283,Upper Egypt,Assiut,2023-02-03,Month-to-month,146.41,7.26,0.0,Cash,24,,3387.56,1,Mobile,4G
CUST-102284,Cairo,Zamalek,2023-02-03,One year,244.74,9.82,1.0,Credit card,24,4.0,5529.95,0,Mobile,4G
CUST-102285,Cairo,Nasr City,2023-02-03,One year,210.19,12.57,0.0,Bank transfer,24,5.0,5045.18,0,Mobile,5G
CUST-102286,Canal,Ismailia,2023-02-03,Month-to-month,216.62,10.97,0.0,Cash,24,5.0,5223.5,0,Mobile,4G
CUST-102287,Upper Egypt,Minya,2023-02-03,Month-to-month,598.42,144.72,0.0,Cash,24,,13798.78,0,Bundle,4G
CUST-102288,Cairo,Maadi,2023-02-03,Month-to-month,295.13,161.02,1.0,Mobile wallet,24,3.0,7003.24,0,DSL Internet,4G
CUST-102289,Cairo,Zamalek,2023-02-03,Two year,681.9,293.67,1.0,Mobile wallet,24,,16029.48,0,Fiber Internet,5G
CUST-102290,Red Sea,Marsa Alam,2023-02-03,Month-to-month,256.38,19.76,1.0,Mobile wallet,24,5.0,5780.1,1,Mobile,5G
CUST-102291,Upper Egypt,Minya,2023-02-04,Month-to-month,313.95,218.09,0.0,Mobile wallet,24,5.0,7763.15,0,Fiber Internet,5G
CUST-102292,Delta,Tanta,2023-02-04,Month-to-month,385.91,173.9,2.0,Cash,24,4.0,9433.13,0,Bundle,5G
CUST-102293,Alexandria,Borg El Arab,2023-02-04,Month-to-month,235.59,23.22,0.0,Cash,24,4.0,5871.58,0,Mobile,5G
CUST-102294,Cairo,Zamalek,2023-02-04,Month-to-month,698.75,515.21,0.0,Bank transfer,24,5.0,18164.11,0,Bundle,5G
CUST-102295,Cairo,Maadi,2023-02-04,One year,231.79,6.71,2.0,Mobile wallet,24,3.0,5807.14,0,Mobile,4G
CUST-102296,Upper Egypt,Minya,2023-02-04,Month-to-month,223.35,83.55,0.0,Mobile wallet,24,5.0,5031.02,0,DSL Internet,4G
CUST-102297,Cairo,New Cairo,2023-02-04,Month-to-month,214.11,10.81,1.0,Credit card,24,3.0,5003.9,0,Mobile,4G
CUST-102298,Cairo,New Cairo,2023-02-04,Month-to-month,726.66,141.92,0.0,Cash,24,,18376.07,0,Fiber Internet,4G
CUST-102299,Upper Egypt,Minya,2023-02-05,Month-to-month,143.08,2.23,3.0,Mobile wallet,24,2.0,3238.86,1,Mobile,3G
CUST-102300,Canal,Port Said,2023-02-05,Month-to-month,446.79,146.37,0.0,Credit card,24,4.0,10525.08,0,Fiber Internet,4G
CUST-102301,Upper Egypt,Qena,2023-02-06,One year,462.92,129.94,1.0,Mobile wallet,24,5.0,11258.57,0,Fiber Internet,4G
CUST-102302,Alexandria,Sidi Gaber,2023-02-06,One year,592.44,242.81,3.0,Bank transfer,24,4.0,14056.66,0,Fiber Internet,5G
CUST-102303,Delta,Zagazig,2023-02-06,One year,314.49,73.2,0.0,Credit card,24,4.0,8063.84,0,DSL Internet,4G
CUST-102304,Alexandria,Smouha,2023-02-07,Month-to-month,185.9,4.88,3.0,Mobile wallet,24,3.0,4432.8,0,Mobile,3G
CUST-102305,Alexandria,Sidi Gaber,2023-02-07,Two year,328.49,124.14,1.0,Mobile wallet,24,4.0,8644.33,0,DSL Internet,5G
CUST-102306,Delta,Damanhour,2023-02-07,One year,136.7,10.37,3.0,Mobile wallet,24,2.0,3207.31,0,Mobile,4G
CUST-102307,Alexandria,Sidi Gaber,2023-02-07,Month-to-month,454.72,200.87,1.0,Credit card,24,,10626.42,0,Fiber Internet,4G
CUST-102308,Delta,Damanhour,2023-02-08,Month-to-month,173.16,11.12,1.0,Mobile wallet,24,,4016.99,0,Mobile,4G
CUST-102309,Canal,Ismailia,2023-02-08,One year,519.34,,1.0,Credit card,24,3.0,12071.8,0,Fiber Internet,4G
CUST-102310,Red Sea,Hurghada,2023-02-08,Month-to-month,265.84,14.2,0.0,Cash,24,5.0,6564.79,0,Mobile,5G
CUST-102311,Cairo,Nasr City,2023-02-08,Month-to-month,764.39,284.94,2.0,Bank transfer,24,4.0,17359.17,0,Bundle,4G
CUST-102312,Alexandria,Montazah,2023-02-08,One year,578.14,373.94,1.0,Cash,24,4.0,13317.93,0,Fiber Internet,5G
CUST-102313,Cairo,Heliopolis,2023-02-08,Month-to-month,224.39,8.65,1.0,Credit card,24,4.0,5497.29,0,Mobile,4G
CUST-102314,Alexandria,Montazah,2023-02-08,Two year,391.06,157.72,0.0,Credit card,24,4.0,8570.81,0,DSL Internet,5G
CUST-102315,Cairo,Nasr City,2023-02-09,Month-to-month,225.22,5.15,2.0,Bank transfer,24,3.0,5086.89,0,Mobile,3G
CUST-102316,Cairo,Maadi,2023-02-09,Month-to-month,258.25,10.6,1.0,Mobile wallet,24,5.0,6185.11,0,Mobile,4G
CUST-102317,Upper Egypt,Assiut,2023-02-09,Month-to-month,169.75,16.53,0.0,Cash,24,4.0,4140.5,0,Mobile,4G
CUST-102318,Delta,Tanta,2023-02-09,Month-to-month,261.77,104.86,0.0,Mobile wallet,24,4.0,6197.99,0,DSL Internet,4G
CUST-102319,Canal,Port Said,2023-02-10,Two year,538.73,314.21,1.0,Bank transfer,24,4.0,13154.82,0,Bundle,5G
CUST-102320,Cairo,Nasr City,2023-02-10,Two year,942.14,314.71,0.0,Credit card,24,5.0,21832.98,0,Bundle,5G
CUST-102321,Cairo,Zamalek,2023-02-10,Two year,278.18,8.43,4.0,Mobile wallet,24,2.0,7080.61,0,Mobile,4G
CUST-102322,Alexandria,Smouha,2023-02-11,One year,237.37,14.86,3.0,Bank transfer,24,,5904.47,0,Mobile,5G
CUST-102323,Cairo,Heliopolis,2023-02-11,Month-to-month,728.21,371.15,1.0,Cash,24,4.0,16907.8,0,Bundle,4G
CUST-102324,Cairo,New Cairo,2023-02-12,Month-to-month,239.11,15.0,0.0,Mobile wallet,24,5.0,5695.38,0,Mobile,5G
CUST-102325,Red Sea,Sharm El Sheikh,2023-02-13,Month-to-month,587.93,217.35,3.0,Mobile wallet,24,3.0,12459.87,1,Fiber Internet,4G
CUST-102326,Cairo,Nasr City,2023-02-13,Two year,774.07,220.73,0.0,Cash,24,4.0,19268.51,0,Bundle,4G
CUST-102327,Cairo,Heliopolis,2023-02-13,One year,263.68,,0.0,Credit card,24,5.0,6004.47,0,Mobile,4G
CUST-102328,Delta,Tanta,2023-02-13,Month-to-month,155.0,,1.0,Bank transfer,24,4.0,3488.19,1,Mobile,4G
CUST-102329,Delta,Damanhour,2023-02-13,One year,637.34,323.58,0.0,Cash,24,5.0,15116.88,0,Bundle,5G
CUST-102330,Delta,Damanhour,2023-02-13,Two year,489.81,229.16,1.0,Bank transfer,24,4.0,11108.21,0,Fiber Internet,4G
CUST-102331,Alexandria,Montazah,2023-02-13,Month-to-month,562.01,231.02,1.0,Mobile wallet,24,4.0,13038.84,0,Bundle,4G
CUST-102332,Upper Egypt,Minya,2023-02-13,One year,401.16,189.27,2.0,Cash,24,3.0,9771.26,0,Fiber Internet,5G
CUST-102333,Cairo,Zamalek,2023-02-14,One year,230.2,11.44,0.0,Credit card,24,3.0,5414.74,0,Mobile,4G
CUST-102334,Alexandria,Montazah,2023-02-14,Two year,318.65,40.9,2.0,Cash,24,4.0,7914.27,0,DSL Internet,3G
CUST-102335,Upper Egypt,Sohag,2023-02-14,Month-to-month,232.22,93.69,0.0,Bank transfer,24,5.0,5738.62,0,DSL Internet,4G
CUST-102336,Canal,Port Said,2023-02-14,Month-to-month,591.35,123.36,0.0,Mobile wallet,24,4.0,13710.51,0,Bundle,3G
CUST-102337,Alexandria,Sidi Gaber,2023-02-15,Month-to-month,344.53,360.7,0.0,Bank transfer,24,5.0,8118.68,0,Fiber Internet,5G
CUST-102338,Delta,Mansoura,2023-02-15,Two year,497.16,156.17,2.0,Mobile wallet,24,5.0,11715.56,0,Fiber Internet,4G
CUST-102339,Cairo,Zamalek,2023-02-15,Two year,254.69,7.71,0.0,Credit card,24,4.0,6013.8,0,Mobile,4G
CUST-102340,Cairo,Zamalek,2023-02-15,One year,235.18,9.59,1.0,Credit card,24,4.0,5977.29,0,Mobile,4G
CUST-102341,Cairo,New Cairo,2023-02-15,Month-to-month,597.16,276.26,0.0,Bank transfer,24,5.0,14441.7,0,Bundle,4G
CUST-102342,Upper Egypt,Sohag,2023-02-16,Month-to-month,473.56,84.52,0.0,Bank transfer,23,4.0,10168.98,0,Bundle,4G
CUST-102343,Cairo,Heliopolis,2023-02-16,One year,538.59,278.58,1.0,Mobile wallet,23,3.0,12063.1,0,Fiber Internet,4G
CUST-102344,Upper Egypt,Minya,2023-02-17,Month-to-month,555.24,297.86,4.0,Credit card,23,4.0,11989.47,1,Bundle,5G
CUST-102345,Cairo,,2023-02-17,One year,191.34,6.67,4.0,Credit card,23,3.0,4475.37,0,Mobile,4G
CUST-102346,Canal,Port Said,2023-02-18,Two year,587.1,295.28,1.0,Credit card,23,4.0,14476.71,0,Bundle,5G
CUST-102347,Upper Egypt,Sohag,2023-02-18,Month-to-month,309.36,,3.0,Bank transfer,23,2.0,7339.36,0,Fiber Internet,3G
CUST-102348,Cairo,Zamalek,2023-02-19,Month-to-month,334.55,113.79,0.0,Credit card,23,,7663.23,0,DSL Internet,5G
CUST-102349,Cairo,Heliopolis,2023-02-19,Month-to-month,373.03,68.37,0.0,Credit card,23,,8287.72,0,DSL Internet,4G
CUST-102350,Cairo,Maadi,2023-02-19,Month-to-month,557.05,395.97,1.0,Mobile wallet,23,4.0,13540.39,0,Fiber Internet,5G
CUST-102351,Canal,Port Said,2023-02-19,One year,539.71,,0.0,Mobile wallet,23,4.0,12265.98,0,Bundle,4G
CUST-102352,Cairo,Heliopolis,2023-02-19,Month-to-month,211.57,4.93,3.0,Mobile wallet,23,3.0,4390.07,1,Mobile,3G
CUST-102353,Delta,Zagazig,2023-02-19,Month-to-month,478.25,253.81,0.0,Bank transfer,23,4.0,11157.12,0,Bundle,4G
CUST-102354,Alexandria,Montazah,2023-02-19,Month-to-month,209.01,14.73,3.0,Cash,23,3.0,4569.61,0,Mobile,5G
CUST-102355,Upper Egypt,Sohag,2023-02-20,Month-to-month,144.17,7.0,0.0,Mobile wallet,23,5.0,3403.41,0,Mobile,5G
CUST-102356,Delta,Damanhour,2023-02-20,One year,223.89,151.81,0.0,Mobile wallet,23,5.0,5068.32,0,DSL Internet,5G
CUST-102357,Delta,Tanta,2023-02-20,One year,295.11,162.02,2.0,Credit card,23,4.0,6704.53,0,DSL Internet,4G
CUST-102358,Red Sea,Marsa Alam,2023-02-20,One year,859.67,345.36,0.0,Credit card,23,5.0,16835.7,1,Bundle,4G
CUST-102359,Cairo,Heliopolis,2023-02-20,One year,241.91,8.54,1.0,Bank transfer,23,3.0,5803.74,0,Mobile,4G
CUST-102360,Upper Egypt,Assiut,2023-02-21,Month-to-month,155.52,5.22,1.0,Credit card,23,4.0,3408.25,0,Mobile,4G
CUST-102361,Cairo,Nasr City,2023-02-21,One year,464.73,,0.0,Mobile wallet,23,5.0,10379.96,0,Fiber Internet,4G
CUST-102362,Alexandria,Borg El Arab,2023-02-21,Month-to-month,446.7,280.86,1.0,Bank transfer,23,4.0,10352.55,0,Bundle,5G
CUST-102363,Canal,Ismailia,2023-02-21,Two year,509.86,,1.0,Credit card,23,5.0,11658.35,0,Bundle,5G
CUST-102364,Delta,Tanta,2023-02-22,Month-to-month,531.36,,1.0,Credit card,23,4.0,13343.8,0,Bundle,4G
CUST-102365,Upper Egypt,Qena,2023-02-22,Month-to-month,342.98,128.57,1.0,Credit card,23,4.0,7344.26,0,Fiber Internet,4G
CUST-102366,Cairo,Zamalek,2023-02-22,Month-to-month,746.64,365.55,1.0,Bank transfer,23,5.0,16909.58,0,Bundle,4G
CUST-102367,Alexandria,Montazah,2023-02-22,Two year,225.22,9.24,0.0,Credit card,23,5.0,5342.96,0,Mobile,4G
CUST-102368,Alexandria,Montazah,2023-02-22,Month-to-month,688.32,425.07,1.0,Mobile wallet,23,4.0,14874.68,1,Bundle,4G
CUST-102369,Delta,Mansoura,2023-02-23,Two year,526.17,201.6,1.0,Bank transfer,23,4.0,12100.3,0,Fiber Internet,4G
CUST-102370,Alexandria,Smouha,2023-02-23,Month-to-month,187.85,13.16,0.0,Mobile wallet,23,4.0,4767.25,0,Mobile,4G
CUST-102371,Alexandria,Montazah,2023-02-23,Two year,469.0,218.12,0.0,Cash,23,4.0,10815.41,0,Fiber Internet,4G
CUST-102372,Alexandria,Smouha,2023-02-23,One year,235.05,158.69,0.0,Cash,23,4.0,5709.04,0,DSL Internet,5G
CUST-102373,Cairo,Zamalek,2023-02-23,Month-to-month,265.84,11.21,0.0,Mobile wallet,23,4.0,6273.21,0,Mobile,4G
CUST-102374,Alexandria,Smouha,2023-02-23,Month-to-month,172.04,12.23,0.0,Bank transfer,23,5.0,4073.65,0,Mobile,5G
CUST-102375,Cairo,Maadi,2023-02-23,Month-to-month,260.7,156.49,0.0,Mobile wallet,23,5.0,5948.51,0,DSL Internet,5G
CUST-102376,Canal,Port Said,2023-02-23,Two year,682.54,176.58,1.0,Cash,23,4.0,14037.47,1,Bundle,3G
CUST-102377,Delta,Zagazig,2023-02-24,Two year,381.19,196.94,3.0,Mobile wallet,23,4.0,9148.81,0,Fiber Internet,4G
CUST-102378,Cairo,Zamalek,2023-02-24,Month-to-month,227.83,9.06,0.0,Credit card,23,5.0,5356.79,0,Mobile,5G
CUST-102379,Upper Egypt,Minya,2023-02-24,Month-to-month,341.66,168.3,1.0,Mobile wallet,23,4.0,8026.55,0,Fiber Internet,4G
CUST-102380,Upper Egypt,Assiut,2023-02-25,Month-to-month,171.51,7.15,2.0,Credit card,23,4.0,3921.06,0,Mobile,4G
CUST-102381,Cairo,New Cairo,2023-02-25,Month-to-month,248.45,13.88,0.0,Mobile wallet,23,4.0,5324.19,1,Mobile,5G
CUST-102382,Cairo,Maadi,2023-02-25,One year,283.19,20.56,1.0,Credit card,23,4.0,6559.78,1,Mobile,5G
CUST-102383,Cairo,Nasr City,2023-02-25,Month-to-month,536.87,515.81,3.0,Credit card,23,3.0,12509.38,0,Fiber Internet,5G
CUST-102384,Cairo,New Cairo,2023-02-25,Month-to-month,199.07,13.06,0.0,Cash,23,5.0,4243.68,0,Mobile,5G
CUST-102385,Upper Egypt,Assiut,2023-02-25,Two year,156.19,14.73,1.0,Mobile wallet,23,5.0,3584.68,0,Mobile,4G
CUST-102386,Red Sea,Sharm El Sheikh,2023-02-25,One year,220.97,10.84,1.0,Mobile wallet,23,4.0,5020.51,0,Mobile,5G
CUST-102387,Cairo,Heliopolis,2023-02-25,One year,727.71,554.9,1.0,Cash,23,4.0,14978.98,0,Fiber Internet,5G
CUST-102388,Upper Egypt,Qena,2023-02-26,Month-to-month,148.16,8.94,1.0,Cash,23,4.0,3305.72,0,Mobile,4G
CUST-102389,Cairo,Nasr City,2023-02-26,Two year,269.71,6.99,2.0,Bank transfer,23,3.0,6847.51,0,Mobile,3G
CUST-102390,Delta,Mansoura,2023-02-26,One year,530.51,320.99,1.0,Cash,23,4.0,11049.89,0,Fiber Internet,4G
CUST-102391,Upper Egypt,Sohag,2023-02-27,One year,252.55,111.51,0.0,Bank transfer,23,5.0,5540.48,0,DSL Internet,5G
CUST-102392,Alexandria,Sidi Gaber,2023-02-27,Month-to-month,550.62,,2.0,Credit card,23,5.0,11431.72,0,Bundle,5G
CUST-102393,Cairo,Zamalek,2023-02-27,Two year,674.92,341.74,2.0,Cash,23,4.0,14540.28,0,Fiber Internet,5G
CUST-102394,Delta,Zagazig,2023-02-28,One year,258.99,78.14,0.0,Bank transfer,23,5.0,5518.74,0,DSL Internet,4G
CUST-102395,Red Sea,Hurghada,2023-02-28,Two year,817.24,192.53,0.0,Cash,23,5.0,17905.96,0,Bundle,4G
CUST-102396,Cairo,New Cairo,2023-02-28,One year,616.36,208.35,4.0,Credit card,23,3.0,14490.66,1,Fiber Internet,3G
CUST-102397,Cairo,Heliopolis,2023-02-28,Two year,576.8,458.96,1.0,Credit card,23,5.0,13747.15,0,Fiber Internet,5G
CUST-102398,Cairo,New Cairo,2023-03-01,One year,253.67,9.91,4.0,Credit card,23,,5773.95,0,Mobile,4G
CUST-102399,Delta,Damanhour,2023-03-01,Two year,244.66,19.05,1.0,Mobile wallet,23,4.0,6003.94,0,Mobile,5G
CUST-102400,Delta,Mansoura,2023-03-01,Month-to-month,157.8,8.53,1.0,Cash,23,4.0,3405.49,1,Mobile,4G
CUST-102401,Upper Egypt,Minya,2023-03-01,Month-to-month,179.33,4.44,1.0,Bank transfer,23,4.0,3966.97,0,Mobile,3G
CUST-102402,Upper Egypt,Sohag,2023-03-02,One year,486.1,146.37,2.0,Credit card,23,4.0,10986.65,0,Bundle,3G
CUST-102403,Canal,Ismailia,2023-03-02,One year,249.64,13.6,2.0,Bank transfer,23,4.0,5378.03,0,Mobile,5G
CUST-102404,Upper Egypt,Sohag,2023-03-02,One year,350.97,,1.0,Bank transfer,23,4.0,7463.3,0,Fiber Internet,4G
CUST-102405,Cairo,Heliopolis,2023-03-02,One year,731.06,415.6,1.0,Mobile wallet,23,4.0,16507.78,1,Bundle,5G
CUST-102406,Delta,Tanta,2023-03-02,One year,529.92,216.09,1.0,Mobile wallet,23,3.0,12349.85,0,Fiber Internet,4G
CUST-102407,Cairo,Nasr City,2023-03-02,Two year,317.48,11.21,1.0,Credit card,23,,6926.06,0,Mobile,4G
CUST-102408,Alexandria,Sidi Gaber,2023-03-02,Month-to-month,674.89,191.81,2.0,Bank transfer,23,4.0,15125.12,1,Bundle,4G
CUST-102409,Canal,Suez,2023-03-02,Two year,185.4,3.17,0.0,Mobile wallet,23,5.0,4350.73,0,Mobile,3G
CUST-102410,Upper Egypt,Qena,2023-03-02,Month-to-month,154.76,7.26,0.0,Credit card,23,4.0,3322.41,1,Mobile,4G
CUST-102411,Red Sea,Marsa Alam,2023-03-02,One year,553.9,168.02,0.0,Bank transfer,23,4.0,12254.11,0,Fiber Internet,4G
CUST-102412,Alexandria,Sidi Gaber,2023-03-02,Two year,205.44,13.19,2.0,Mobile wallet,23,,4874.74,0,Mobile,4G
CUST-102413,Delta,Tanta,2023-03-03,Month-to-month,270.63,114.08,0.0,Bank transfer,23,4.0,6335.98,0,DSL Internet,4G
CUST-102414,Delta,Mansoura,2023-03-03,Month-to-month,154.45,6.99,0.0,Credit card,23,4.0,3799.59,0,Mobile,4G
CUST-102415,Cairo,Maadi,2023-03-03,Month-to-month,269.36,113.91,1.0,Credit card,23,4.0,6303.33,0,DSL Internet,4G
CUST-102416,Cairo,New Cairo,2023-03-04,One year,195.48,9.23,2.0,Mobile wallet,23,4.0,4177.22,0,Mobile,4G
CUST-102417,Delta,Mansoura,2023-03-04,Month-to-month,653.44,124.33,3.0,Credit card,23,,14107.97,0,Bundle,3G
CUST-102418,Cairo,Nasr City,2023-03-04,Month-to-month,209.21,9.84,0.0,Cash,23,4.0,4769.93,0,Mobile,4G
CUST-102419,Canal,Port Said,2023-03-04,Two year,628.49,223.17,2.0,Bank transfer,23,3.0,14923.02,0,Bundle,3G
CUST-102420,Cairo,Heliopolis,2023-03-04,Month-to-month,194.05,6.33,1.0,Bank transfer,23,,4520.44,0,Mobile,3G
CUST-102421,Cairo,Nasr City,2023-03-04,One year,907.54,155.12,4.0,Mobile wallet,23,2.0,19473.28,1,Bundle,3G
CUST-102422,Upper Egypt,Sohag,2023-03-05,One year,432.04,239.89,0.0,Bank transfer,23,4.0,9268.09,0,Bundle,4G
CUST-102423,Cairo,Zamalek,2023-03-05,Month-to-month,441.0,132.5,2.0,Credit card,23,4.0,10738.94,0,Fiber Internet,3G
CUST-102424,Canal,Ismailia,2023-03-05,Month-to-month,175.34,13.85,0.0,Credit card,23,5.0,4262.05,0,Mobile,5G
CUST-102425,Upper Egypt,Sohag,2023-03-05,Two year,420.03,236.51,0.0,Mobile wallet,23,5.0,9116.88,0,Fiber Internet,5G
CUST-102426,Cairo,Zamalek,2023-03-06,One year,627.37,116.47,4.0,Bank transfer,23,3.0,14813.03,0,Fiber Internet,3G
CUST-102427,Upper Egypt,Minya,2023-03-06,Month-to-month,325.9,109.16,1.0,Cash,23,4.0,7572.23,0,Fiber Internet,4G
CUST-102428,Delta,Damanhour,2023-03-06,Two year,567.46,129.01,3.0,Bank transfer,23,,13408.77,0,Fiber Internet,3G
CUST-102429,Upper Egypt,Assiut,2023-03-06,One year,480.74,90.56,1.0,Bank transfer,23,5.0,11728.38,0,Bundle,3G
CUST-102430,Upper Egypt,Sohag,2023-03-06,Month-to-month,413.91,,2.0,Bank transfer,23,3.0,9625.15,1,Bundle,5G
CUST-102431,Upper Egypt,Assiut,2023-03-06,One year,338.23,186.53,1.0,Credit card,23,5.0,7936.85,0,Fiber Internet,4G
CUST-102432,Delta,Zagazig,2023-03-06,One year,170.77,7.91,0.0,Cash,23,4.0,3889.41,0,Mobile,3G
CUST-102433,Alexandria,Montazah,2023-03-07,Month-to-month,166.28,13.81,2.0,Credit card,23,5.0,3778.63,0,Mobile,5G
CUST-102434,Upper Egypt,Sohag,2023-03-07,Two year,286.21,142.75,1.0,Cash,23,4.0,6525.23,0,DSL Internet,5G
CUST-102435,Red Sea,Marsa Alam,2023-03-07,Month-to-month,581.16,224.52,2.0,Credit card,23,3.0,14826.29,0,Bundle,4G
CUST-102436,Delta,Tanta,2023-03-07,Month-to-month,393.93,351.09,4.0,Mobile wallet,23,3.0,8682.13,1,Fiber Internet,5G
CUST-102437,Delta,Mansoura,2023-03-07,Month-to-month,148.8,12.83,0.0,Credit card,23,,3529.15,0,Mobile,5G
CUST-102438,Alexandria,Montazah,2023-03-07,One year,183.62,14.03,0.0,Mobile wallet,23,5.0,4293.54,0,Mobile,5G
CUST-102439,Upper Egypt,Sohag,2023-03-07,One year,193.58,10.25,1.0,Credit card,23,5.0,4276.15,0,Mobile,4G
CUST-102440,Red Sea,Sharm El Sheikh,2023-03-07,Two year,951.75,301.23,1.0,Mobile wallet,23,4.0,22308.58,0,Bundle,5G
CUST-102441,Cairo,Heliopolis,2023-03-07,Month-to-month,377.06,138.55,1.0,Cash,23,4.0,8442.64,0,DSL Internet,4G
CUST-102442,Cairo,New Cairo,2023-03-07,Two year,213.65,7.8,2.0,Mobile wallet,23,3.0,4727.91,0,Mobile,4G
CUST-102443,Delta,Mansoura,2023-03-08,One year,156.98,5.06,2.0,Credit card,23,3.0,3696.36,0,Mobile,3G
CUST-102444,Delta,Tanta,2023-03-08,Month-to-month,215.98,8.2,1.0,Cash,23,5.0,4716.26,0,Mobile,4G
CUST-102445,Delta,Zagazig,2023-03-08,Month-to-month,387.6,111.75,5.0,Bank transfer,23,2.0,8826.52,1,Fiber Internet,3G
CUST-102446,Cairo,Nasr City,2023-03-08,Two year,506.24,107.76,1.0,Credit card,23,3.0,11909.09,0,Fiber Internet,3G
CUST-102447,Alexandria,Smouha,2023-03-09,Month-to-month,223.65,7.43,0.0,Mobile wallet,23,5.0,5404.22,0,Mobile,4G
CUST-102448,Delta,Zagazig,2023-03-09,One year,191.54,12.49,0.0,Cash,23,5.0,4490.0,0,Mobile,5G
CUST-102449,Delta,Zagazig,2023-03-09,One year,634.46,255.94,0.0,Bank transfer,23,5.0,14034.79,0,Bundle,3G
CUST-102450,Delta,Zagazig,2023-03-09,Month-to-month,378.98,84.64,0.0,Mobile wallet,23,,8709.15,1,Bundle,4G
CUST-102451,Upper Egypt,Assiut,2023-03-09,Two year,403.35,266.7,0.0,Mobile wallet,23,5.0,9709.66,0,Fiber Internet,5G
CUST-102452,Delta,Damanhour,2023-03-09,Two year,530.87,156.61,0.0,Bank transfer,23,5.0,12646.38,0,Fiber Internet,4G
CUST-102453,Upper Egypt,Sohag,2023-03-10,One year,482.69,434.53,3.0,Bank transfer,23,,10930.58,1,Bundle,5G
CUST-102454,Delta,Mansoura,2023-03-10,One year,318.3,139.82,1.0,Mobile wallet,23,3.0,6888.11,0,DSL Internet,4G
CUST-102455,Delta,Tanta,2023-03-10,Month-to-month,442.98,197.42,0.0,Bank transfer,23,4.0,10537.38,0,Bundle,4G
CUST-102456,Delta,Mansoura,2023-03-10,One year,187.1,12.18,1.0,Credit card,23,2.0,4088.28,0,Mobile,4G
CUST-102457,Cairo,Heliopolis,2023-03-11,Month-to-month,272.0,12.93,0.0,Bank transfer,23,4.0,6100.44,0,Mobile,4G
CUST-102458,Cairo,Heliopolis,2023-03-11,Month-to-month,190.55,9.38,0.0,Cash,23,4.0,4236.85,0,Mobile,4G
CUST-102459,Delta,Tanta,2023-03-11,Month-to-month,553.33,100.26,3.0,Bank transfer,23,3.0,11928.07,0,Bundle,3G
CUST-102460,Canal,Ismailia,2023-03-11,Month-to-month,284.44,90.78,1.0,Credit card,23,5.0,6588.53,0,DSL Internet,4G
CUST-102461,Delta,Damanhour,2023-03-11,Month-to-month,173.83,,2.0,Credit card,23,3.0,3819.51,1,Mobile,4G
CUST-102462,Cairo,New Cairo,2023-03-11,Month-to-month,674.47,251.37,0.0,Credit card,23,5.0,15626.69,1,Bundle,4G
CUST-102463,Delta,Tanta,2023-03-11,Two year,558.33,124.45,0.0,Cash,23,4.0,12875.47,1,Bundle,4G
CUST-102464,Cairo,New Cairo,2023-03-12,Month-to-month,229.8,21.09,0.0,Mobile wallet,23,4.0,5322.8,0,Mobile,5G
CUST-102465,Upper Egypt,Qena,2023-03-12,Month-to-month,352.51,,3.0,Mobile wallet,23,4.0,7999.7,1,Fiber Internet,5G
CUST-102466,Upper Egypt,Qena,2023-03-12,Month-to-month,290.57,67.19,2.0,Mobile wallet,23,,6365.89,1,Fiber Internet,3G
CUST-102467,Delta,Mansoura,2023-03-12,One year,217.03,21.16,0.0,Bank transfer,23,5.0,4753.56,1,Mobile,5G
CUST-102468,Delta,Tanta,2023-03-13,Month-to-month,218.79,117.26,1.0,Cash,23,5.0,5057.45,0,DSL Internet,5G
CUST-102469,Alexandria,Sidi Gaber,2023-03-13,One year,176.98,7.42,0.0,Cash,23,4.0,4046.0,0,Mobile,4G
CUST-102470,Alexandria,Smouha,2023-03-13,One year,621.99,211.15,0.0,Mobile wallet,23,4.0,14427.12,0,Bundle,4G
CUST-102471,Canal,Suez,2023-03-13,Month-to-month,503.25,209.46,0.0,Mobile wallet,23,3.0,11881.92,0,Bundle,4G
CUST-102472,Upper Egypt,Minya,2023-03-13,Two year,542.77,251.37,0.0,Bank transfer,23,5.0,11874.67,0,Bundle,5G
CUST-102473,Delta,Tanta,2023-03-13,Month-to-month,208.07,97.49,1.0,Cash,23,4.0,4707.49,0,DSL Internet,4G
CUST-102474,Alexandria,Borg El Arab,2023-03-13,One year,229.33,9.12,0.0,Credit card,23,5.0,5438.29,0,Mobile,4G
CUST-102475,Cairo,Zamalek,2023-03-14,Month-to-month,264.31,12.38,0.0,Mobile wallet,23,5.0,5944.35,0,Mobile,5G
CUST-102476,Cairo,Nasr City,2023-03-14,One year,362.66,119.21,0.0,Bank transfer,23,4.0,8163.28,0,DSL Internet,4G
CUST-102477,Cairo,New Cairo,2023-03-14,Two year,214.58,8.27,2.0,Mobile wallet,23,5.0,5135.8,0,Mobile,4G
CUST-102478,Alexandria,Sidi Gaber,2023-03-14,Month-to-month,249.59,83.69,1.0,Cash,23,4.0,5570.66,0,DSL Internet,4G
CUST-102479,Canal,Ismailia,2023-03-14,Month-to-month,188.26,13.25,0.0,Mobile wallet,23,5.0,4405.05,0,Mobile,5G
CUST-102480,Delta,Damanhour,2023-03-15,Month-to-month,127.87,4.74,1.0,Credit card,23,4.0,2830.0,1,Mobile,4G
CUST-102481,Cairo,Zamalek,2023-03-15,Month-to-month,439.06,287.63,3.0,Mobile wallet,23,3.0,10002.26,1,Fiber Internet,4G
CUST-102482,Cairo,Nasr City,2023-03-15,Two year,299.86,0.0,2.0,Cash,23,3.0,6878.54,0,DSL Internet,4G
CUST-102483,Alexandria,Smouha,2023-03-15,One year,513.24,171.45,3.0,Mobile wallet,23,3.0,11431.26,0,Fiber Internet,4G
CUST-102484,Upper Egypt,Sohag,2023-03-15,One year,505.89,295.61,2.0,Cash,23,3.0,11331.93,0,Fiber Internet,5G
CUST-102485,Alexandria,Smouha,2023-03-15,Two year,450.94,228.94,3.0,Cash,23,3.0,11058.58,0,Fiber Internet,4G
CUST-102486,Upper Egypt,Assiut,2023-03-16,Two year,288.42,108.76,0.0,Cash,23,4.0,6492.06,0,DSL Internet,4G
CUST-102487,Upper Egypt,Qena,2023-03-16,Two year,390.34,435.81,1.0,Bank transfer,23,4.0,8762.72,0,Fiber Internet,5G
CUST-102488,Cairo,Nasr City,2023-03-16,Month-to-month,433.12,171.21,1.0,Bank transfer,23,3.0,9777.8,0,Fiber Internet,4G
CUST-102489,Delta,Mansoura,2023-03-16,Month-to-month,482.36,155.82,6.0,Cash,23,1.0,10497.05,1,Fiber Internet,3G
CUST-102490,Red Sea,Sharm El Sheikh,2023-03-16,Month-to-month,641.75,235.31,0.0,Cash,23,5.0,14519.3,0,Fiber Internet,5G
CUST-102491,Alexandria,Smouha,2023-03-16,Month-to-month,206.57,10.08,1.0,Credit card,23,5.0,4858.42,0,Mobile,5G
CUST-102492,Cairo,Maadi,2023-03-16,Month-to-month,547.49,359.19,2.0,Credit card,23,2.0,12093.74,1,Fiber Internet,4G
CUST-102493,Canal,Port Said,2023-03-16,Month-to-month,184.48,4.42,4.0,Bank transfer,23,3.0,4142.87,0,Mobile,3G
CUST-102494,Canal,Ismailia,2023-03-17,Month-to-month,558.35,154.68,0.0,Mobile wallet,23,5.0,12638.72,1,Bundle,4G
CUST-102495,Delta,Damanhour,2023-03-17,Month-to-month,259.12,51.39,5.0,Cash,23,,6026.91,0,DSL Internet,3G
CUST-102496,Delta,Tanta,2023-03-17,Month-to-month,436.08,270.01,1.0,Mobile wallet,23,5.0,10562.2,0,Fiber Internet,4G
CUST-102497,Cairo,Zamalek,2023-03-17,Month-to-month,847.88,233.91,1.0,Credit card,23,5.0,19748.03,0,Bundle,4G
CUST-102498,Upper Egypt,Assiut,2023-03-17,Month-to-month,333.0,151.1,1.0,Bank transfer,23,5.0,7619.75,0,Fiber Internet,4G
CUST-102499,Delta,Tanta,2023-03-17,One year,193.02,,1.0,Cash,23,5.0,4211.87,1,Mobile,4G
CUST-102500,Cairo,Nasr City,2023-03-17,One year,353.63,148.43,1.0,Bank transfer,23,5.0,8180.71,0,DSL Internet,5G
CUST-102501,Upper Egypt,Qena,2023-03-17,One year,596.61,449.74,3.0,Credit card,23,3.0,13923.47,0,Bundle,5G
CUST-102502,Red Sea,Hurghada,2023-03-18,Month-to-month,281.74,14.11,0.0,Bank transfer,23,5.0,6479.49,0,Mobile,5G
CUST-102503,Upper Egypt,Assiut,2023-03-19,Month-to-month,173.55,5.99,0.0,Cash,22,5.0,3750.79,0,Mobile,4G
CUST-102504,Cairo,Heliopolis,2023-03-19,Month-to-month,574.99,,1.0,Mobile wallet,22,5.0,12966.86,0,Fiber Internet,4G
CUST-102505,Cairo,Heliopolis,2023-03-19,Month-to-month,249.61,9.42,0.0,Credit card,22,4.0,5586.55,0,Mobile,4G
CUST-102506,Canal,Suez,2023-03-19,Month-to-month,495.53,254.2,2.0,Bank transfer,22,,10909.79,0,Fiber Internet,4G
CUST-102507,Canal,Ismailia,2023-03-19,Two year,658.99,400.92,2.0,Cash,22,3.0,14885.4,0,Fiber Internet,5G
CUST-102508,Delta,Tanta,2023-03-19,Month-to-month,193.07,91.6,0.0,Bank transfer,22,5.0,4234.57,0,DSL Internet,4G
CUST-102509,Delta,Damanhour,2023-03-20,Month-to-month,184.51,9.24,0.0,Bank transfer,22,5.0,4061.19,0,Mobile,4G
CUST-102510,Alexandria,Montazah,2023-03-20,One year,334.75,127.51,2.0,Credit card,22,3.0,7550.54,0,Fiber Internet,4G
CUST-102511,Alexandria,Borg El Arab,2023-03-20,One year,754.81,214.8,1.0,Bank transfer,22,4.0,16358.82,1,Bundle,4G
CUST-102512,Cairo,New Cairo,2023-03-20,Month-to-month,239.25,18.13,1.0,Cash,22,4.0,5401.05,0,Mobile,5G
CUST-102513,Cairo,Zamalek,2023-03-21,Month-to-month,483.9,320.15,0.0,Cash,22,4.0,10320.22,0,Fiber Internet,4G
CUST-102514,Cairo,New Cairo,2023-03-21,Two year,171.85,3.61,1.0,Bank transfer,22,4.0,3837.54,0,Mobile,3G
CUST-102515,Upper Egypt,Assiut,2023-03-21,Month-to-month,152.27,5.9,1.0,Cash,22,3.0,3355.77,0,Mobile,4G
CUST-102516,Cairo,New Cairo,2023-03-21,One year,592.45,236.18,1.0,Bank transfer,22,4.0,13238.19,0,Fiber Internet,5G
CUST-102517,Cairo,Heliopolis,2023-03-22,Two year,261.05,8.24,2.0,Cash,22,3.0,6162.02,0,Mobile,3G
CUST-102518,Delta,Zagazig,2023-03-22,Month-to-month,227.26,85.37,0.0,Credit card,22,4.0,4732.27,1,DSL Internet,4G
CUST-102519,Cairo,Maadi,2023-03-23,One year,508.64,352.55,0.0,Bank transfer,22,5.0,11199.94,0,Fiber Internet,5G
CUST-102520,Cairo,Nasr City,2023-03-23,Month-to-month,689.9,316.98,2.0,Cash,22,4.0,14836.17,0,Bundle,5G
CUST-102521,Delta,Damanhour,2023-03-23,Month-to-month,477.0,236.7,1.0,Cash,22,5.0,10413.51,0,Bundle,4G
CUST-102522,Alexandria,Sidi Gaber,2023-03-23,Month-to-month,215.9,13.6,0.0,Mobile wallet,22,5.0,4621.1,0,Mobile,5G
CUST-102523,Delta,Mansoura,2023-03-23,Two year,199.73,6.09,0.0,Mobile wallet,22,5.0,4205.47,0,Mobile,4G
CUST-102524,Canal,Ismailia,2023-03-23,Month-to-month,440.06,355.44,3.0,Cash,22,2.0,8518.35,1,Bundle,5G
CUST-102525,Cairo,Nasr City,2023-03-24,Month-to-month,228.39,10.52,0.0,Mobile wallet,22,4.0,4884.83,0,Mobile,4G
CUST-102526,Canal,Ismailia,2023-03-25,Two year,226.53,13.97,2.0,Credit card,22,4.0,4858.78,0,Mobile,5G
CUST-102527,Canal,Port Said,2023-03-25,Month-to-month,220.68,16.38,0.0,Bank transfer,22,5.0,4623.38,1,Mobile,5G
CUST-102528,Upper Egypt,Minya,2023-03-25,Two year,291.14,66.67,0.0,Mobile wallet,22,5.0,6266.92,0,DSL Internet,4G
CUST-102529,Delta,Tanta,2023-03-25,One year,167.08,9.72,2.0,Mobile wallet,22,4.0,3827.57,0,Mobile,4G
CUST-102530,Delta,Tanta,2023-03-26,One year,224.25,12.73,1.0,Cash,22,5.0,4978.25,0,Mobile,5G
CUST-102531,Delta,Damanhour,2023-03-26,One year,361.89,85.12,3.0,Bank transfer,22,4.0,8197.89,0,Fiber Internet,3G
CUST-102532,Upper Egypt,Assiut,2023-03-26,One year,244.45,128.06,1.0,Credit card,22,5.0,5589.37,0,DSL Internet,4G
CUST-102533,Cairo,Nasr City,2023-03-26,Month-to-month,245.14,13.55,1.0,Credit card,22,4.0,5692.28,0,Mobile,4G
CUST-102534,Red Sea,Hurghada,2023-03-27,Two year,433.44,70.87,1.0,Cash,22,4.0,9906.81,0,DSL Internet,3G
CUST-102535,Delta,Damanhour,2023-03-27,Two year,586.47,,2.0,Credit card,22,4.0,12446.21,0,Fiber Internet,5G
CUST-102536,Upper Egypt,Sohag,2023-03-27,Two year,209.66,4.65,0.0,Cash,22,4.0,4771.05,0,Mobile,4G
CUST-102537,Alexandria,Smouha,2023-03-27,One year,212.08,11.44,1.0,Credit card,22,5.0,4725.55,0,Mobile,5G
CUST-102538,Cairo,Nasr City,2023-03-28,One year,265.35,12.42,1.0,Bank transfer,22,4.0,6152.12,0,Mobile,4G
CUST-102539,Delta,Mansoura,2023-03-28,One year,194.7,4.16,4.0,Cash,22,,4092.92,1,Mobile,3G
CUST-102540,Delta,Damanhour,2023-03-28,Month-to-month,483.4,133.32,3.0,Bank transfer,22,,10616.14,1,Bundle,4G
CUST-102541,Alexandria,Sidi Gaber,2023-03-28,One year,212.67,11.68,1.0,Cash,22,4.0,4697.43,0,Mobile,4G
CUST-102542,Alexandria,Smouha,2023-03-28,One year,828.73,428.35,4.0,Credit card,22,2.0,18333.98,0,Bundle,4G
CUST-102543,Cairo,Maadi,2023-03-28,One year,267.49,9.56,0.0,Mobile wallet,22,4.0,6041.56,0,Mobile,4G
CUST-102544,Delta,Zagazig,2023-03-28,Month-to-month,216.99,7.34,5.0,Mobile wallet,22,2.0,4499.45,1,Mobile,3G
CUST-102545,Alexandria,Montazah,2023-03-28,Month-to-month,391.67,308.92,2.0,Cash,22,4.0,8807.23,0,Fiber Internet,5G
CUST-102546,Red Sea,Marsa Alam,2023-03-28,One year,699.21,105.44,1.0,Credit card,22,2.0,13791.53,1,Bundle,3G
CUST-102547,Cairo,Nasr City,2023-03-29,Month-to-month,235.31,8.73,2.0,Bank transfer,22,3.0,5037.09,1,Mobile,4G
CUST-102548,Alexandria,Smouha,2023-03-29,Two year,252.53,28.41,1.0,Mobile wallet,22,5.0,5273.03,0,Mobile,5G
CUST-102549,Cairo,Nasr City,2023-03-29,One year,567.03,158.85,1.0,Cash,22,5.0,12751.27,0,Fiber Internet,4G
CUST-102550,Delta,Tanta,2023-03-29,Month-to-month,188.98,7.76,0.0,Cash,22,4.0,3638.58,0,Mobile,4G
CUST-102551,Delta,Zagazig,2023-03-29,Month-to-month,440.55,486.72,4.0,Cash,22,3.0,8580.03,1,Fiber Internet,5G
CUST-102552,Delta,Zagazig,2023-03-29,One year,482.37,167.09,2.0,Mobile wallet,22,4.0,10634.58,0,Bundle,4G
CUST-102553,Red Sea,Hurghada,2023-03-29,Month-to-month,234.91,8.95,1.0,Mobile wallet,22,,5182.58,0,Mobile,3G
CUST-102554,Cairo,Zamalek,2023-03-29,Two year,933.12,127.31,0.0,Cash,22,5.0,20321.15,0,Bundle,3G
CUST-102555,Upper Egypt,Minya,2023-03-30,Month-to-month,158.43,12.44,0.0,Cash,22,5.0,3423.17,1,Mobile,5G
CUST-102556,Cairo,Nasr City,2023-03-30,Month-to-month,528.44,292.6,2.0,Cash,22,3.0,12059.33,0,Bundle,4G
CUST-102557,Cairo,Zamalek,2023-03-30,Month-to-month,669.58,314.21,1.0,Cash,22,5.0,16222.05,0,Bundle,5G
CUST-102558,Alexandria,Sidi Gaber,2023-03-30,One year,532.48,120.44,3.0,Cash,22,3.0,11735.16,0,Fiber Internet,3G
CUST-102559,Cairo,Nasr City,2023-03-30,Two year,726.72,330.1,1.0,Credit card,22,4.0,16649.41,0,Bundle,4G
CUST-102560,Delta,Tanta,2023-03-30,Two year,702.75,285.3,1.0,Bank transfer,22,4.0,14948.07,0,Bundle,5G
CUST-102561,Delta,Damanhour,2023-03-30,One year,207.12,28.19,0.0,Cash,22,4.0,4456.96,0,Mobile,5G
CUST-102562,Upper Egypt,Minya,2023-03-30,Two year,183.0,6.84,3.0,Mobile wallet,22,2.0,3716.81,1,Mobile,3G
CUST-102563,Delta,Tanta,2023-03-30,Month-to-month,171.55,7.82,0.0,Credit card,22,,3757.48,0,Mobile,4G
CUST-102564,Delta,Damanhour,2023-03-31,One year,452.49,256.27,0.0,Mobile wallet,22,5.0,9587.14,1,Fiber Internet,5G
CUST-102565,Alexandria,Sidi Gaber,2023-03-31,Two year,537.1,379.41,1.0,Mobile wallet,22,3.0,12308.65,0,Fiber Internet,4G
CUST-102566,Cairo,Heliopolis,2023-03-31,Month-to-month,433.88,165.55,1.0,Cash,22,3.0,9677.33,0,Fiber Internet,4G
CUST-102567,Cairo,Nasr City,2023-03-31,Two year,579.81,195.79,1.0,Cash,22,4.0,13437.87,0,Fiber Internet,4G
CUST-102568,Delta,Damanhour,2023-03-31,Month-to-month,403.15,357.7,2.0,Credit card,22,5.0,9349.36,0,Fiber Internet,5G
CUST-102569,Red Sea,Marsa Alam,2023-03-31,Month-to-month,253.41,7.51,1.0,,22,5.0,5584.02,0,Mobile,4G
CUST-102570,Cairo,Nasr City,2023-04-01,One year,268.96,11.64,1.0,Credit card,22,3.0,5892.45,0,Mobile,4G
CUST-102571,Delta,Zagazig,2023-04-01,Two year,747.96,276.29,2.0,Cash,22,4.0,14749.14,1,Bundle,4G
CUST-102572,Upper Egypt,Qena,2023-04-01,Month-to-month,124.7,5.64,3.0,Credit card,22,4.0,2683.83,0,Mobile,4G
CUST-102573,Upper Egypt,Minya,2023-04-01,Two year,171.53,5.44,1.0,Mobile wallet,22,4.0,3485.54,1,Mobile,4G
CUST-102574,Delta,Mansoura,2023-04-02,Month-to-month,217.31,10.48,1.0,Mobile wallet,22,4.0,4634.42,0,Mobile,4G
CUST-102575,Delta,Damanhour,2023-04-02,One year,531.72,260.81,4.0,Mobile wallet,22,3.0,10976.84,1,Bundle,4G
CUST-102576,Upper Egypt,,2023-04-02,One year,151.89,6.52,1.0,Mobile wallet,22,4.0,3411.91,0,Mobile,4G
CUST-102577,Canal,Ismailia,2023-04-03,Month-to-month,410.4,68.37,0.0,Mobile wallet,22,4.0,9133.53,0,Fiber Internet,3G
CUST-102578,Cairo,Maadi,2023-04-03,One year,311.5,27.92,1.0,Mobile wallet,22,5.0,7123.93,0,Mobile,5G
CUST-102579,Canal,Port Said,2023-04-03,One year,183.93,10.71,1.0,Credit card,22,4.0,4108.73,0,Mobile,4G
CUST-102580,Cairo,Heliopolis,2023-04-04,One year,382.26,111.62,1.0,Bank transfer,22,4.0,8210.77,0,DSL Internet,4G
CUST-102581,Upper Egypt,Minya,2023-04-04,Month-to-month,374.11,120.35,3.0,Mobile wallet,22,3.0,8479.64,0,Fiber Internet,3G
CUST-102582,Cairo,New Cairo,2023-04-05,Month-to-month,241.64,,1.0,Bank transfer,22,4.0,5024.58,0,DSL Internet,4G
CUST-102583,Cairo,New Cairo,2023-04-05,Two year,262.67,29.08,0.0,Mobile wallet,22,5.0,6004.61,0,Mobile,5G
CUST-102584,Cairo,New Cairo,2023-04-05,One year,712.51,317.82,4.0,Bank transfer,22,3.0,15195.09,0,Bundle,4G
CUST-102585,Alexandria,Borg El Arab,2023-04-05,Two year,584.75,216.85,3.0,Cash,22,3.0,11683.14,0,Fiber Internet,5G
CUST-102586,Alexandria,Borg El Arab,2023-04-05,One year,823.6,236.52,2.0,Credit card,22,4.0,18513.86,0,Bundle,4G
CUST-102587,Cairo,New Cairo,2023-04-05,Two year,251.42,13.73,1.0,Mobile wallet,22,,5462.87,0,Mobile,5G
CUST-102588,Alexandria,Montazah,2023-04-05,Month-to-month,186.6,10.13,2.0,Credit card,22,4.0,4298.1,0,Mobile,4G
CUST-102589,Alexandria,Smouha,2023-04-06,One year,286.59,11.38,0.0,Mobile wallet,22,,6547.79,0,Mobile,4G
CUST-102590,Upper Egypt,Assiut,2023-04-06,One year,221.03,60.46,0.0,Bank transfer,22,5.0,4670.84,0,DSL Internet,4G
CUST-102591,Canal,Port Said,2023-04-06,Month-to-month,217.38,55.01,1.0,Mobile wallet,22,3.0,4843.09,1,DSL Internet,3G
CUST-102592,Delta,Tanta,2023-04-06,Month-to-month,470.91,263.24,1.0,Credit card,22,4.0,9143.72,1,Fiber Internet,4G
CUST-102593,Cairo,New Cairo,2023-04-06,One year,245.13,10.83,0.0,Cash,22,4.0,5493.14,0,Mobile,4G
CUST-102594,Cairo,New Cairo,2023-04-06,Two year,272.9,18.6,1.0,Mobile wallet,22,4.0,6345.92,0,Mobile,5G
CUST-102595,Canal,Ismailia,2023-04-07,One year,259.98,12.63,0.0,Cash,22,5.0,5487.2,0,Mobile,5G
CUST-102596,Cairo,Zamalek,2023-04-07,Month-to-month,567.9,,3.0,Mobile wallet,22,3.0,12933.38,1,Bundle,4G
CUST-102597,Alexandria,Sidi Gaber,2023-04-07,Two year,224.46,9.09,1.0,Mobile wallet,22,4.0,4970.14,0,Mobile,4G
CUST-102598,Canal,Ismailia,2023-04-07,Month-to-month,153.02,9.5,0.0,Cash,22,5.0,3416.63,0,Mobile,4G
CUST-102599,Red Sea,Marsa Alam,2023-04-08,Month-to-month,223.28,16.39,0.0,Credit card,22,5.0,5142.93,0,Mobile,5G
CUST-102600,Alexandria,Borg El Arab,2023-04-08,Two year,213.75,9.19,0.0,Mobile wallet,22,4.0,4781.15,0,Mobile,4G
CUST-102601,Delta,Mansoura,2023-04-08,One year,498.82,181.6,2.0,Bank transfer,22,4.0,10392.47,0,Bundle,4G
CUST-102602,Alexandria,Borg El Arab,2023-04-08,Two year,252.23,,3.0,Mobile wallet,22,3.0,4835.11,0,Mobile,3G
CUST-102603,Upper Egypt,Sohag,2023-04-08,Two year,560.31,356.3,0.0,,22,4.0,11307.16,1,Bundle,4G
CUST-102604,Cairo,New Cairo,2023-04-09,One year,298.43,55.97,1.0,Bank transfer,22,4.0,6332.43,0,DSL Internet,4G
CUST-102605,Cairo,Heliopolis,2023-04-09,Month-to-month,440.32,306.18,4.0,Mobile wallet,22,3.0,9319.55,0,Fiber Internet,5G
CUST-102606,Delta,Zagazig,2023-04-09,Month-to-month,410.17,259.63,0.0,Bank transfer,22,4.0,8795.42,0,Fiber Internet,5G
CUST-102607,Cairo,Nasr City,2023-04-10,Two year,297.61,139.81,2.0,Credit card,22,4.0,5801.63,0,DSL Internet,5G
CUST-102608,Delta,Tanta,2023-04-10,Two year,300.1,104.78,1.0,Bank transfer,22,4.0,6287.48,0,DSL Internet,4G
CUST-102609,Alexandria,Montazah,2023-04-10,Month-to-month,229.37,8.74,2.0,Cash,22,4.0,5156.41,0,Mobile,4G
CUST-102610,Canal,Port Said,2023-04-10,Month-to-month,616.43,414.98,1.0,Credit card,22,5.0,14126.77,0,Bundle,5G
CUST-102611,Upper Egypt,Assiut,2023-04-10,Month-to-month,140.2,5.09,2.0,Bank transfer,22,3.0,2994.5,0,Mobile,4G
CUST-102612,Delta,Mansoura,2023-04-10,Month-to-month,177.27,9.82,0.0,Cash,22,4.0,4007.69,0,Mobile,4G
CUST-102613,Upper Egypt,Minya,2023-04-10,Two year,150.6,6.48,1.0,Cash,22,4.0,2970.03,0,Mobile,4G
CUST-102614,Cairo,Heliopolis,2023-04-11,Month-to-month,328.2,98.38,1.0,Credit card,22,4.0,6966.67,1,DSL Internet,4G
CUST-102615,Delta,Damanhour,2023-04-11,Month-to-month,163.89,7.48,0.0,Mobile wallet,22,4.0,3776.44,0,Mobile,4G
CUST-102616,Cairo,Nasr City,2023-04-11,Two year,227.65,10.09,0.0,Credit card,22,5.0,5111.6,0,Mobile,4G
CUST-102617,Canal,,2023-04-11,One year,217.86,11.96,0.0,Cash,22,5.0,4787.84,0,Mobile,4G
CUST-102618,Upper Egypt,Assiut,2023-04-11,Month-to-month,113.34,6.44,1.0,Bank transfer,22,4.0,2137.33,1,Mobile,4G
CUST-102619,Canal,Port Said,2023-04-11,Month-to-month,154.22,10.69,2.0,Bank transfer,22,3.0,3649.4,0,Mobile,4G
CUST-102620,Canal,Port Said,2023-04-11,Month-to-month,488.66,273.61,2.0,Bank transfer,22,4.0,11585.17,0,Bundle,4G
CUST-102621,Red Sea,Hurghada,2023-04-11,Month-to-month,199.91,15.41,0.0,Mobile wallet,22,4.0,4315.81,1,Mobile,5G
CUST-102622,Cairo,Maadi,2023-04-12,Month-to-month,811.9,507.74,4.0,Credit card,22,3.0,18813.39,0,Bundle,5G
CUST-102623,Canal,Port Said,2023-04-12,Month-to-month,289.18,272.43,0.0,Cash,22,5.0,6073.28,1,DSL Internet,5G
CUST-102624,Delta,Mansoura,2023-04-12,Month-to-month,250.62,87.86,2.0,Mobile wallet,22,3.0,5681.55,0,DSL Internet,5G
CUST-102625,Alexandria,Borg El Arab,2023-04-13,Month-to-month,612.35,323.44,0.0,Mobile wallet,22,4.0,13923.92,0,Bundle,4G
CUST-102626,Delta,Damanhour,2023-04-13,Month-to-month,170.9,7.59,0.0,Cash,22,4.0,3579.8,1,Mobile,3G
CUST-102627,Alexandria,Smouha,2023-04-13,Two year,633.22,273.27,1.0,Credit card,22,4.0,13470.12,0,Fiber Internet,4G
CUST-102628,Cairo,Nasr City,2023-04-13,Month-to-month,170.56,15.34,0.0,Credit card,22,4.0,3883.66,0,Mobile,4G
CUST-102629,Cairo,Zamalek,2023-04-13,Month-to-month,245.65,27.62,0.0,,22,4.0,5810.42,0,Mobile,5G
CUST-102630,Cairo,Nasr City,2023-04-13,Two year,245.82,10.12,2.0,Cash,22,3.0,5418.67,1,Mobile,4G
CUST-102631,Delta,Zagazig,2023-04-13,Month-to-month,263.4,128.56,1.0,Credit card,22,5.0,5873.81,0,DSL Internet,5G
CUST-102632,Canal,Suez,2023-04-14,One year,668.33,291.96,2.0,Cash,22,,14183.04,1,Bundle,4G
CUST-102633,Delta,Zagazig,2023-04-14,Two year,221.03,8.62,1.0,Mobile wallet,22,4.0,4925.15,0,Mobile,4G
CUST-102634,Delta,Tanta,2023-04-15,One year,329.52,366.75,1.0,Mobile wallet,22,5.0,6586.84,0,DSL Internet,5G
CUST-102635,Alexandria,Montazah,2023-04-15,Month-to-month,160.53,10.52,0.0,Mobile wallet,22,5.0,3516.63,0,Mobile,4G
CUST-102636,Alexandria,Borg El Arab,2023-04-15,One year,244.14,16.38,0.0,Credit card,22,5.0,5324.69,0,Mobile,5G
CUST-102637,Cairo,Heliopolis,2023-04-15,One year,244.71,10.6,1.0,Credit card,22,4.0,5123.63,0,Mobile,5G
CUST-102638,Upper Egypt,Minya,2023-04-15,Month-to-month,334.65,240.11,1.0,Mobile wallet,22,4.0,7672.78,0,Fiber Internet,5G
CUST-102639,Cairo,Zamalek,2023-04-15,Month-to-month,658.66,250.58,0.0,Bank transfer,22,4.0,14653.89,0,Fiber Internet,5G
CUST-102640,Upper Egypt,Qena,2023-04-16,Month-to-month,166.48,10.7,1.0,Mobile wallet,22,4.0,3279.16,0,Mobile,4G
CUST-102641,Upper Egypt,Assiut,2023-04-16,Two year,170.1,4.08,2.0,Cash,22,3.0,3777.35,0,Mobile,4G
CUST-102642,Delta,Mansoura,2023-04-16,Month-to-month,449.09,,,Credit card,22,4.0,9912.4,1,Fiber Internet,5G
CUST-102643,Canal,Ismailia,2023-04-16,Month-to-month,261.78,84.05,0.0,Bank transfer,22,4.0,5366.37,1,DSL Internet,4G
CUST-102644,Cairo,Zamalek,2023-04-17,One year,232.87,6.49,0.0,Bank transfer,22,,4913.14,0,Mobile,4G
CUST-102645,Canal,Port Said,2023-04-17,Two year,286.03,101.06,1.0,Credit card,22,4.0,5968.18,0,DSL Internet,4G
CUST-102646,Upper Egypt,Sohag,2023-04-17,Month-to-month,370.07,165.57,0.0,Cash,22,4.0,8174.04,0,Fiber Internet,4G
CUST-102647,Upper Egypt,Assiut,2023-04-17,Month-to-month,327.56,148.36,36.0,Cash,22,4.0,6678.97,1,Fiber Internet,4G
CUST-102648,Delta,Zagazig,2023-04-17,Month-to-month,174.62,19.33,3.0,Bank transfer,22,3.0,3615.67,0,Mobile,5G
CUST-102649,Upper Egypt,Minya,2023-04-17,One year,585.08,254.31,1.0,Cash,22,4.0,13705.9,0,Bundle,4G
CUST-102650,Red Sea,Sharm El Sheikh,2023-04-17,Month-to-month,4810.8,3126.36,3.0,Credit card,22,3.0,105837.6,0,Fiber Internet,4G
CUST-102651,Alexandria,Smouha,2023-04-17,Two year,289.48,11.65,2.0,Cash,22,5.0,6235.04,0,Mobile,4G
CUST-102652,Upper Egypt,Qena,2023-04-17,Month-to-month,475.44,222.99,1.0,Cash,22,5.0,10652.68,1,Bundle,4G
CUST-102653,Upper Egypt,Qena,2023-04-18,Month-to-month,555.82,147.8,0.0,Credit card,21,,11238.37,1,Bundle,4G
CUST-102654,Alexandria,Montazah,2023-04-18,Month-to-month,316.82,170.93,1.0,Mobile wallet,21,5.0,6617.35,0,DSL Internet,5G
CUST-102655,Canal,Ismailia,2023-04-19,Month-to-month,677.22,200.18,2.0,Cash,21,4.0,13662.51,1,Bundle,4G
CUST-102656,Alexandria,Sidi Gaber,2023-04-19,One year,270.27,17.77,0.0,Bank transfer,21,4.0,5555.66,0,Mobile,4G
CUST-102657,Delta,Tanta,2023-04-19,Two year,223.91,48.14,2.0,Bank transfer,21,3.0,4675.85,0,DSL Internet,3G
CUST-102658,Cairo,Nasr City,2023-04-19,Month-to-month,230.1,7.17,2.0,Mobile wallet,21,3.0,4944.99,0,Mobile,3G
CUST-102659,Cairo,Maadi,2023-04-20,One year,753.75,424.91,3.0,Credit card,21,4.0,16893.28,0,Bundle,5G
CUST-102660,Upper Egypt,Sohag,2023-04-20,Month-to-month,154.2,20.13,0.0,Credit card,21,5.0,3167.07,0,Mobile,5G
CUST-102661,Alexandria,Sidi Gaber,2023-04-20,One year,204.01,8.92,0.0,Credit card,21,5.0,4182.68,1,Mobile,5G
CUST-102662,Alexandria,Smouha,2023-04-20,Month-to-month,180.88,12.66,0.0,Mobile wallet,21,5.0,3404.18,1,Mobile,5G
CUST-102663,Cairo,New Cairo,2023-04-20,One year,304.36,43.74,1.0,Bank transfer,21,4.0,6520.89,0,DSL Internet,3G
CUST-102664,Delta,Tanta,2023-04-20,Month-to-month,402.95,137.09,1.0,Mobile wallet,21,5.0,9072.46,0,Fiber Internet,5G
CUST-102665,Upper Egypt,Minya,2023-04-21,Two year,290.27,75.45,1.0,Credit card,21,5.0,6101.41,0,DSL Internet,4G
CUST-102666,Canal,Ismailia,2023-04-21,Two year,200.42,20.0,1.0,Credit card,21,3.0,4111.61,0,Mobile,5G
CUST-102667,Cairo,Heliopolis,2023-04-21,Two year,251.04,11.26,0.0,Mobile wallet,21,3.0,5159.75,0,Mobile,4G
CUST-102668,Delta,Damanhour,2023-04-22,Two year,426.55,170.35,2.0,Credit card,21,4.0,9130.95,0,Fiber Internet,4G
CUST-102669,Alexandria,Montazah,2023-04-22,Month-to-month,169.47,10.88,4.0,Mobile wallet,21,2.0,3567.43,0,Mobile,4G
CUST-102670,Delta,Damanhour,2023-04-22,One year,263.9,54.66,5.0,Bank transfer,21,1.0,5192.59,1,DSL Internet,3G
CUST-102671,Alexandria,Sidi Gaber,2023-04-23,Month-to-month,632.54,,0.0,Mobile wallet,21,4.0,13630.54,0,Bundle,4G
CUST-102672,Alexandria,Sidi Gaber,2023-04-23,Two year,622.92,261.31,0.0,Bank transfer,21,5.0,12622.01,0,Fiber Internet,4G
CUST-102673,Alexandria,Sidi Gaber,2023-04-23,Month-to-month,164.47,14.42,1.0,Cash,21,4.0,3403.22,1,Mobile,5G
CUST-102674,Delta,Zagazig,2023-04-23,Month-to-month,396.34,83.07,4.0,Credit card,21,3.0,8218.27,0,Fiber Internet,3G
CUST-102675,Delta,Tanta,2023-04-23,One year,676.21,343.69,2.0,Cash,21,3.0,14574.68,0,Bundle,4G
CUST-102676,Alexandria,Sidi Gaber,2023-04-23,Month-to-month,384.55,117.64,1.0,Bank transfer,21,3.0,7949.34,1,Fiber Internet,4G
CUST-102677,Upper Egypt,Assiut,2023-04-24,One year,282.63,53.98,2.0,Credit card,21,3.0,5474.07,0,DSL Internet,3G
CUST-102678,Upper Egypt,Minya,2023-04-25,Month-to-month,143.32,10.66,0.0,Mobile wallet,21,4.0,3001.19,0,Mobile,4G
CUST-102679,Alexandria,Montazah,2023-04-25,One year,339.46,109.33,2.0,Credit card,21,,6692.67,0,DSL Internet,4G
CUST-102680,Upper Egypt,Minya,2023-04-25,Two year,174.12,7.73,0.0,Bank transfer,21,,3403.35,0,Mobile,4G
CUST-102681,Canal,Port Said,2023-04-25,One year,307.31,212.18,0.0,Cash,21,4.0,6392.96,0,DSL Internet,4G
CUST-102682,Cairo,New Cairo,2023-04-25,Month-to-month,836.78,245.31,0.0,Cash,21,4.0,17788.26,0,Bundle,3G
CUST-102683,Delta,Damanhour,2023-04-25,Month-to-month,522.18,218.58,1.0,Mobile wallet,21,4.0,10288.16,0,Bundle,4G
CUST-102684,Cairo,Nasr City,2023-04-25,Month-to-month,251.25,12.32,,Cash,21,3.0,5333.51,0,Mobile,5G
CUST-102685,Upper Egypt,Qena,2023-04-25,Month-to-month,489.77,157.73,0.0,Bank transfer,21,5.0,9925.46,0,Bundle,5G
CUST-102686,Cairo,Maadi,2023-04-25,One year,220.73,12.84,2.0,Credit card,21,3.0,4647.92,0,Mobile,4G
CUST-102687,Delta,Tanta,2023-04-25,Month-to-month,390.38,250.02,1.0,Cash,21,4.0,9027.44,0,Fiber Internet,4G
CUST-102688,Cairo,Heliopolis,2023-04-25,Month-to-month,312.61,176.47,1.0,Credit card,21,3.0,6481.48,0,DSL Internet,5G
CUST-102689,Delta,Tanta,2023-04-25,Month-to-month,324.88,90.02,0.0,Credit card,21,4.0,6201.73,1,Fiber Internet,4G
CUST-102690,Canal,Port Said,2023-04-26,Two year,226.94,11.11,1.0,Credit card,21,,4762.33,0,Mobile,4G
CUST-102691,Alexandria,Montazah,2023-04-26,Month-to-month,305.18,50.51,3.0,Bank transfer,21,3.0,6057.18,1,DSL Internet,3G
CUST-102692,Canal,Port Said,2023-04-26,Month-to-month,468.63,204.01,2.0,Bank transfer,21,4.0,9243.05,1,Fiber Internet,4G
CUST-102693,Red Sea,Marsa Alam,2023-04-26,Month-to-month,589.85,593.05,2.0,Bank transfer,21,3.0,12403.83,0,Fiber Internet,5G
CUST-102694,Canal,Ismailia,2023-04-26,Month-to-month,476.43,361.26,4.0,Mobile wallet,21,4.0,9458.15,1,Fiber Internet,5G
CUST-102695,Cairo,Zamalek,2023-04-26,Two year,349.1,138.79,0.0,Mobile wallet,21,,6968.16,0,DSL Internet,4G
CUST-102696,Upper Egypt,Minya,2023-04-26,Month-to-month,144.29,7.61,0.0,Cash,21,4.0,2980.96,1,Mobile,4G
CUST-102697,Cairo,Heliopolis,2023-04-26,One year,272.66,19.76,2.0,Credit card,21,4.0,6026.7,0,Mobile,5G
CUST-102698,Alexandria,Montazah,2023-04-27,One year,527.38,169.94,2.0,Credit card,21,5.0,10910.13,0,Fiber Internet,4G
CUST-102699,Canal,Port Said,2023-04-27,Two year,308.63,,0.0,Mobile wallet,21,4.0,6572.14,0,DSL Internet,4G
CUST-102700,Upper Egypt,Qena,2023-04-27,One year,148.89,4.09,6.0,Credit card,21,2.0,2870.86,0,Mobile,3G
CUST-102701,Delta,Damanhour,2023-04-27,One year,175.48,10.02,2.0,Bank transfer,21,,3507.03,1,Mobile,5G
CUST-102702,Alexandria,Montazah,2023-04-28,Month-to-month,651.4,452.83,2.0,Mobile wallet,21,4.0,14731.86,0,Bundle,5G
CUST-102703,Upper Egypt,Qena,2023-04-28,One year,390.11,87.45,1.0,Cash,21,4.0,8454.46,0,Bundle,4G
CUST-102704,Upper Egypt,Assiut,2023-04-29,One year,272.75,163.85,0.0,Credit card,21,5.0,5763.04,0,Fiber Internet,5G
CUST-102705,Alexandria,Borg El Arab,2023-04-29,One year,338.74,137.42,,Mobile wallet,21,4.0,6762.81,1,DSL Internet,4G
CUST-102706,Canal,Ismailia,2023-04-29,One year,581.32,326.09,1.0,Mobile wallet,21,3.0,12061.74,0,Bundle,4G
CUST-102707,Cairo,Heliopolis,2023-04-29,Month-to-month,550.63,363.43,2.0,Cash,21,4.0,11757.38,0,Fiber Internet,5G
CUST-102708,Cairo,Zamalek,2023-04-29,Month-to-month,268.03,14.1,0.0,Bank transfer,21,5.0,5860.18,0,Mobile,5G
CUST-102709,Delta,Tanta,2023-04-29,Month-to-month,345.51,154.63,2.0,Mobile wallet,21,4.0,6771.54,1,Fiber Internet,4G
CUST-102710,Red Sea,Marsa Alam,2023-04-29,Month-to-month,519.25,227.72,2.0,Mobile wallet,21,3.0,10697.02,1,Bundle,4G
CUST-102711,Cairo,Heliopolis,2023-04-30,Month-to-month,309.75,248.68,1.0,Credit card,21,4.0,5994.64,1,DSL Internet,5G
CUST-102712,Cairo,Maadi,2023-04-30,Month-to-month,202.63,12.89,1.0,Mobile wallet,21,5.0,4180.82,0,Mobile,4G
CUST-102713,Cairo,Maadi,2023-05-01,One year,762.35,360.66,4.0,Mobile wallet,21,4.0,15297.56,0,Bundle,4G
CUST-102714,Canal,Ismailia,2023-05-01,One year,310.3,60.31,0.0,Bank transfer,21,3.0,6558.08,0,DSL Internet,3G
CUST-102715,Cairo,New Cairo,2023-05-01,One year,256.29,4.6,1.0,Bank transfer,21,4.0,5400.06,0,Mobile,3G
CUST-102716,Delta,Mansoura,2023-05-01,One year,589.93,149.64,2.0,Bank transfer,21,3.0,11985.74,1,Bundle,4G
CUST-102717,Red Sea,Sharm El Sheikh,2023-05-01,Month-to-month,350.27,106.92,0.0,Mobile wallet,21,4.0,7091.86,1,DSL Internet,4G
CUST-102718,Cairo,New Cairo,2023-05-02,Month-to-month,752.36,333.67,3.0,Credit card,21,2.0,15482.46,1,Bundle,4G
CUST-102719,Delta,Tanta,2023-05-02,One year,572.57,192.21,1.0,Mobile wallet,21,4.0,13026.72,0,Bundle,4G
CUST-102720,Delta,Zagazig,2023-05-02,Two year,217.65,12.2,0.0,Credit card,21,,4704.65,0,Mobile,4G
CUST-102721,Upper Egypt,,2023-05-03,One year,193.91,60.96,0.0,Mobile wallet,21,,3750.7,0,DSL Internet,4G
CUST-102722,Alexandria,Smouha,2023-05-03,One year,244.87,9.21,1.0,Mobile wallet,21,5.0,5091.27,0,Mobile,4G
CUST-102723,Alexandria,Montazah,2023-05-04,One year,671.19,381.0,1.0,Mobile wallet,21,4.0,14075.12,0,Bundle,4G
CUST-102724,Cairo,New Cairo,2023-05-04,One year,645.48,443.5,1.0,Mobile wallet,21,4.0,12695.89,0,Bundle,5G
CUST-102725,Upper Egypt,Minya,2023-05-04,One year,494.35,266.66,2.0,Bank transfer,21,3.0,10726.04,0,Bundle,5G
CUST-102726,Upper Egypt,Sohag,2023-05-04,One year,275.39,77.09,1.0,Bank transfer,21,4.0,6196.94,0,DSL Internet,4G
CUST-102727,Cairo,Nasr City,2023-05-04,Month-to-month,289.23,197.29,2.0,Mobile wallet,21,5.0,5863.29,0,DSL Internet,5G
CUST-102728,Alexandria,Borg El Arab,2023-05-04,Month-to-month,205.02,,1.0,Credit card,21,5.0,4522.96,0,Mobile,5G
CUST-102729,Canal,Port Said,2023-05-04,Month-to-month,202.41,6.51,2.0,Mobile wallet,21,4.0,4433.09,0,Mobile,3G
CUST-102730,Cairo,New Cairo,2023-05-04,One year,246.63,15.42,1.0,Mobile wallet,21,4.0,5236.04,0,Mobile,5G
CUST-102731,Cairo,Maadi,2023-05-05,One year,678.9,181.28,1.0,Cash,21,4.0,14730.59,0,Bundle,4G
CUST-102732,Delta,Zagazig,2023-05-05,Month-to-month,394.61,171.55,2.0,,21,4.0,8033.4,0,Fiber Internet,4G
CUST-102733,Alexandria,Sidi Gaber,2023-05-05,Month-to-month,370.93,251.71,5.0,Mobile wallet,21,3.0,8148.12,0,Fiber Internet,4G
CUST-102734,Cairo,Maadi,2023-05-05,Two year,245.58,8.52,0.0,Credit card,21,5.0,5418.35,0,Mobile,4G
CUST-102735,Alexandria,Smouha,2023-05-06,Month-to-month,388.77,250.8,2.0,Cash,21,,8319.97,0,Fiber Internet,5G
CUST-102736,Cairo,Maadi,2023-05-06,Two year,608.16,552.46,2.0,Mobile wallet,21,4.0,12927.41,0,Fiber Internet,5G
CUST-102737,Delta,Zagazig,2023-05-06,Month-to-month,443.01,93.74,1.0,Mobile wallet,21,,8579.04,1,Bundle,3G
CUST-102738,Upper Egypt,Assiut,2023-05-06,Month-to-month,478.01,189.53,0.0,Mobile wallet,21,5.0,10418.2,0,Bundle,4G
CUST-102739,Delta,Zagazig,2023-05-06,Month-to-month,456.52,184.52,1.0,Bank transfer,21,5.0,9135.62,1,Fiber Internet,5G
CUST-102740,Cairo,Heliopolis,2023-05-06,Month-to-month,371.24,213.09,1.0,Mobile wallet,21,5.0,7753.49,0,DSL Internet,5G
CUST-102741,Upper Egypt,Qena,2023-05-07,Month-to-month,127.39,5.66,2.0,Cash,21,3.0,2776.22,0,Mobile,4G
CUST-102742,Cairo,Maadi,2023-05-07,Month-to-month,203.18,6.14,0.0,Credit card,21,4.0,4217.51,0,Mobile,4G
CUST-102743,Upper Egypt,Assiut,2023-05-08,Month-to-month,393.98,129.3,1.0,Cash,21,3.0,8040.11,0,Fiber Internet,4G
CUST-102744,Alexandria,Sidi Gaber,2023-05-08,Month-to-month,306.87,113.57,1.0,Cash,21,3.0,6404.44,1,DSL Internet,4G
CUST-102745,Upper Egypt,Qena,2023-05-09,Two year,164.87,7.64,2.0,Cash,21,4.0,3098.33,1,Mobile,5G
CUST-102746,Cairo,Maadi,2023-05-09,Month-to-month,208.37,9.54,0.0,Cash,21,5.0,4503.17,0,Mobile,5G
CUST-102747,Cairo,Zamalek,2023-05-09,Month-to-month,524.57,360.66,0.0,Bank transfer,21,5.0,10473.5,0,Fiber Internet,5G
CUST-102748,Delta,Damanhour,2023-05-10,Month-to-month,129.89,3.85,2.0,Mobile wallet,21,4.0,2530.16,0,Mobile,3G
CUST-102749,Cairo,Maadi,2023-05-11,Two year,653.68,270.42,0.0,Credit card,21,5.0,14088.08,0,Fiber Internet,5G
CUST-102750,Cairo,Zamalek,2023-05-11,Two year,698.05,338.24,1.0,Mobile wallet,21,4.0,14849.28,0,Fiber Internet,5G
CUST-102751,Upper Egypt,Assiut,2023-05-11,Two year,529.3,356.24,2.0,Credit card,21,4.0,10834.27,0,Bundle,4G
CUST-102752,Upper Egypt,,2023-05-11,Two year,146.14,16.57,0.0,Cash,21,4.0,2927.07,0,Mobile,5G
CUST-102753,Cairo,Maadi,2023-05-11,Month-to-month,263.29,11.37,0.0,Credit card,21,3.0,5603.93,0,Mobile,4G
CUST-102754,Canal,Port Said,2023-05-11,One year,206.51,12.66,0.0,Credit card,21,4.0,4255.51,0,Mobile,4G
CUST-102755,Upper Egypt,Qena,2023-05-11,Month-to-month,166.01,8.82,0.0,Credit card,21,4.0,3596.51,0,Mobile,4G
CUST-102756,Canal,Suez,2023-05-12,Two year,256.22,30.37,1.0,Mobile wallet,21,4.0,5256.66,0,DSL Internet,3G
CUST-102757,Upper Egypt,Sohag,2023-05-12,Month-to-month,293.92,42.92,4.0,Credit card,21,2.0,5778.42,1,Fiber Internet,3G
CUST-102758,Delta,Damanhour,2023-05-13,Month-to-month,179.72,9.92,0.0,Credit card,21,5.0,3941.52,0,Mobile,5G
CUST-102759,Delta,Tanta,2023-05-13,Two year,709.05,161.76,1.0,Credit card,21,5.0,13598.06,1,Bundle,4G
CUST-102760,Delta,Zagazig,2023-05-13,Two year,247.78,54.81,2.0,Bank transfer,21,4.0,4900.42,0,DSL Internet,3G
CUST-102761,Canal,Port Said,2023-05-13,Two year,211.33,4.7,5.0,Cash,21,2.0,4068.56,1,Mobile,3G
CUST-102762,Cairo,Nasr City,2023-05-13,Month-to-month,176.54,10.09,0.0,Mobile wallet,21,3.0,3743.21,0,Mobile,4G
CUST-102763,Alexandria,Borg El Arab,2023-05-13,Month-to-month,550.3,359.66,0.0,Bank transfer,21,4.0,12439.81,0,Bundle,5G
CUST-102764,Cairo,Maadi,2023-05-14,Month-to-month,310.56,132.33,1.0,Credit card,21,5.0,6561.47,0,DSL Internet,4G
CUST-102765,Canal,Ismailia,2023-05-14,Month-to-month,601.07,253.55,0.0,Credit card,21,4.0,11602.19,1,Bundle,5G
CUST-102766,Alexandria,Sidi Gaber,2023-05-14,Month-to-month,141.35,12.86,0.0,Bank transfer,21,,2869.93,0,Mobile,5G
CUST-102767,Delta,Damanhour,2023-05-15,Month-to-month,288.61,111.26,1.0,Credit card,21,5.0,6160.31,0,DSL Internet,5G
CUST-102768,Upper Egypt,Minya,2023-05-15,Two year,175.23,,0.0,Credit card,21,,3424.71,0,Mobile,5G
CUST-102769,Red Sea,Hurghada,2023-05-15,Month-to-month,249.04,16.3,1.0,Credit card,21,4.0,4836.21,0,Mobile,4G
CUST-102770,Cairo,Nasr City,2023-05-15,One year,387.37,226.21,1.0,Bank transfer,21,4.0,8198.64,0,DSL Internet,5G
CUST-102771,Upper Egypt,Qena,2023-05-15,Two year,287.52,96.66,0.0,Mobile wallet,21,5.0,5953.9,1,DSL Internet,4G
CUST-102772,Canal,Ismailia,2023-05-16,One year,253.51,19.66,0.0,Credit card,21,4.0,5517.47,0,Mobile,5G
CUST-102773,Cairo,Maadi,2023-05-16,Month-to-month,199.84,6.11,0.0,Mobile wallet,21,5.0,4254.76,0,Mobile,4G
CUST-102774,Upper Egypt,Assiut,2023-05-16,Month-to-month,223.42,50.41,0.0,Mobile wallet,21,5.0,4916.46,0,DSL Internet,4G
CUST-102775,Alexandria,Smouha,2023-05-17,Month-to-month,169.57,14.4,1.0,Cash,21,5.0,3534.07,0,Mobile,5G
CUST-102776,Delta,Damanhour,2023-05-17,One year,185.98,19.77,0.0,Credit card,21,5.0,3846.42,0,Mobile,5G
CUST-102777,Delta,Damanhour,2023-05-17,Month-to-month,186.5,9.25,0.0,Cash,21,,3908.43,0,Mobile,5G
CUST-102778,Cairo,Maadi,2023-05-17,Month-to-month,255.04,16.73,1.0,Cash,21,4.0,5419.11,0,Mobile,5G
CUST-102779,Cairo,Maadi,2023-05-18,Two year,772.46,455.78,0.0,Cash,20,4.0,17853.62,0,Bundle,5G
CUST-102780,Cairo,Heliopolis,2023-05-18,One year,206.58,8.24,2.0,Cash,20,4.0,4099.07,0,Mobile,4G
CUST-102781,Cairo,Nasr City,2023-05-18,Two year,615.45,308.02,1.0,Credit card,20,5.0,12397.21,0,Fiber Internet,5G
CUST-102782,Delta,Zagazig,2023-05-18,Month-to-month,218.23,101.01,0.0,Cash,20,5.0,4667.92,0,DSL Internet,4G
CUST-102783,Alexandria,Montazah,2023-05-19,Two year,211.44,5.72,2.0,Cash,20,3.0,4322.57,0,Mobile,3G
CUST-102784,Cairo,New Cairo,2023-05-19,Month-to-month,562.26,228.36,1.0,Credit card,20,5.0,10489.67,0,Fiber Internet,4G
CUST-102785,Upper Egypt,Sohag,2023-05-19,Month-to-month,161.0,6.2,0.0,Credit card,20,3.0,3441.41,0,Mobile,4G
CUST-102786,Upper Egypt,Assiut,2023-05-19,Two year,615.68,232.91,2.0,Cash,20,2.0,12473.25,0,Bundle,4G
CUST-102787,Delta,Mansoura,2023-05-19,Two year,276.65,127.68,1.0,Credit card,20,,4904.9,0,DSL Internet,5G
CUST-102788,Canal,Ismailia,2023-05-19,One year,326.84,55.31,,Mobile wallet,20,4.0,6108.87,1,DSL Internet,3G
CUST-102789,Alexandria,Montazah,2023-05-19,Month-to-month,194.28,11.7,0.0,Bank transfer,20,4.0,3773.63,0,Mobile,5G
CUST-102790,Upper Egypt,Assiut,2023-05-19,Month-to-month,453.74,188.32,1.0,Mobile wallet,20,4.0,8902.54,0,Bundle,4G
CUST-102791,Cairo,Zamalek,2023-05-19,One year,489.9,224.03,1.0,Credit card,20,4.0,9784.2,0,Fiber Internet,5G
CUST-102792,Upper Egypt,Sohag,2023-05-19,Two year,130.03,7.19,2.0,Mobile wallet,20,,2675.77,0,Mobile,4G
CUST-102793,Red Sea,Marsa Alam,2023-05-19,Month-to-month,169.2,7.72,1.0,Mobile wallet,20,,3555.53,0,Mobile,4G
CUST-102794,Upper Egypt,Sohag,2023-05-20,Month-to-month,155.68,8.91,1.0,Cash,20,4.0,3275.96,0,Mobile,5G
CUST-102795,Delta,Mansoura,2023-05-20,One year,165.64,4.73,0.0,Credit card,20,4.0,3525.19,0,Mobile,4G
CUST-102796,Delta,Mansoura,2023-05-20,One year,147.62,10.41,1.0,Credit card,20,4.0,2928.77,0,Mobile,4G
CUST-102797,Alexandria,Montazah,2023-05-20,Month-to-month,570.4,153.33,0.0,Credit card,20,5.0,10454.54,0,Bundle,3G
CUST-102798,Delta,Zagazig,2023-05-20,One year,605.49,100.38,6.0,Credit card,20,2.0,10352.55,1,Bundle,3G
CUST-102799,Upper Egypt,Qena,2023-05-20,Two year,188.17,11.39,1.0,Cash,20,,3879.93,0,Mobile,4G
CUST-102800,Red Sea,Marsa Alam,2023-05-20,Month-to-month,658.26,181.16,1.0,Credit card,20,4.0,13133.59,0,Bundle,4G
CUST-102801,Delta,Mansoura,2023-05-20,One year,269.11,88.75,1.0,Credit card,20,,5704.55,0,DSL Internet,4G
CUST-102802,Cairo,Maadi,2023-05-20,One year,531.53,262.51,0.0,Cash,20,5.0,10827.76,0,Fiber Internet,5G
CUST-102803,Delta,Mansoura,2023-05-21,One year,632.38,121.22,4.0,Credit card,20,2.0,11760.09,0,Bundle,3G
CUST-102804,Cairo,Nasr City,2023-05-21,Two year,368.72,147.27,1.0,Credit card,20,4.0,7196.12,0,DSL Internet,4G
CUST-102805,Cairo,Nasr City,2023-05-22,One year,565.86,285.04,0.0,Mobile wallet,20,5.0,11510.97,0,Fiber Internet,5G
CUST-102806,Alexandria,Smouha,2023-05-22,One year,243.24,14.55,1.0,,20,5.0,4648.13,0,Mobile,5G
CUST-102807,Upper Egypt,Minya,2023-05-22,Month-to-month,167.03,15.48,1.0,Cash,20,5.0,3541.72,0,Mobile,5G
CUST-102808,Cairo,Nasr City,2023-05-22,One year,743.73,396.36,3.0,Mobile wallet,20,3.0,13881.87,1,Bundle,5G
CUST-102809,Cairo,Nasr City,2023-05-23,Month-to-month,212.19,12.26,3.0,Bank transfer,20,,3979.71,1,Mobile,5G
CUST-102810,Cairo,Nasr City,2023-05-23,Month-to-month,211.97,15.73,1.0,Mobile wallet,20,4.0,3768.98,1,Mobile,5G
CUST-102811,Canal,Port Said,2023-05-23,One year,147.47,10.54,0.0,Cash,20,5.0,3189.81,0,Mobile,4G
CUST-102812,Upper Egypt,Minya,2023-05-23,One year,446.24,,3.0,Bank transfer,20,4.0,8855.02,0,Fiber Internet,4G
CUST-102813,Cairo,New Cairo,2023-05-23,Two year,238.01,4.05,2.0,Mobile wallet,20,3.0,4815.53,0,Mobile,3G
CUST-102814,Cairo,Nasr City,2023-05-23,One year,846.71,200.47,1.0,Bank transfer,20,5.0,16410.72,0,Bundle,4G
CUST-102815,Delta,Mansoura,2023-05-23,Two year,201.39,13.14,1.0,Mobile wallet,20,4.0,3964.21,0,Mobile,4G
CUST-102816,Cairo,Heliopolis,2023-05-24,Month-to-month,814.21,262.27,0.0,Mobile wallet,20,4.0,16484.53,0,Bundle,4G
CUST-102817,Delta,Zagazig,2023-05-24,One year,468.34,100.41,2.0,Credit card,20,3.0,9052.83,1,Fiber Internet,4G
CUST-102818,Alexandria,Smouha,2023-05-24,Two year,596.69,268.1,1.0,Bank transfer,20,4.0,12208.83,0,Fiber Internet,5G
CUST-102819,Canal,Suez,2023-05-24,Month-to-month,167.06,4.12,1.0,Credit card,20,,3476.33,0,Mobile,3G
CUST-102820,Cairo,Heliopolis,2023-05-24,Two year,217.61,13.57,1.0,Mobile wallet,20,5.0,4472.88,0,Mobile,5G
CUST-102821,Delta,Mansoura,2023-05-24,One year,595.44,,1.0,Mobile wallet,20,5.0,12168.62,0,Bundle,5G
CUST-102822,Cairo,Maadi,2023-05-24,Month-to-month,240.33,98.65,1.0,Bank transfer,20,4.0,4680.11,0,DSL Internet,5G
CUST-102823,Red Sea,Marsa Alam,2023-05-25,One year,514.4,151.06,5.0,Credit card,20,2.0,9685.38,1,Fiber Internet,3G
CUST-102824,Red Sea,Sharm El Sheikh,2023-05-25,Month-to-month,558.58,346.87,0.0,Cash,20,5.0,10623.06,0,Bundle,5G
CUST-102825,Upper Egypt,Sohag,2023-05-25,Month-to-month,194.87,52.78,3.0,Bank transfer,20,2.0,3819.48,0,DSL Internet,4G
CUST-102826,Alexandria,Sidi Gaber,2023-05-25,Month-to-month,208.93,9.08,0.0,Bank transfer,20,4.0,4037.46,1,Mobile,4G
CUST-102827,Cairo,New Cairo,2023-05-25,Month-to-month,552.73,253.05,2.0,Credit card,20,4.0,11231.96,0,Fiber Internet,4G
CUST-102828,Upper Egypt,Minya,2023-05-25,Month-to-month,214.14,83.92,1.0,Mobile wallet,20,4.0,4396.32,0,DSL Internet,4G
CUST-102829,Upper Egypt,Minya,2023-05-26,Two year,268.62,157.9,1.0,Bank transfer,20,4.0,5688.56,0,DSL Internet,5G
CUST-102830,Cairo,New Cairo,2023-05-26,Month-to-month,206.04,12.03,1.0,Cash,20,5.0,3904.32,0,Mobile,5G
CUST-102831,Alexandria,Smouha,2023-05-26,Two year,300.73,15.22,2.0,Mobile wallet,20,5.0,5565.45,0,Mobile,4G
CUST-102832,Alexandria,Smouha,2023-05-27,One year,222.71,13.44,0.0,Credit card,20,5.0,4407.35,0,Mobile,5G
CUST-102833,Upper Egypt,Sohag,2023-05-27,Month-to-month,139.82,16.19,1.0,Mobile wallet,20,4.0,2961.35,0,Mobile,4G
CUST-102834,Upper Egypt,Sohag,2023-05-27,Month-to-month,168.67,8.39,2.0,Credit card,20,4.0,3567.97,0,Mobile,5G
CUST-102835,Delta,Mansoura,2023-05-29,Two year,542.74,701.6,1.0,Credit card,20,,10941.02,0,Fiber Internet,5G
CUST-102836,Delta,Mansoura,2023-05-29,One year,394.08,71.18,4.0,Mobile wallet,20,,7402.1,1,Fiber Internet,3G
CUST-102837,Cairo,New Cairo,2023-05-29,Two year,213.09,21.51,1.0,Credit card,20,5.0,4306.39,0,Mobile,5G
CUST-102838,Alexandria,Montazah,2023-05-29,Month-to-month,380.68,312.29,1.0,Cash,20,5.0,7557.06,1,Fiber Internet,5G
CUST-102839,Cairo,Zamalek,2023-05-29,One year,223.61,7.97,0.0,Mobile wallet,20,5.0,4332.8,0,Mobile,4G
CUST-102840,Upper Egypt,Assiut,2023-05-29,One year,166.2,14.77,0.0,Credit card,20,3.0,3248.08,0,Mobile,5G
CUST-102841,Alexandria,Sidi Gaber,2023-05-30,Two year,260.28,81.93,0.0,Cash,20,5.0,5225.5,0,DSL Internet,4G
CUST-102842,Alexandria,Montazah,2023-05-30,Month-to-month,570.49,133.12,4.0,Mobile wallet,20,3.0,11324.65,1,Bundle,3G
CUST-102843,Cairo,Heliopolis,2023-05-30,Two year,254.21,11.98,0.0,Credit card,20,,5254.08,0,Mobile,4G
CUST-102844,Cairo,Zamalek,2023-05-30,Month-to-month,718.59,235.89,0.0,Mobile wallet,20,5.0,13239.21,0,Bundle,4G
CUST-102845,Delta,Zagazig,2023-05-31,Two year,672.75,120.84,2.0,Cash,20,3.0,13905.84,0,Bundle,3G
CUST-102846,Cairo,Heliopolis,2023-05-31,One year,601.37,256.34,2.0,Bank transfer,20,3.0,12020.48,0,Fiber Internet,4G
CUST-102847,Cairo,Zamalek,2023-05-31,One year,939.59,349.43,1.0,Bank transfer,20,4.0,18306.76,1,Bundle,5G
CUST-102848,Upper Egypt,Sohag,2023-05-31,Month-to-month,172.98,6.75,0.0,Bank transfer,20,4.0,3258.28,1,Mobile,4G
CUST-102849,Alexandria,,2023-06-01,Two year,235.21,20.96,1.0,Bank transfer,20,,4798.16,0,Mobile,5G
CUST-102850,Alexandria,Borg El Arab,2023-06-01,Month-to-month,527.18,239.81,2.0,Credit card,20,4.0,10563.24,0,Bundle,4G
CUST-102851,Alexandria,Smouha,2023-06-02,One year,456.18,70.88,4.0,Mobile wallet,20,2.0,8924.98,0,Fiber Internet,3G
CUST-102852,Upper Egypt,Sohag,2023-06-02,One year,136.29,7.95,3.0,Cash,20,4.0,2643.09,0,Mobile,5G
CUST-102853,Alexandria,Smouha,2023-06-02,One year,218.6,5.43,1.0,Mobile wallet,20,4.0,4338.52,0,Mobile,4G
CUST-102854,Upper Egypt,Assiut,2023-06-03,Month-to-month,157.96,10.79,0.0,Credit card,20,4.0,2995.61,0,Mobile,4G
CUST-102855,Canal,Ismailia,2023-06-03,One year,223.26,18.66,2.0,Bank transfer,20,4.0,4166.82,1,Mobile,5G
CUST-102856,Delta,Mansoura,2023-06-03,One year,194.32,6.85,,Credit card,20,5.0,3836.41,0,Mobile,4G
CUST-102857,Alexandria,Sidi Gaber,2023-06-04,One year,758.15,330.49,0.0,Bank transfer,20,5.0,15791.65,0,Bundle,4G
CUST-102858,Upper Egypt,Qena,2023-06-05,One year,190.76,17.01,1.0,Mobile wallet,20,,3916.43,0,Mobile,4G
CUST-102859,Alexandria,Smouha,2023-06-05,One year,268.21,33.65,2.0,Bank transfer,20,4.0,5796.09,0,DSL Internet,3G
CUST-102860,Alexandria,Borg El Arab,2023-06-05,Two year,213.22,12.22,1.0,Cash,20,5.0,3978.22,0,Mobile,5G
CUST-102861,Delta,Tanta,2023-06-05,One year,187.52,5.8,0.0,Bank transfer,20,5.0,3711.9,0,Mobile,4G
CUST-102862,Alexandria,Montazah,2023-06-05,Month-to-month,547.91,287.99,2.0,Mobile wallet,20,3.0,10923.66,1,Bundle,4G
CUST-102863,Cairo,Heliopolis,2023-06-05,One year,237.2,10.61,1.0,Cash,20,4.0,4556.28,1,Mobile,4G
CUST-102864,Alexandria,Sidi Gaber,2023-06-05,Month-to-month,201.51,8.64,1.0,Mobile wallet,20,4.0,3995.05,0,Mobile,4G
CUST-102865,Cairo,Nasr City,2023-06-06,Month-to-month,678.44,269.39,1.0,Cash,20,4.0,13062.71,0,Bundle,4G
CUST-102866,Alexandria,Montazah,2023-06-06,Two year,228.62,13.05,0.0,Cash,20,5.0,4699.38,0,Mobile,5G
CUST-102867,Delta,Damanhour,2023-06-07,Month-to-month,149.08,10.14,0.0,Mobile wallet,20,,3003.84,0,Mobile,5G
CUST-102868,Canal,Ismailia,2023-06-07,One year,663.31,268.96,0.0,Bank transfer,20,3.0,13086.82,0,Bundle,4G
CUST-102869,Cairo,Heliopolis,2023-06-07,Two year,275.99,14.66,0.0,Bank transfer,20,5.0,5742.47,0,Mobile,5G
CUST-102870,Delta,Zagazig,2023-06-08,Month-to-month,357.15,202.42,1.0,Cash,20,,7782.56,0,Fiber Internet,5G
CUST-102871,Alexandria,Sidi Gaber,2023-06-08,Month-to-month,161.31,4.37,1.0,Credit card,20,3.0,3111.55,0,Mobile,3G
CUST-102872,Cairo,Nasr City,2023-06-08,Month-to-month,257.06,6.53,3.0,Cash,20,3.0,4998.08,1,Mobile,3G
CUST-102873,Cairo,Heliopolis,2023-06-08,Month-to-month,634.62,287.84,3.0,Bank transfer,20,,12124.6,1,Fiber Internet,4G
CUST-102874,Cairo,New Cairo,2023-06-08,One year,588.97,149.42,3.0,Mobile wallet,20,3.0,12085.43,0,Fiber Internet,3G
CUST-102875,Cairo,Maadi,2023-06-09,One year,233.43,6.88,1.0,Bank transfer,20,4.0,4915.2,0,Mobile,4G
CUST-102876,Cairo,New Cairo,2023-06-09,One year,865.7,455.29,1.0,Cash,20,,18298.93,0,Bundle,4G
CUST-102877,Alexandria,Borg El Arab,2023-06-09,Month-to-month,297.22,153.98,0.0,Credit card,20,5.0,5825.89,0,DSL Internet,5G
CUST-102878,Delta,Mansoura,2023-06-10,One year,426.18,164.63,1.0,Bank transfer,20,4.0,7958.13,0,Fiber Internet,4G
CUST-102879,Cairo,Heliopolis,2023-06-10,Month-to-month,582.18,172.51,1.0,Cash,20,3.0,11600.0,0,Fiber Internet,4G
CUST-102880,Cairo,Zamalek,2023-06-11,One year,511.38,544.07,6.0,Bank transfer,20,2.0,9682.19,1,Fiber Internet,5G
CUST-102881,Cairo,Heliopolis,2023-06-11,One year,322.03,223.99,0.0,Bank transfer,20,5.0,5731.45,0,DSL Internet,4G
CUST-102882,Delta,Zagazig,2023-06-11,Month-to-month,177.94,8.6,1.0,Cash,20,4.0,3703.02,0,Mobile,3G
CUST-102883,Alexandria,Borg El Arab,2023-06-11,Two year,721.81,149.89,1.0,Cash,20,4.0,14133.01,0,Bundle,3G
CUST-102884,Delta,Zagazig,2023-06-11,One year,474.48,217.36,2.0,Credit card,20,3.0,9470.0,0,Fiber Internet,4G
CUST-102885,Cairo,New Cairo,2023-06-11,Month-to-month,796.43,440.31,0.0,Mobile wallet,20,,15564.92,0,Bundle,4G
CUST-102886,Cairo,New Cairo,2023-06-12,One year,608.25,216.86,0.0,Credit card,20,4.0,12064.02,0,Bundle,4G
CUST-102887,Canal,Port Said,2023-06-12,One year,201.05,16.59,0.0,Credit card,20,5.0,4226.27,0,Mobile,5G
CUST-102888,Cairo,New Cairo,2023-06-12,Month-to-month,276.39,18.86,0.0,Mobile wallet,20,4.0,5269.12,1,Mobile,5G
CUST-102889,Cairo,Maadi,2023-06-12,Month-to-month,477.0,507.37,0.0,Credit card,20,4.0,9832.09,1,Fiber Internet,5G
CUST-102890,Cairo,Nasr City,2023-06-13,One year,518.43,465.36,3.0,Bank transfer,20,3.0,10629.51,0,Fiber Internet,5G
CUST-102891,Red Sea,Hurghada,2023-06-14,Two year,552.04,208.98,0.0,Credit card,20,4.0,11350.56,0,Bundle,4G
CUST-102892,Delta,Mansoura,2023-06-14,One year,190.27,14.78,3.0,Cash,20,4.0,3774.32,0,Mobile,4G
CUST-102893,Delta,Zagazig,2023-06-14,One year,471.25,194.88,0.0,Mobile wallet,20,4.0,9402.37,0,Fiber Internet,4G
CUST-102894,Red Sea,,2023-06-14,One year,785.22,236.63,0.0,Credit card,20,4.0,16352.96,0,Bundle,4G
CUST-102895,Cairo,Heliopolis,2023-06-15,Month-to-month,596.52,211.08,0.0,Cash,20,4.0,12496.95,0,Bundle,4G
CUST-102896,Red Sea,Hurghada,2023-06-15,Month-to-month,212.14,10.55,2.0,Cash,20,4.0,4288.02,0,Mobile,4G
CUST-102897,Cairo,Zamalek,2023-06-15,Month-to-month,709.33,205.12,2.0,Bank transfer,20,3.0,13777.44,1,Bundle,4G
CUST-102898,Delta,Tanta,2023-06-15,Two year,201.67,8.34,1.0,Cash,20,,4010.81,0,Mobile,4G
CUST-102899,Alexandria,Borg El Arab,2023-06-15,Two year,457.51,123.94,3.0,Bank transfer,20,3.0,9230.72,0,Fiber Internet,4G
CUST-102900,Alexandria,Smouha,2023-06-15,Two year,230.91,8.37,1.0,Bank transfer,20,4.0,4634.31,0,Mobile,4G
CUST-102901,Canal,,2023-06-15,Month-to-month,377.58,259.91,1.0,Bank transfer,20,4.0,7563.53,0,Fiber Internet,5G
CUST-102902,Cairo,Nasr City,2023-06-16,One year,185.34,12.56,0.0,Credit card,20,4.0,3855.34,0,Mobile,4G
CUST-102903,Red Sea,Hurghada,2023-06-16,One year,255.53,21.94,0.0,Mobile wallet,20,5.0,5100.36,0,Mobile,5G
CUST-102904,Alexandria,Borg El Arab,2023-06-16,Month-to-month,1875.68,131.04,1.0,Mobile wallet,20,5.0,37513.6,0,Mobile,4G
CUST-102905,Delta,Tanta,2023-06-16,Month-to-month,569.27,140.66,0.0,Cash,20,5.0,11262.71,0,Bundle,4G
CUST-102906,Red Sea,Sharm El Sheikh,2023-06-16,Two year,543.64,241.49,2.0,Credit card,20,5.0,10748.29,0,Fiber Internet,5G
CUST-102907,Cairo,Maadi,2023-06-17,One year,382.63,170.15,0.0,,20,5.0,7787.58,0,DSL Internet,5G
CUST-102908,Canal,Suez,2023-06-17,One year,528.78,409.36,1.0,Bank transfer,20,4.0,10339.51,0,Fiber Internet,5G
CUST-102909,Delta,Zagazig,2023-06-17,Month-to-month,208.65,,0.0,Credit card,20,5.0,4360.85,0,Mobile,5G
CUST-102910,Upper Egypt,Qena,2023-06-17,One year,185.09,6.37,1.0,Cash,20,4.0,3478.82,1,Mobile,4G
CUST-102911,Cairo,Zamalek,2023-06-17,Month-to-month,232.7,24.12,0.0,Mobile wallet,20,4.0,4946.11,0,Mobile,5G
CUST-102912,Delta,Zagazig,2023-06-18,Month-to-month,324.12,174.63,1.0,Cash,19,4.0,6164.69,0,Fiber Internet,5G
CUST-102913,Delta,Tanta,2023-06-18,One year,574.01,231.4,2.0,Mobile wallet,19,4.0,11136.67,0,Bundle,5G
CUST-102914,Alexandria,Smouha,2023-06-18,Month-to-month,157.47,12.72,0.0,Credit card,19,,3110.85,0,Mobile,5G
CUST-102915,Cairo,Zamalek,2023-06-19,Two year,335.97,162.37,1.0,Credit card,19,4.0,6695.86,0,DSL Internet,5G
CUST-102916,Cairo,New Cairo,2023-06-19,Month-to-month,861.5,255.98,1.0,Bank transfer,19,3.0,15895.97,1,Bundle,4G
CUST-102917,Canal,Ismailia,2023-06-20,Month-to-month,486.38,199.35,1.0,Cash,19,4.0,9672.93,1,Bundle,4G
CUST-102918,Cairo,Nasr City,2023-06-20,Month-to-month,153.55,6.1,1.0,Bank transfer,19,3.0,2917.85,0,Mobile,4G
CUST-102919,Upper Egypt,Minya,2023-06-20,One year,573.65,191.91,0.0,Credit card,19,5.0,10241.43,0,Bundle,4G
CUST-102920,Red Sea,Marsa Alam,2023-06-20,Month-to-month,450.52,187.02,0.0,Mobile wallet,19,4.0,8548.0,0,Fiber Internet,4G
CUST-102921,Cairo,Maadi,2023-06-20,Month-to-month,566.63,174.75,2.0,Credit card,19,3.0,11108.22,0,Fiber Internet,5G
CUST-102922,Cairo,Nasr City,2023-06-20,Month-to-month,270.41,,2.0,Mobile wallet,19,5.0,5231.27,0,DSL Internet,4G
CUST-102923,Delta,Zagazig,2023-06-20,Month-to-month,159.9,,0.0,Credit card,19,4.0,2914.36,0,Mobile,4G
CUST-102924,Cairo,Maadi,2023-06-20,One year,407.3,98.14,0.0,Mobile wallet,19,4.0,7634.07,0,DSL Internet,4G
CUST-102925,Delta,Zagazig,2023-06-21,One year,361.53,218.78,1.0,Bank transfer,19,4.0,6646.6,0,Fiber Internet,4G
CUST-102926,Upper Egypt,Minya,2023-06-21,Month-to-month,213.14,98.06,0.0,Cash,19,3.0,3942.09,0,DSL Internet,4G
CUST-102927,Delta,Tanta,2023-06-22,Two year,644.39,249.16,0.0,Mobile wallet,19,5.0,12197.63,0,Bundle,4G
CUST-102928,Alexandria,Smouha,2023-06-22,Month-to-month,408.64,58.18,2.0,Credit card,19,4.0,7909.09,0,Fiber Internet,3G
CUST-102929,Upper Egypt,Minya,2023-06-22,One year,172.0,7.27,0.0,Cash,19,5.0,3172.72,0,Mobile,4G
CUST-102930,Delta,Tanta,2023-06-22,Month-to-month,169.62,8.09,1.0,Cash,19,4.0,3141.0,0,Mobile,4G
CUST-102931,Cairo,New Cairo,2023-06-22,One year,811.98,273.32,0.0,Mobile wallet,19,4.0,15866.23,0,Bundle,4G
CUST-102932,Delta,Tanta,2023-06-22,Month-to-month,489.57,282.22,2.0,Cash,19,4.0,8510.38,1,Fiber Internet,4G
CUST-102933,Canal,Suez,2023-06-23,One year,835.67,767.92,0.0,,19,5.0,14499.67,1,Bundle,5G
CUST-102934,Delta,Damanhour,2023-06-23,Month-to-month,179.47,15.66,0.0,Credit card,19,5.0,3514.53,1,Mobile,5G
CUST-102935,Alexandria,Montazah,2023-06-23,Two year,523.83,259.52,0.0,Bank transfer,19,5.0,9743.05,0,Fiber Internet,5G
CUST-102936,Alexandria,Montazah,2023-06-23,Month-to-month,635.51,190.31,4.0,Bank transfer,19,3.0,10603.93,1,Bundle,3G
CUST-102937,Cairo,New Cairo,2023-06-23,Two year,364.65,100.87,1.0,Mobile wallet,19,,6238.18,1,DSL Internet,4G
CUST-102938,Cairo,Zamalek,2023-06-24,Two year,206.59,2.48,4.0,Cash,19,2.0,3422.16,1,Mobile,3G
CUST-102939,Cairo,New Cairo,2023-06-24,Month-to-month,219.46,7.11,0.0,Mobile wallet,19,4.0,4444.86,0,Mobile,4G
CUST-102940,Red Sea,Marsa Alam,2023-06-25,Month-to-month,750.9,72.93,1.0,Bank transfer,19,3.0,13477.12,1,Bundle,3G
CUST-102941,Cairo,Heliopolis,2023-06-25,Month-to-month,258.2,84.26,0.0,Cash,19,4.0,4701.52,0,DSL Internet,4G
CUST-102942,Upper Egypt,Assiut,2023-06-25,Two year,361.92,153.74,0.0,Mobile wallet,19,4.0,7030.82,0,Fiber Internet,4G
CUST-102943,Cairo,Zamalek,2023-06-25,One year,526.34,130.73,2.0,Bank transfer,19,5.0,10123.01,1,Fiber Internet,4G
CUST-102944,Cairo,Zamalek,2023-06-25,One year,255.85,8.91,0.0,Cash,19,4.0,4827.89,0,Mobile,4G
CUST-102945,Alexandria,Borg El Arab,2023-06-25,Month-to-month,252.9,7.44,0.0,Bank transfer,19,4.0,5118.97,0,Mobile,4G
CUST-102946,Alexandria,Montazah,2023-06-26,Two year,203.8,13.7,1.0,Mobile wallet,19,4.0,3820.12,0,Mobile,5G
CUST-102947,Upper Egypt,Minya,2023-06-26,Month-to-month,152.67,6.21,0.0,Bank transfer,19,5.0,2764.21,0,Mobile,4G
CUST-102948,Red Sea,Sharm El Sheikh,2023-06-26,Month-to-month,658.79,333.73,1.0,Cash,19,4.0,13423.21,0,Bundle,4G
CUST-102949,Canal,Suez,2023-06-26,Month-to-month,173.25,,0.0,Bank transfer,19,4.0,3196.78,0,Mobile,4G
CUST-102950,Cairo,Nasr City,2023-06-26,Month-to-month,316.95,97.14,4.0,Bank transfer,19,3.0,5885.85,0,DSL Internet,3G
CUST-102951,Upper Egypt,Assiut,2023-06-27,Two year,389.97,82.0,4.0,Mobile wallet,19,2.0,7717.39,0,Fiber Internet,3G
CUST-102952,Cairo,New Cairo,2023-06-27,Two year,353.13,27.45,1.0,Cash,19,4.0,6719.0,0,Mobile,4G
CUST-102953,Canal,Port Said,2023-06-27,Month-to-month,-197.89,9.62,0.0,Credit card,19,,3743.32,0,Mobile,4G
CUST-102954,Delta,Tanta,2023-06-27,Month-to-month,159.24,3.88,1.0,Credit card,19,4.0,2994.76,0,Mobile,3G
CUST-102955,Alexandria,Sidi Gaber,2023-06-27,Two year,379.62,255.05,0.0,Cash,19,4.0,7020.6,0,DSL Internet,4G
CUST-102956,Cairo,Heliopolis,2023-06-27,One year,784.56,233.38,2.0,Mobile wallet,19,4.0,15014.51,0,Bundle,5G
CUST-102957,Cairo,Maadi,2023-06-28,Month-to-month,321.33,93.35,1.0,Bank transfer,19,4.0,6224.3,0,DSL Internet,4G
CUST-102958,Cairo,Heliopolis,2023-06-28,Month-to-month,311.38,65.4,1.0,Bank transfer,19,4.0,5863.39,0,DSL Internet,4G
CUST-102959,Canal,Ismailia,2023-06-28,One year,599.88,192.84,0.0,Bank transfer,19,5.0,11656.03,0,Bundle,5G
CUST-102960,Upper Egypt,Minya,2023-06-28,Two year,216.18,44.9,0.0,Mobile wallet,19,4.0,4175.15,0,DSL Internet,4G
CUST-102961,Red Sea,Marsa Alam,2023-06-29,One year,426.96,317.68,3.0,Mobile wallet,19,4.0,8237.93,0,Fiber Internet,5G
CUST-102962,Cairo,Nasr City,2023-06-29,Month-to-month,334.3,76.03,3.0,Mobile wallet,19,3.0,6279.52,0,DSL Internet,4G
CUST-102963,Delta,Tanta,2023-06-29,One year,182.42,12.2,2.0,Credit card,19,3.0,3414.48,0,Mobile,5G
CUST-102964,Cairo,New Cairo,2023-06-29,Month-to-month,245.98,8.05,3.0,Cash,19,3.0,4742.89,0,Mobile,3G
CUST-102965,Delta,Damanhour,2023-06-30,Two year,254.92,,0.0,Credit card,19,4.0,4611.07,0,DSL Internet,4G
CUST-102966,Alexandria,Borg El Arab,2023-06-30,Month-to-month,239.23,147.13,0.0,Cash,19,5.0,5072.57,0,DSL Internet,5G
CUST-102967,Cairo,Zamalek,2023-06-30,Month-to-month,243.07,15.98,1.0,Credit card,19,5.0,4153.72,0,Mobile,4G
CUST-102968,Delta,Mansoura,2023-06-30,Month-to-month,506.42,332.31,1.0,Credit card,19,4.0,9406.11,0,Bundle,4G
CUST-102969,Cairo,New Cairo,2023-06-30,Month-to-month,245.36,11.14,1.0,Credit card,19,4.0,4507.31,1,Mobile,5G
CUST-102970,Alexandria,Montazah,2023-06-30,Month-to-month,280.27,167.83,3.0,Credit card,19,3.0,5192.16,1,DSL Internet,5G
CUST-102971,Delta,Damanhour,2023-07-01,One year,724.14,242.72,0.0,Bank transfer,19,5.0,13293.8,0,Bundle,4G
CUST-102972,Cairo,New Cairo,2023-07-02,One year,268.01,11.38,1.0,Mobile wallet,19,4.0,4959.74,0,Mobile,4G
CUST-102973,Canal,Suez,2023-07-02,Two year,696.6,162.87,0.0,Cash,19,5.0,13261.82,0,Bundle,4G
CUST-102974,Delta,Mansoura,2023-07-02,Month-to-month,581.4,279.18,0.0,Mobile wallet,19,5.0,10446.5,0,Bundle,5G
CUST-102975,Upper Egypt,Minya,2023-07-02,Month-to-month,210.2,72.11,3.0,Mobile wallet,19,3.0,3801.73,0,DSL Internet,4G
CUST-102976,Delta,Tanta,2023-07-02,One year,457.75,293.41,3.0,Bank transfer,19,3.0,9002.22,0,Bundle,4G
CUST-102977,Upper Egypt,Assiut,2023-07-02,Month-to-month,368.56,116.15,5.0,Cash,19,2.0,7231.52,0,Fiber Internet,4G
CUST-102978,Upper Egypt,Sohag,2023-07-02,Month-to-month,440.9,50.07,3.0,Credit card,19,2.0,8381.01,0,Fiber Internet,3G
CUST-102979,Canal,Port Said,2023-07-03,Two year,348.33,157.61,1.0,Bank transfer,19,4.0,6822.06,0,Fiber Internet,4G
CUST-102980,Delta,Tanta,2023-07-03,Two year,211.74,6.92,0.0,Credit card,19,4.0,4038.07,0,Mobile,4G
CUST-102981,Cairo,Maadi,2023-07-03,Month-to-month,176.73,,2.0,Credit card,19,4.0,3082.65,1,Mobile,3G
CUST-102982,Cairo,Zamalek,2023-07-03,Two year,259.52,14.18,1.0,Mobile wallet,19,4.0,4454.9,1,Mobile,4G
CUST-102983,Delta,Zagazig,2023-07-04,One year,189.03,4.97,3.0,Credit card,19,3.0,3681.29,0,Mobile,3G
CUST-102984,Cairo,Maadi,2023-07-04,Month-to-month,349.89,56.52,1.0,Credit card,19,4.0,6128.09,1,DSL Internet,3G
CUST-102985,Cairo,New Cairo,2023-07-04,One year,779.97,264.7,2.0,Cash,19,4.0,14493.76,1,Bundle,4G
CUST-102986,Cairo,Heliopolis,2023-07-05,Month-to-month,809.57,532.41,3.0,Credit card,19,,15193.85,0,Bundle,5G
CUST-102987,Delta,Mansoura,2023-07-05,Month-to-month,194.94,3.7,1.0,Mobile wallet,19,3.0,3691.28,1,Mobile,3G
CUST-102988,Cairo,Maadi,2023-07-05,Two year,591.85,284.75,0.0,Bank transfer,19,4.0,10814.89,0,Fiber Internet,4G
CUST-102989,Delta,Damanhour,2023-07-05,One year,498.66,150.17,0.0,Cash,19,5.0,9042.86,0,Fiber Internet,4G
CUST-102990,Upper Egypt,Assiut,2023-07-06,Month-to-month,144.74,13.42,0.0,Mobile wallet,19,5.0,2772.73,0,Mobile,5G
CUST-102991,Upper Egypt,Assiut,2023-07-06,Month-to-month,329.86,95.67,0.0,Credit card,19,5.0,6180.06,0,Fiber Internet,4G
CUST-102992,Alexandria,Montazah,2023-07-06,Two year,192.11,16.07,1.0,Cash,19,,3671.65,0,Mobile,5G
CUST-102993,Delta,Tanta,2023-07-06,Month-to-month,616.46,228.22,0.0,Bank transfer,19,4.0,11678.5,0,Bundle,4G
CUST-102994,Delta,Tanta,2023-07-06,Two year,191.78,5.33,3.0,Bank transfer,19,4.0,3568.7,0,Mobile,3G
CUST-102995,Alexandria,Sidi Gaber,2023-07-06,Two year,485.54,146.0,5.0,Mobile wallet,19,2.0,9126.18,0,Bundle,3G
CUST-102996,Delta,Mansoura,2023-07-06,Month-to-month,563.75,95.02,3.0,Mobile wallet,19,2.0,9258.73,1,Bundle,3G
CUST-102997,Cairo,Maadi,2023-07-07,One year,332.61,162.44,0.0,Bank transfer,19,5.0,6696.23,0,DSL Internet,5G
CUST-102998,Red Sea,Hurghada,2023-07-07,One year,224.79,11.52,0.0,Bank transfer,19,5.0,4161.4,0,Mobile,4G
CUST-102999,Cairo,Heliopolis,2023-07-07,One year,236.61,14.45,1.0,Credit card,19,,4573.91,0,Mobile,5G
CUST-103000,Upper Egypt,Minya,2023-07-07,Month-to-month,448.86,338.79,1.0,Mobile wallet,19,4.0,7818.69,0,Bundle,5G
CUST-103001,Delta,Damanhour,2023-07-07,Month-to-month,229.3,17.07,0.0,Cash,19,5.0,4202.09,0,Mobile,5G
CUST-103002,Cairo,Nasr City,2023-07-07,Month-to-month,268.52,10.01,0.0,Bank transfer,19,4.0,5152.87,0,Mobile,4G
CUST-103003,Upper Egypt,Sohag,2023-07-07,One year,565.96,469.1,0.0,Cash,19,5.0,11530.2,0,Bundle,5G
CUST-103004,Cairo,Maadi,2023-07-07,One year,363.56,142.19,1.0,Credit card,19,4.0,6659.64,1,DSL Internet,4G
CUST-103005,Upper Egypt,Minya,2023-07-08,One year,276.22,42.34,0.0,Cash,19,4.0,5363.44,0,DSL Internet,3G
CUST-103006,Delta,,2023-07-09,One year,193.02,7.32,1.0,Cash,19,3.0,3594.22,0,Mobile,4G
CUST-103007,Cairo,New Cairo,2023-07-09,Month-to-month,569.83,302.54,4.0,Mobile wallet,19,3.0,10247.98,1,Fiber Internet,5G
CUST-103008,Cairo,New Cairo,2023-07-09,Month-to-month,736.77,442.07,0.0,Credit card,19,5.0,13882.56,0,Bundle,5G
CUST-103009,Upper Egypt,Qena,2023-07-09,Two year,180.84,4.65,1.0,Bank transfer,19,5.0,3476.83,0,Mobile,4G
CUST-103010,Cairo,Nasr City,2023-07-10,One year,273.87,13.77,0.0,Credit card,19,,5459.62,0,Mobile,5G
CUST-103011,Canal,Suez,2023-07-10,Two year,200.97,8.18,0.0,Mobile wallet,19,5.0,3763.27,0,Mobile,4G
CUST-103012,Upper Egypt,Qena,2023-07-10,Month-to-month,354.72,150.65,2.0,Cash,19,3.0,6743.83,0,Fiber Internet,5G
CUST-103013,Upper Egypt,Qena,2023-07-10,Month-to-month,131.67,5.32,0.0,Bank transfer,19,4.0,2461.26,0,Mobile,4G
CUST-103014,Cairo,Maadi,2023-07-11,Two year,718.88,273.05,0.0,Credit card,19,5.0,13511.09,0,Bundle,4G
CUST-103015,Upper Egypt,Assiut,2023-07-11,Month-to-month,101.27,5.2,0.0,Bank transfer,19,4.0,2010.58,0,Mobile,4G
CUST-103016,Canal,Port Said,2023-07-11,Month-to-month,191.02,12.03,0.0,Mobile wallet,19,,3692.88,0,Mobile,5G
CUST-103017,Cairo,Heliopolis,2023-07-11,One year,831.43,278.17,1.0,Mobile wallet,19,4.0,15991.83,0,Bundle,5G
CUST-103018,Alexandria,Borg El Arab,2023-07-12,One year,758.06,255.07,1.0,Credit card,19,4.0,14324.59,0,Bundle,4G
CUST-103019,Cairo,Heliopolis,2023-07-12,Two year,322.11,70.29,0.0,Mobile wallet,19,5.0,5906.3,0,DSL Internet,4G
CUST-103020,Alexandria,Borg El Arab,2023-07-12,Two year,749.13,229.79,2.0,Credit card,19,3.0,14624.3,0,Bundle,3G
CUST-103021,Upper Egypt,Qena,2023-07-12,One year,166.74,20.87,0.0,Mobile wallet,19,4.0,3273.18,0,Mobile,5G
CUST-103022,Alexandria,Smouha,2023-07-12,Month-to-month,494.01,174.97,1.0,Bank transfer,19,4.0,9713.63,0,Fiber Internet,4G
CUST-103023,Delta,,2023-07-13,One year,171.25,6.21,0.0,Credit card,19,4.0,3250.62,0,Mobile,4G
CUST-103024,Alexandria,Borg El Arab,2023-07-13,Two year,508.22,146.2,4.0,Mobile wallet,19,3.0,8860.19,1,Fiber Internet,3G
CUST-103025,Cairo,Nasr City,2023-07-13,Month-to-month,254.52,61.49,2.0,Mobile wallet,19,2.0,4958.18,0,DSL Internet,3G
CUST-103026,Cairo,Maadi,2023-07-13,Two year,734.36,676.79,1.0,Bank transfer,19,4.0,14551.02,0,Bundle,5G
CUST-103027,Canal,Port Said,2023-07-13,One year,199.38,18.38,3.0,Cash,19,4.0,3914.16,0,Mobile,4G
CUST-103028,Delta,Mansoura,2023-07-13,Month-to-month,173.11,4.77,0.0,Mobile wallet,19,5.0,3185.38,0,Mobile,4G
CUST-103029,Alexandria,Smouha,2023-07-13,One year,518.73,295.2,0.0,Bank transfer,19,4.0,10001.27,0,Bundle,4G
CUST-103030,Upper Egypt,Assiut,2023-07-13,One year,363.23,152.1,0.0,Cash,19,5.0,6027.29,1,Fiber Internet,4G
CUST-103031,Cairo,Heliopolis,2023-07-14,Month-to-month,225.4,6.83,3.0,Cash,19,3.0,4510.8,0,Mobile,3G
CUST-103032,Cairo,Zamalek,2023-07-14,Month-to-month,261.21,8.11,0.0,Credit card,19,4.0,4995.45,0,Mobile,3G
CUST-103033,Cairo,Zamalek,2023-07-14,One year,217.23,18.56,1.0,Cash,19,5.0,4159.12,0,Mobile,5G
CUST-103034,Red Sea,Marsa Alam,2023-07-15,Month-to-month,525.18,284.15,1.0,Mobile wallet,19,4.0,10593.84,0,Fiber Internet,4G
CUST-103035,Upper Egypt,Minya,2023-07-15,Month-to-month,326.35,127.52,0.0,Credit card,19,4.0,5734.92,1,Fiber Internet,4G
CUST-103036,Delta,Damanhour,2023-07-15,One year,411.26,133.27,4.0,Mobile wallet,19,3.0,7850.12,0,Fiber Internet,4G
CUST-103037,Cairo,Maadi,2023-07-16,One year,504.46,292.16,1.0,Credit card,19,,9254.07,0,Fiber Internet,4G
CUST-103038,Cairo,Maadi,2023-07-16,One year,492.11,154.83,0.0,Mobile wallet,19,4.0,8790.13,0,Fiber Internet,4G
CUST-103039,Delta,Tanta,2023-07-16,Two year,187.25,23.45,0.0,Cash,19,5.0,3597.43,0,Mobile,5G
CUST-103040,Alexandria,Smouha,2023-07-16,Two year,258.8,9.23,2.0,Bank transfer,19,3.0,4963.03,0,Mobile,4G
CUST-103041,Canal,Port Said,2023-07-17,Month-to-month,162.62,10.84,0.0,Mobile wallet,19,4.0,2827.32,0,Mobile,5G
CUST-103042,Upper Egypt,Assiut,2023-07-17,Month-to-month,413.82,168.13,2.0,Credit card,19,3.0,8091.93,0,Bundle,4G
CUST-103043,Alexandria,Sidi Gaber,2023-07-17,One year,316.82,68.71,0.0,Mobile wallet,19,5.0,6009.44,0,DSL Internet,4G
CUST-103044,Upper Egypt,Sohag,2023-07-18,Month-to-month,150.42,2.75,6.0,Cash,18,1.0,2634.09,1,Mobile,3G
CUST-103045,Red Sea,Hurghada,2023-07-18,Two year,574.76,427.4,0.0,Credit card,18,4.0,10442.97,0,Fiber Internet,5G
CUST-103046,Alexandria,Borg El Arab,2023-07-18,One year,512.78,,1.0,Mobile wallet,18,,9616.13,0,Fiber Internet,4G
CUST-103047,Delta,Mansoura,2023-07-18,Month-to-month,341.86,481.22,1.0,Bank transfer,18,5.0,6081.36,1,Fiber Internet,5G
CUST-103048,Canal,Suez,2023-07-18,One year,253.29,90.68,1.0,Mobile wallet,18,4.0,4595.56,0,DSL Internet,4G
CUST-103049,Cairo,Maadi,2023-07-18,One year,853.38,216.96,0.0,Mobile wallet,18,5.0,15927.88,0,Bundle,4G
CUST-103050,Canal,Suez,2023-07-18,Two year,207.77,6.21,3.0,Mobile wallet,18,3.0,3871.86,0,Mobile,3G
CUST-103051,Cairo,New Cairo,2023-07-18,Month-to-month,553.07,104.28,0.0,Bank transfer,18,,9484.67,0,Fiber Internet,4G
CUST-103052,Delta,Mansoura,2023-07-19,Two year,537.75,193.62,1.0,Mobile wallet,18,4.0,9337.7,0,Fiber Internet,4G
CUST-103053,Upper Egypt,Sohag,2023-07-19,Month-to-month,389.3,88.27,3.0,Mobile wallet,18,3.0,6724.25,0,Fiber Internet,3G
CUST-103054,Delta,Tanta,2023-07-19,One year,153.21,5.5,2.0,Mobile wallet,18,3.0,2831.01,0,Mobile,4G
CUST-103055,Delta,Mansoura,2023-07-20,Two year,456.9,,1.0,Mobile wallet,18,4.0,7991.49,0,Fiber Internet,4G
CUST-103056,Delta,Mansoura,2023-07-20,Month-to-month,191.47,21.54,1.0,Cash,18,4.0,3166.28,0,Mobile,5G
CUST-103057,Cairo,Heliopolis,2023-07-20,Month-to-month,339.33,175.36,0.0,Credit card,18,5.0,5861.46,0,DSL Internet,5G
CUST-103058,Cairo,Maadi,2023-07-20,Two year,619.59,266.39,0.0,Credit card,18,,10981.95,0,Fiber Internet,4G
CUST-103059,Cairo,Nasr City,2023-07-20,Two year,204.06,4.27,1.0,Cash,18,4.0,3740.61,0,Mobile,3G
CUST-103060,Delta,Tanta,2023-07-20,Month-to-month,482.63,133.29,0.0,Credit card,18,4.0,8628.98,1,Bundle,4G
CUST-103061,Alexandria,Sidi Gaber,2023-07-20,One year,667.82,231.5,0.0,Cash,18,5.0,12478.69,0,Bundle,4G
CUST-103062,Cairo,Heliopolis,2023-07-20,Two year,492.95,96.33,1.0,Mobile wallet,18,3.0,8439.86,1,Fiber Internet,4G
CUST-103063,Canal,Port Said,2023-07-21,Month-to-month,616.56,169.34,1.0,Cash,18,4.0,10730.99,0,Bundle,4G
CUST-103064,Alexandria,Sidi Gaber,2023-07-21,One year,651.73,168.02,2.0,Mobile wallet,18,4.0,10790.58,0,Bundle,4G
CUST-103065,Alexandria,Montazah,2023-07-21,Month-to-month,142.94,4.15,0.0,Cash,18,5.0,2522.8,0,Mobile,4G
CUST-103066,Alexandria,Borg El Arab,2023-07-21,Month-to-month,416.03,119.49,3.0,Mobile wallet,18,3.0,6991.48,1,Fiber Internet,3G
CUST-103067,Cairo,Nasr City,2023-07-22,Two year,582.6,217.65,1.0,Mobile wallet,18,4.0,10528.77,0,Fiber Internet,4G
CUST-103068,Upper Egypt,Minya,2023-07-22,Month-to-month,344.82,130.19,4.0,Bank transfer,18,,6428.92,0,Fiber Internet,4G
CUST-103069,Alexandria,Sidi Gaber,2023-07-22,Two year,836.26,356.25,2.0,Credit card,18,4.0,15456.89,0,Bundle,4G
CUST-103070,Cairo,Heliopolis,2023-07-22,One year,609.96,206.94,0.0,Credit card,18,4.0,11020.32,0,Fiber Internet,5G
CUST-103071,Red Sea,Hurghada,2023-07-22,One year,191.64,6.28,2.0,Cash,18,4.0,3394.53,0,Mobile,4G
CUST-103072,Upper Egypt,Sohag,2023-07-22,Month-to-month,282.82,190.82,1.0,Bank transfer,18,3.0,4780.64,0,Fiber Internet,4G
CUST-103073,Upper Egypt,Assiut,2023-07-22,Month-to-month,209.59,234.86,1.0,Mobile wallet,18,4.0,3448.94,1,DSL Internet,5G
CUST-103074,Canal,Port Said,2023-07-23,Two year,215.27,12.53,2.0,Mobile wallet,18,4.0,3725.32,0,Mobile,4G
CUST-103075,Canal,Ismailia,2023-07-24,One year,224.17,12.09,1.0,Bank transfer,18,5.0,4453.52,0,Mobile,4G
CUST-103076,Alexandria,Smouha,2023-07-24,One year,260.58,,1.0,Cash,18,5.0,5064.71,0,Mobile,5G
CUST-103077,Delta,Zagazig,2023-07-24,Month-to-month,300.1,88.82,0.0,Credit card,18,4.0,5129.8,0,DSL Internet,4G
CUST-103078,Delta,Damanhour,2023-07-24,Month-to-month,158.95,12.81,3.0,Mobile wallet,18,,2906.05,0,Mobile,5G
CUST-103079,Cairo,Zamalek,2023-07-24,Month-to-month,246.7,24.56,0.0,Bank transfer,18,4.0,4200.63,0,Mobile,5G
CUST-103080,Cairo,Maadi,2023-07-24,One year,256.58,19.01,5.0,Credit card,18,3.0,4659.76,0,Mobile,5G
CUST-103081,Cairo,New Cairo,2023-07-24,Month-to-month,440.49,248.06,1.0,Credit card,18,4.0,7341.38,1,Fiber Internet,4G
CUST-103082,Delta,Mansoura,2023-07-24,One year,140.65,5.75,1.0,Mobile wallet,18,3.0,2517.33,0,Mobile,4G
CUST-103083,Upper Egypt,Assiut,2023-07-24,Month-to-month,153.13,5.32,2.0,Credit card,18,4.0,2872.27,0,Mobile,3G
CUST-103084,Upper Egypt,Assiut,2023-07-24,Month-to-month,174.92,58.85,1.0,Cash,18,5.0,3017.94,1,DSL Internet,4G
CUST-103085,Alexandria,Borg El Arab,2023-07-24,One year,189.19,14.09,1.0,Mobile wallet,18,5.0,3523.92,0,Mobile,5G
CUST-103086,Cairo,Zamalek,2023-07-24,One year,221.48,6.88,2.0,Credit card,18,2.0,4066.78,0,Mobile,3G
CUST-103087,Alexandria,Montazah,2023-07-24,Two year,544.54,266.92,0.0,Bank transfer,18,4.0,9514.58,0,Fiber Internet,5G
CUST-103088,Delta,Zagazig,2023-07-24,Month-to-month,196.72,7.06,1.0,Credit card,18,4.0,3168.85,1,Mobile,4G
CUST-103089,Canal,Suez,2023-07-24,One year,198.88,10.76,1.0,Cash,18,4.0,3536.95,0,Mobile,4G
CUST-103090,Canal,Suez,2023-07-24,Month-to-month,389.81,237.91,0.0,Mobile wallet,18,4.0,6932.0,0,Fiber Internet,5G
CUST-103091,Canal,Port Said,2023-07-24,Two year,154.84,8.44,2.0,Credit card,18,3.0,2728.84,0,Mobile,4G
CUST-103092,Canal,Port Said,2023-07-24,One year,490.9,244.52,1.0,Mobile wallet,18,3.0,8587.19,0,Fiber Internet,4G
CUST-103093,Red Sea,Hurghada,2023-07-25,Month-to-month,658.28,364.67,0.0,Mobile wallet,18,,11880.59,0,Bundle,4G
CUST-103094,Alexandria,Smouha,2023-07-25,Two year,491.65,245.23,0.0,Mobile wallet,18,4.0,9317.41,0,Fiber Internet,4G
CUST-103095,Cairo,Heliopolis,2023-07-25,Month-to-month,591.08,147.51,1.0,Credit card,18,3.0,9745.74,0,Fiber Internet,3G
CUST-103096,Cairo,Nasr City,2023-07-25,Month-to-month,578.42,,0.0,Credit card,18,4.0,9893.97,0,Bundle,4G
CUST-103097,Alexandria,Montazah,2023-07-25,Month-to-month,409.13,230.93,2.0,Bank transfer,18,4.0,7441.33,0,Fiber Internet,5G
CUST-103098,Cairo,New Cairo,2023-07-26,Month-to-month,307.62,177.6,0.0,Mobile wallet,18,5.0,5125.77,0,DSL Internet,5G
CUST-103099,Cairo,Maadi,2023-07-26,Two year,560.9,286.59,1.0,Mobile wallet,18,,9513.31,0,Fiber Internet,5G
CUST-103100,Red Sea,Hurghada,2023-07-26,One year,582.59,375.66,2.0,Bank transfer,18,3.0,11374.04,0,Fiber Internet,5G
CUST-103101,Cairo,New Cairo,2023-07-26,One year,802.02,121.82,2.0,Credit card,18,3.0,13941.03,1,Bundle,3G
CUST-103102,Red Sea,Sharm El Sheikh,2023-07-26,Two year,282.49,31.91,0.0,Mobile wallet,18,5.0,5627.76,0,Mobile,5G
CUST-103103,Upper Egypt,Assiut,2023-07-26,Two year,587.34,349.56,4.0,Credit card,18,4.0,9849.84,0,Bundle,5G
CUST-103104,Delta,Mansoura,2023-07-26,Month-to-month,387.61,176.83,3.0,Mobile wallet,18,4.0,7558.83,0,Fiber Internet,4G
CUST-103105,Delta,Damanhour,2023-07-27,Month-to-month,376.13,144.16,2.0,Bank transfer,18,3.0,6415.17,0,Fiber Internet,4G
CUST-103106,Alexandria,Borg El Arab,2023-07-27,Month-to-month,475.7,505.53,2.0,Credit card,18,4.0,8869.24,0,Fiber Internet,5G
CUST-103107,Delta,Mansoura,2023-07-28,Two year,193.91,9.44,1.0,Mobile wallet,18,4.0,3186.48,0,Mobile,5G
CUST-103108,Cairo,New Cairo,2023-07-28,Two year,260.93,13.71,0.0,Credit card,18,5.0,4751.32,0,Mobile,5G
CUST-103109,Canal,Suez,2023-07-28,One year,658.66,318.4,2.0,Mobile wallet,18,4.0,12027.05,0,Bundle,4G
CUST-103110,Alexandria,Smouha,2023-07-28,Month-to-month,457.2,297.62,6.0,Credit card,18,3.0,7632.99,1,Fiber Internet,5G
CUST-103111,Cairo,Maadi,2023-07-28,Month-to-month,711.82,218.88,0.0,Bank transfer,18,5.0,12099.12,0,Bundle,4G
CUST-103112,Upper Egypt,Sohag,2023-07-29,Two year,158.99,10.15,0.0,Mobile wallet,18,5.0,2829.7,0,Mobile,5G
CUST-103113,Delta,Damanhour,2023-07-29,Month-to-month,198.24,8.82,0.0,Credit card,18,4.0,3602.57,0,Mobile,4G
CUST-103114,Alexandria,Montazah,2023-07-30,One year,182.13,,0.0,Mobile wallet,18,5.0,3127.37,0,Mobile,5G
CUST-103115,Delta,Mansoura,2023-07-30,Month-to-month,178.28,20.66,2.0,Mobile wallet,18,4.0,3182.51,0,Mobile,5G
CUST-103116,Cairo,Heliopolis,2023-07-30,Month-to-month,480.86,237.28,1.0,Cash,18,4.0,8633.49,0,Fiber Internet,4G
CUST-103117,Delta,Damanhour,2023-07-30,One year,661.51,487.26,2.0,Credit card,18,3.0,12122.39,0,Bundle,5G
CUST-103118,Cairo,Zamalek,2023-07-31,Two year,899.52,390.2,1.0,Credit card,18,5.0,15160.01,0,Bundle,5G
CUST-103119,Cairo,Maadi,2023-07-31,One year,567.15,259.29,0.0,Bank transfer,18,5.0,9965.76,0,Fiber Internet,4G
CUST-103120,Cairo,Nasr City,2023-07-31,One year,292.27,4.36,5.0,Cash,18,1.0,5297.92,0,Mobile,3G
CUST-103121,Alexandria,Sidi Gaber,2023-08-01,Month-to-month,438.17,283.95,3.0,Bank transfer,18,3.0,7330.44,1,Fiber Internet,5G
CUST-103122,Alexandria,Sidi Gaber,2023-08-02,Two year,590.17,236.62,0.0,Bank transfer,18,5.0,10156.33,0,Fiber Internet,4G
CUST-103123,Alexandria,Sidi Gaber,2023-08-02,One year,278.28,172.06,0.0,Mobile wallet,18,4.0,5196.54,0,DSL Internet,4G
CUST-103124,Cairo,Nasr City,2023-08-02,One year,597.17,367.45,1.0,Credit card,18,4.0,10545.28,1,Fiber Internet,4G
CUST-103125,Cairo,Nasr City,2023-08-02,One year,213.66,5.16,3.0,Mobile wallet,18,3.0,3961.77,0,Mobile,3G
CUST-103126,Delta,Zagazig,2023-08-02,Month-to-month,169.07,6.74,0.0,Bank transfer,18,4.0,2998.7,0,Mobile,4G
CUST-103127,Cairo,New Cairo,2023-08-02,Month-to-month,679.79,288.29,1.0,Mobile wallet,18,5.0,12135.45,0,Bundle,5G
CUST-103128,Upper Egypt,Minya,2023-08-02,Two year,285.21,51.03,1.0,Mobile wallet,18,3.0,5390.16,0,DSL Internet,3G
CUST-103129,Canal,Ismailia,2023-08-02,One year,563.86,326.67,2.0,Bank transfer,18,4.0,10474.93,0,Bundle,4G
CUST-103130,Alexandria,Borg El Arab,2023-08-02,Month-to-month,269.38,13.52,1.0,Mobile wallet,18,3.0,5094.01,0,Mobile,4G
CUST-103131,Canal,Port Said,2023-08-02,Month-to-month,343.86,265.05,1.0,Mobile wallet,18,4.0,5865.22,1,Fiber Internet,5G
CUST-103132,Cairo,Zamalek,2023-08-03,Two year,267.19,15.14,1.0,Credit card,18,4.0,4926.65,0,Mobile,4G
CUST-103133,Cairo,Heliopolis,2023-08-03,One year,784.7,299.8,1.0,Cash,18,5.0,14499.82,0,Bundle,5G
CUST-103134,Upper Egypt,Qena,2023-08-03,One year,177.76,10.46,2.0,Mobile wallet,18,4.0,3384.33,0,Mobile,5G
CUST-103135,Upper Egypt,Minya,2023-08-03,Month-to-month,202.58,135.21,1.0,Cash,18,4.0,3313.97,0,DSL Internet,5G
CUST-103136,Upper Egypt,Minya,2023-08-03,Two year,182.78,7.2,0.0,Mobile wallet,18,5.0,3306.2,0,Mobile,4G
CUST-103137,Cairo,Zamalek,2023-08-03,Two year,240.31,6.97,0.0,,18,5.0,4490.52,0,Mobile,4G
CUST-103138,Upper Egypt,Qena,2023-08-03,One year,206.59,3.94,1.0,Bank transfer,18,4.0,3893.66,0,Mobile,3G
CUST-103139,Alexandria,,2023-08-03,Month-to-month,412.03,243.68,,Bank transfer,18,3.0,7282.24,0,Fiber Internet,4G
CUST-103140,Alexandria,Sidi Gaber,2023-08-04,One year,649.12,218.06,1.0,Credit card,18,5.0,11866.36,0,Bundle,4G
CUST-103141,Cairo,Zamalek,2023-08-04,Two year,737.25,285.4,4.0,Bank transfer,18,4.0,13660.9,0,Bundle,4G
CUST-103142,Red Sea,Hurghada,2023-08-04,Two year,519.58,153.26,2.0,Bank transfer,18,4.0,9276.08,1,Fiber Internet,4G
CUST-103143,Cairo,Heliopolis,2023-08-04,Two year,494.9,226.25,1.0,Credit card,18,,9034.98,0,Fiber Internet,4G
CUST-103144,Upper Egypt,Qena,2023-08-04,One year,260.94,87.84,1.0,Cash,18,4.0,4745.25,0,DSL Internet,4G
CUST-103145,Delta,Zagazig,2023-08-04,Month-to-month,153.9,9.22,0.0,Credit card,18,5.0,2740.2,0,Mobile,4G
CUST-103146,Upper Egypt,Sohag,2023-08-04,One year,215.11,72.08,1.0,Mobile wallet,18,3.0,4045.66,0,DSL Internet,4G
CUST-103147,Upper Egypt,Minya,2023-08-05,Two year,223.93,99.55,0.0,Cash,18,4.0,4231.25,0,DSL Internet,4G
CUST-103148,Canal,Ismailia,2023-08-05,Month-to-month,435.76,157.69,2.0,Mobile wallet,18,4.0,8171.1,0,Fiber Internet,4G
CUST-103149,Cairo,Heliopolis,2023-08-05,Month-to-month,220.59,10.13,2.0,Credit card,18,3.0,4088.45,0,Mobile,4G
CUST-103150,Cairo,Maadi,2023-08-05,One year,243.96,14.88,3.0,Mobile wallet,18,4.0,4434.33,0,Mobile,5G
CUST-103151,Delta,Zagazig,2023-08-06,Month-to-month,151.95,0.0,2.0,Mobile wallet,18,4.0,2670.83,0,Mobile,5G
CUST-103152,Alexandria,Smouha,2023-08-06,Two year,745.92,292.37,1.0,Cash,18,5.0,13028.96,0,Bundle,4G
CUST-103153,Cairo,Heliopolis,2023-08-06,Month-to-month,469.08,167.65,1.0,Bank transfer,18,4.0,8791.25,0,Fiber Internet,4G
CUST-103154,Cairo,New Cairo,2023-08-06,Month-to-month,517.96,201.1,3.0,Credit card,18,2.0,9745.66,0,Fiber Internet,4G
CUST-103155,Alexandria,Borg El Arab,2023-08-06,Month-to-month,440.96,285.59,0.0,Mobile wallet,18,5.0,7569.94,1,Fiber Internet,5G
CUST-103156,Cairo,Heliopolis,2023-08-07,One year,274.1,63.14,4.0,Credit card,18,2.0,4705.3,1,DSL Internet,3G
CUST-103157,Cairo,New Cairo,2023-08-07,One year,307.25,12.79,1.0,Cash,18,5.0,5577.68,0,Mobile,4G
CUST-103158,Canal,Suez,2023-08-07,Month-to-month,193.07,7.24,0.0,Mobile wallet,18,5.0,3439.55,1,Mobile,4G
CUST-103159,Alexandria,Borg El Arab,2023-08-07,Month-to-month,459.64,285.31,0.0,Mobile wallet,18,5.0,8523.88,0,Fiber Internet,5G
CUST-103160,Red Sea,Sharm El Sheikh,2023-08-07,Month-to-month,220.07,12.67,2.0,Cash,18,4.0,3893.03,0,Mobile,4G
CUST-103161,Red Sea,Marsa Alam,2023-08-07,One year,295.16,12.37,1.0,Mobile wallet,18,5.0,5421.05,0,Mobile,5G
CUST-103162,Cairo,New Cairo,2023-08-08,Two year,694.56,172.2,2.0,Cash,18,4.0,11059.87,1,Fiber Internet,4G
CUST-103163,Upper Egypt,Minya,2023-08-08,One year,173.67,10.43,2.0,Mobile wallet,18,5.0,3048.85,0,Mobile,5G
CUST-103164,Delta,Zagazig,2023-08-09,Month-to-month,476.37,268.88,1.0,Credit card,18,4.0,7974.74,0,Bundle,5G
CUST-103165,Upper Egypt,Minya,2023-08-09,One year,479.88,102.15,3.0,Cash,18,3.0,8341.82,0,Bundle,4G
CUST-103166,Cairo,Maadi,2023-08-09,Month-to-month,523.93,361.7,2.0,,18,4.0,9142.58,0,Bundle,5G
CUST-103167,Cairo,Nasr City,2023-08-09,Month-to-month,651.6,335.79,1.0,Cash,18,5.0,10751.55,0,Bundle,5G
CUST-103168,Cairo,Maadi,2023-08-10,Month-to-month,238.9,7.86,1.0,Credit card,18,5.0,4501.86,0,Mobile,5G
CUST-103169,Delta,Tanta,2023-08-10,Month-to-month,182.54,6.51,2.0,Bank transfer,18,3.0,3218.86,0,Mobile,4G
CUST-103170,Red Sea,Marsa Alam,2023-08-10,Month-to-month,328.89,56.28,0.0,Cash,18,5.0,5843.53,0,DSL Internet,3G
CUST-103171,Delta,Tanta,2023-08-10,Two year,185.51,7.83,0.0,Credit card,18,5.0,3224.18,0,Mobile,5G
CUST-103172,Upper Egypt,Minya,2023-08-10,Month-to-month,501.15,149.79,2.0,Mobile wallet,18,3.0,8712.27,1,Bundle,3G
CUST-103173,Red Sea,Hurghada,2023-08-10,One year,257.96,17.76,2.0,Mobile wallet,18,3.0,4899.73,0,Mobile,5G
CUST-103174,Delta,Mansoura,2023-08-11,Two year,329.62,186.19,1.0,Credit card,18,5.0,6057.21,0,Fiber Internet,4G
CUST-103175,Cairo,New Cairo,2023-08-11,One year,589.75,167.65,0.0,Credit card,18,,10763.27,0,Fiber Internet,4G
CUST-103176,Canal,Port Said,2023-08-11,One year,784.85,457.1,4.0,Cash,18,4.0,13011.56,0,Bundle,5G
CUST-103177,Alexandria,Borg El Arab,2023-08-11,One year,477.58,161.53,3.0,Credit card,18,2.0,8561.58,0,Fiber Internet,4G
CUST-103178,Cairo,Maadi,2023-08-11,Month-to-month,345.0,148.05,0.0,Mobile wallet,18,4.0,6370.77,0,Fiber Internet,4G
CUST-103179,Delta,Zagazig,2023-08-12,Month-to-month,150.83,8.84,1.0,Mobile wallet,18,4.0,2845.17,0,Mobile,4G
CUST-103180,Canal,Port Said,2023-08-12,One year,3363.1,1876.56,3.0,Mobile wallet,18,4.0,60535.8,0,Fiber Internet,4G
CUST-103181,Cairo,Maadi,2023-08-12,Two year,343.71,80.96,1.0,Bank transfer,18,4.0,6703.47,0,DSL Internet,3G
CUST-103182,Delta,Zagazig,2023-08-13,Two year,390.1,178.21,1.0,Credit card,18,4.0,6817.21,0,Fiber Internet,4G
CUST-103183,Cairo,Zamalek,2023-08-13,Two year,419.93,115.64,2.0,Cash,18,4.0,7338.52,0,DSL Internet,4G
CUST-103184,Cairo,Heliopolis,2023-08-14,One year,267.74,15.3,2.0,,18,4.0,4893.22,0,Mobile,4G
CUST-103185,Cairo,Heliopolis,2023-08-15,One year,253.97,15.71,2.0,Bank transfer,18,4.0,4805.1,0,Mobile,4G
CUST-103186,Upper Egypt,Sohag,2023-08-15,Two year,639.22,359.28,3.0,Cash,18,,11492.17,1,Bundle,5G
CUST-103187,Canal,Port Said,2023-08-15,Two year,196.23,20.7,1.0,Bank transfer,18,,3244.57,0,Mobile,5G
CUST-103188,Cairo,New Cairo,2023-08-15,One year,572.73,208.4,2.0,Credit card,18,4.0,10354.68,0,Fiber Internet,4G
CUST-103189,Cairo,New Cairo,2023-08-15,Two year,777.75,386.62,2.0,Cash,18,3.0,14532.88,0,Fiber Internet,5G
CUST-103190,Cairo,Zamalek,2023-08-15,Two year,868.22,,1.0,Credit card,18,4.0,16205.96,0,Bundle,4G
CUST-103191,Cairo,Maadi,2023-08-16,One year,261.55,,2.0,Credit card,18,3.0,4814.27,0,Mobile,4G
CUST-103192,Delta,Damanhour,2023-08-16,Month-to-month,151.82,7.28,2.0,Bank transfer,18,4.0,2723.44,0,Mobile,4G
CUST-103193,Upper Egypt,Assiut,2023-08-16,Month-to-month,442.32,,0.0,Cash,18,4.0,6995.11,0,Bundle,5G
CUST-103194,Delta,Damanhour,2023-08-16,One year,378.22,124.14,2.0,Cash,18,,7367.92,0,Fiber Internet,4G
CUST-103195,Alexandria,Sidi Gaber,2023-08-17,Month-to-month,547.25,223.95,2.0,Mobile wallet,18,4.0,9531.02,1,Fiber Internet,4G
CUST-103196,Delta,Tanta,2023-08-17,Month-to-month,134.48,15.24,1.0,Cash,18,,2335.26,0,Mobile,5G
CUST-103197,Cairo,Nasr City,2023-08-17,One year,272.02,22.24,1.0,Credit card,18,5.0,4832.93,0,Mobile,5G
CUST-103198,Cairo,Nasr City,2023-08-17,Two year,867.78,486.98,1.0,Mobile wallet,18,4.0,15782.88,0,Bundle,5G
CUST-103199,Canal,Ismailia,2023-08-18,Two year,389.72,360.28,2.0,Credit card,17,3.0,6751.17,0,Fiber Internet,5G
CUST-103200,Upper Egypt,Minya,2023-08-18,One year,591.42,333.35,0.0,,17,4.0,9495.22,0,Bundle,5G
CUST-103201,Canal,Suez,2023-08-18,Month-to-month,538.09,87.46,3.0,Cash,17,3.0,8784.95,0,Bundle,3G
CUST-103202,Canal,Port Said,2023-08-18,Month-to-month,345.9,205.16,2.0,Bank transfer,17,5.0,5997.97,0,Fiber Internet,5G
CUST-103203,Delta,Mansoura,2023-08-18,One year,453.84,186.61,0.0,Cash,17,5.0,7537.2,0,Fiber Internet,4G
CUST-103204,Canal,Port Said,2023-08-18,Month-to-month,372.96,142.04,0.0,Mobile wallet,17,4.0,5889.24,0,Fiber Internet,4G
CUST-103205,Alexandria,Sidi Gaber,2023-08-19,One year,641.82,421.44,4.0,Credit card,17,4.0,10565.53,0,Bundle,5G
CUST-103206,Cairo,Maadi,2023-08-19,Two year,563.23,160.96,3.0,Mobile wallet,17,,9570.2,0,Fiber Internet,3G
CUST-103207,Cairo,Nasr City,2023-08-20,One year,214.54,3.33,1.0,Cash,17,5.0,3408.07,0,Mobile,3G
CUST-103208,Cairo,New Cairo,2023-08-20,One year,637.16,230.52,2.0,Bank transfer,17,4.0,11540.09,0,Bundle,4G
CUST-103209,Cairo,Zamalek,2023-08-20,One year,623.73,144.09,0.0,Credit card,17,5.0,11107.34,0,Fiber Internet,5G
CUST-103210,Alexandria,Smouha,2023-08-21,Two year,733.05,374.73,3.0,Cash,17,2.0,12918.68,0,Bundle,5G
CUST-103211,Upper Egypt,Assiut,2023-08-21,Month-to-month,361.27,86.39,10.0,Bank transfer,17,1.0,5801.32,1,Fiber Internet,3G
CUST-103212,Upper Egypt,Minya,2023-08-21,One year,367.92,279.54,5.0,Bank transfer,17,3.0,5945.48,0,Fiber Internet,4G
CUST-103213,Delta,Damanhour,2023-08-21,Month-to-month,244.31,205.36,0.0,Mobile wallet,17,5.0,4013.85,0,DSL Internet,5G
CUST-103214,Cairo,Nasr City,2023-08-21,One year,316.4,144.17,1.0,Mobile wallet,17,,5330.32,1,DSL Internet,4G
CUST-103215,Upper Egypt,Assiut,2023-08-21,Month-to-month,135.09,5.52,2.0,Bank transfer,17,3.0,2092.82,1,Mobile,4G
CUST-103216,Alexandria,Montazah,2023-08-21,One year,259.07,8.56,3.0,Credit card,17,3.0,4398.45,0,Mobile,4G
CUST-103217,Cairo,Nasr City,2023-08-22,One year,390.11,90.84,0.0,Cash,17,4.0,6555.05,0,DSL Internet,4G
CUST-103218,Cairo,Maadi,2023-08-22,Month-to-month,632.05,208.2,4.0,Mobile wallet,17,2.0,10049.44,1,Bundle,3G
CUST-103219,Alexandria,Smouha,2023-08-22,One year,170.72,9.57,1.0,Mobile wallet,17,5.0,2887.63,0,Mobile,5G
CUST-103220,Cairo,Heliopolis,2023-08-22,Month-to-month,170.69,7.72,0.0,Cash,17,5.0,2874.02,0,Mobile,4G
CUST-103221,Upper Egypt,Minya,2023-08-22,Month-to-month,320.62,164.94,2.0,Credit card,17,4.0,5352.11,0,Fiber Internet,5G
CUST-103222,Upper Egypt,Sohag,2023-08-22,Month-to-month,151.85,7.94,1.0,Cash,17,5.0,2398.57,1,Mobile,5G
CUST-103223,Upper Egypt,Sohag,2023-08-22,Month-to-month,152.06,8.84,0.0,Mobile wallet,17,4.0,2563.44,0,Mobile,4G
CUST-103224,Cairo,Heliopolis,2023-08-22,Two year,614.49,356.7,0.0,Cash,17,5.0,10051.71,0,Fiber Internet,5G
CUST-103225,Upper Egypt,Minya,2023-08-22,Two year,429.86,51.62,2.0,Credit card,17,4.0,6898.17,0,Fiber Internet,3G
CUST-103226,Delta,Mansoura,2023-08-23,One year,160.64,5.62,2.0,Bank transfer,17,4.0,2690.43,0,Mobile,4G
CUST-103227,Cairo,Nasr City,2023-08-23,One year,289.7,13.56,1.0,Mobile wallet,17,4.0,4752.47,0,Mobile,4G
CUST-103228,Delta,Mansoura,2023-08-23,One year,562.92,313.3,0.0,Cash,17,5.0,9544.38,0,Bundle,5G
CUST-103229,Delta,Damanhour,2023-08-23,Two year,479.91,254.06,0.0,Cash,17,5.0,7810.29,0,Fiber Internet,5G
CUST-103230,Alexandria,Montazah,2023-08-24,One year,280.03,120.0,1.0,Bank transfer,17,4.0,4400.15,0,DSL Internet,4G
CUST-103231,Cairo,Nasr City,2023-08-24,Month-to-month,228.03,9.99,3.0,,17,4.0,4102.06,0,Mobile,5G
CUST-103232,Delta,Tanta,2023-08-24,One year,733.74,222.36,0.0,Credit card,17,5.0,12157.96,0,Bundle,4G
CUST-103233,Cairo,Heliopolis,2023-08-25,Two year,700.44,165.31,2.0,Mobile wallet,17,3.0,10848.3,0,Bundle,3G
CUST-103234,Cairo,Nasr City,2023-08-25,Month-to-month,187.37,7.62,0.0,Cash,17,5.0,3279.99,0,Mobile,4G
CUST-103235,Cairo,New Cairo,2023-08-26,Month-to-month,453.89,302.66,0.0,Cash,17,4.0,7564.27,0,Fiber Internet,5G
CUST-103236,Red Sea,Marsa Alam,2023-08-26,Month-to-month,290.23,72.75,1.0,Bank transfer,17,3.0,4920.48,0,DSL Internet,4G
CUST-103237,Cairo,Maadi,2023-08-27,Month-to-month,476.7,153.61,0.0,Cash,17,4.0,8141.89,0,Fiber Internet,4G
CUST-103238,Alexandria,Smouha,2023-08-28,One year,264.73,,1.0,Credit card,17,4.0,4666.06,0,DSL Internet,5G
CUST-103239,Alexandria,Sidi Gaber,2023-08-28,Month-to-month,190.52,2.78,1.0,Mobile wallet,17,5.0,3266.59,0,Mobile,3G
CUST-103240,Canal,Ismailia,2023-08-28,Two year,592.26,109.17,8.0,Mobile wallet,17,1.0,8910.65,1,Fiber Internet,3G
CUST-103241,Delta,Damanhour,2023-08-29,Two year,604.26,146.06,1.0,Mobile wallet,17,,9743.36,0,Bundle,3G
CUST-103242,Canal,Ismailia,2023-08-29,Month-to-month,176.73,8.58,2.0,Mobile wallet,17,3.0,2654.86,1,Mobile,4G
CUST-103243,Cairo,Maadi,2023-08-29,Two year,269.89,16.93,1.0,Mobile wallet,17,4.0,4480.09,0,Mobile,4G
CUST-103244,Cairo,Maadi,2023-08-30,One year,262.62,10.42,0.0,Credit card,17,4.0,4517.8,0,Mobile,4G
CUST-103245,Delta,Mansoura,2023-08-30,One year,680.88,193.63,1.0,Credit card,17,4.0,11156.65,0,Bundle,5G
CUST-103246,Alexandria,Smouha,2023-08-30,One year,218.56,16.58,0.0,Mobile wallet,17,5.0,3389.36,1,Mobile,5G
CUST-103247,Upper Egypt,Sohag,2023-08-30,Two year,176.49,9.31,0.0,Mobile wallet,17,5.0,2903.03,0,Mobile,5G
CUST-103248,Canal,Ismailia,2023-08-31,Month-to-month,225.2,89.22,1.0,Mobile wallet,17,4.0,3505.9,1,DSL Internet,4G
CUST-103249,Alexandria,Smouha,2023-08-31,Month-to-month,303.63,53.35,0.0,Bank transfer,17,5.0,5283.58,0,DSL Internet,4G
CUST-103250,Red Sea,Hurghada,2023-08-31,Month-to-month,436.25,93.61,3.0,Credit card,17,2.0,6875.37,1,Fiber Internet,3G
CUST-103251,Delta,Damanhour,2023-08-31,Month-to-month,463.23,237.85,0.0,Cash,17,5.0,8197.4,0,Bundle,4G
CUST-103252,Cairo,New Cairo,2023-08-31,One year,248.3,13.42,0.0,Mobile wallet,17,4.0,4117.54,0,Mobile,4G
CUST-103253,Delta,Zagazig,2023-08-31,Month-to-month,470.61,180.8,1.0,Mobile wallet,17,4.0,7984.41,0,Fiber Internet,4G
CUST-103254,Cairo,Heliopolis,2023-08-31,One year,618.56,337.01,2.0,Bank transfer,17,3.0,10401.32,0,Fiber Internet,5G
CUST-103255,Upper Egypt,Minya,2023-08-31,Month-to-month,149.02,9.85,1.0,Bank transfer,17,4.0,2554.81,0,Mobile,5G
CUST-103256,Cairo,Maadi,2023-09-01,Two year,701.25,129.51,2.0,Bank transfer,17,2.0,12140.78,0,Bundle,3G
CUST-103257,Alexandria,Smouha,2023-09-01,One year,592.39,400.73,1.0,Credit card,17,4.0,10052.51,0,Fiber Internet,5G
CUST-103258,Delta,Tanta,2023-09-02,Two year,196.63,4.21,2.0,Mobile wallet,17,3.0,3693.64,0,Mobile,3G
CUST-103259,Cairo,Zamalek,2023-09-02,Two year,248.62,13.45,0.0,Bank transfer,17,4.0,4473.32,0,Mobile,5G
CUST-103260,Cairo,Zamalek,2023-09-02,Month-to-month,234.97,6.75,0.0,Bank transfer,17,3.0,3897.91,0,Mobile,4G
CUST-103261,Upper Egypt,Minya,2023-09-03,One year,484.95,132.83,1.0,Cash,17,3.0,8158.98,1,Bundle,3G
CUST-103262,Cairo,Zamalek,2023-09-03,Month-to-month,197.7,8.73,1.0,Bank transfer,17,4.0,3519.5,0,Mobile,4G
CUST-103263,Alexandria,Smouha,2023-09-03,Two year,643.26,165.96,1.0,Mobile wallet,17,4.0,10347.26,0,Bundle,4G
CUST-103264,Alexandria,Montazah,2023-09-03,One year,193.77,17.59,2.0,Bank transfer,17,4.0,3011.53,0,Mobile,5G
CUST-103265,Cairo,New Cairo,2023-09-04,Month-to-month,581.89,219.24,0.0,Bank transfer,17,5.0,9966.16,0,Bundle,4G
CUST-103266,Cairo,Zamalek,2023-09-04,Month-to-month,572.0,254.93,2.0,Credit card,17,4.0,9661.59,0,Bundle,5G
CUST-103267,Upper Egypt,Minya,2023-09-05,Month-to-month,168.68,11.06,1.0,Cash,17,4.0,2580.1,0,Mobile,4G
CUST-103268,Red Sea,Hurghada,2023-09-05,Two year,269.13,15.36,0.0,Bank transfer,17,5.0,4593.76,0,Mobile,5G
CUST-103269,Cairo,Zamalek,2023-09-05,Two year,333.28,69.44,2.0,Mobile wallet,17,3.0,5670.39,0,DSL Internet,4G
CUST-103270,Red Sea,Sharm El Sheikh,2023-09-05,Month-to-month,234.28,20.58,0.0,Cash,17,5.0,3881.62,0,Mobile,5G
CUST-103271,Delta,Tanta,2023-09-05,Month-to-month,174.77,9.77,2.0,Credit card,17,4.0,3155.54,0,Mobile,5G
CUST-103272,Delta,Tanta,2023-09-05,Month-to-month,232.48,213.85,0.0,Mobile wallet,17,5.0,3682.52,1,DSL Internet,4G
CUST-103273,Upper Egypt,Assiut,2023-09-05,One year,432.89,86.97,1.0,Credit card,17,4.0,6809.71,1,Bundle,3G
CUST-103274,Upper Egypt,Qena,2023-09-05,Month-to-month,225.91,46.27,2.0,Bank transfer,17,,3836.54,0,DSL Internet,4G
CUST-103275,Upper Egypt,Minya,2023-09-05,Month-to-month,578.89,374.96,2.0,Cash,17,4.0,9294.47,0,Bundle,4G
CUST-103276,Delta,Tanta,2023-09-06,Two year,463.07,270.33,,Credit card,17,4.0,7575.6,0,Fiber Internet,5G
CUST-103277,Delta,Damanhour,2023-09-06,Month-to-month,274.2,104.75,1.0,Cash,17,5.0,4131.14,0,DSL Internet,4G
CUST-103278,Alexandria,Smouha,2023-09-06,One year,206.11,,2.0,Mobile wallet,17,,3554.37,0,Mobile,5G
CUST-103279,Cairo,Maadi,2023-09-06,One year,391.81,120.06,0.0,Bank transfer,17,5.0,6897.95,0,DSL Internet,5G
CUST-103280,Delta,Zagazig,2023-09-06,Month-to-month,384.39,125.99,0.0,Credit card,17,4.0,6601.59,0,Fiber Internet,5G
CUST-103281,Cairo,Nasr City,2023-09-06,One year,388.46,165.72,2.0,Mobile wallet,17,3.0,6650.95,0,Fiber Internet,3G
CUST-103282,Cairo,Zamalek,2023-09-07,Month-to-month,617.84,79.78,3.0,Mobile wallet,17,2.0,9839.21,1,Bundle,3G
CUST-103283,Cairo,New Cairo,2023-09-07,Month-to-month,520.15,487.52,1.0,Credit card,17,4.0,9363.72,0,Fiber Internet,5G
CUST-103284,Cairo,Heliopolis,2023-09-07,Two year,687.71,424.68,2.0,Mobile wallet,17,5.0,11604.56,0,Fiber Internet,5G
CUST-103285,Delta,Mansoura,2023-09-08,Two year,452.97,196.79,1.0,Credit card,17,3.0,7964.32,0,Fiber Internet,4G
CUST-103286,Delta,Zagazig,2023-09-08,One year,186.42,11.43,1.0,Cash,17,,3264.78,0,Mobile,5G
CUST-103287,Alexandria,Sidi Gaber,2023-09-08,Month-to-month,177.12,9.63,3.0,Bank transfer,17,3.0,2673.16,1,Mobile,3G
CUST-103288,Cairo,Zamalek,2023-09-08,Month-to-month,820.16,333.01,0.0,Mobile wallet,17,5.0,14284.9,0,Bundle,5G
CUST-103289,Alexandria,Montazah,2023-09-09,Month-to-month,229.17,8.59,0.0,Cash,17,4.0,3496.89,1,Mobile,4G
CUST-103290,Alexandria,Smouha,2023-09-09,Two year,481.13,345.6,4.0,Mobile wallet,17,3.0,7981.41,0,Fiber Internet,5G
CUST-103291,Upper Egypt,Assiut,2023-09-09,Two year,330.75,177.54,4.0,Cash,17,4.0,5244.67,1,Fiber Internet,5G
CUST-103292,Delta,Mansoura,2023-09-09,One year,442.01,135.42,1.0,Cash,17,4.0,7877.74,0,Bundle,4G
CUST-103293,Delta,Mansoura,2023-09-10,Two year,308.57,56.97,2.0,Credit card,17,3.0,5086.48,0,DSL Internet,3G
CUST-103294,Delta,Tanta,2023-09-10,Month-to-month,170.97,15.23,1.0,Bank transfer,17,4.0,2940.05,0,Mobile,5G
CUST-103295,Red Sea,Hurghada,2023-09-11,One year,208.54,25.02,1.0,Mobile wallet,17,4.0,3317.86,0,Mobile,5G
CUST-103296,Upper Egypt,Qena,2023-09-11,Month-to-month,223.96,157.36,2.0,Credit card,17,,3772.39,0,DSL Internet,4G
CUST-103297,Delta,Damanhour,2023-09-11,Month-to-month,141.14,6.33,0.0,Mobile wallet,17,4.0,2349.44,0,Mobile,5G
CUST-103298,Alexandria,Smouha,2023-09-12,Two year,582.02,304.38,0.0,Credit card,17,5.0,10376.97,0,Fiber Internet,4G
CUST-103299,Cairo,Maadi,2023-09-12,Two year,245.53,8.2,0.0,Cash,17,4.0,4041.87,0,Mobile,4G
CUST-103300,Canal,Port Said,2023-09-12,Month-to-month,153.81,8.69,0.0,Mobile wallet,17,4.0,2446.92,0,Mobile,5G
CUST-103301,Alexandria,Montazah,2023-09-13,Month-to-month,568.12,186.07,0.0,Mobile wallet,17,3.0,9475.38,0,Bundle,4G
CUST-103302,Cairo,Heliopolis,2023-09-13,One year,714.25,310.69,1.0,Bank transfer,17,,11127.89,1,Bundle,5G
CUST-103303,Red Sea,Marsa Alam,2023-09-13,Month-to-month,317.76,113.21,0.0,Cash,17,4.0,5446.03,0,DSL Internet,5G
CUST-103304,Upper Egypt,Minya,2023-09-13,One year,190.61,4.59,2.0,Mobile wallet,17,4.0,3406.55,0,Mobile,4G
CUST-103305,Cairo,Zamalek,2023-09-13,One year,862.73,452.41,1.0,Cash,17,4.0,13597.43,1,Bundle,4G
CUST-103306,Cairo,Heliopolis,2023-09-13,Month-to-month,521.97,391.79,5.0,Cash,17,,8990.22,0,Fiber Internet,5G
CUST-103307,Cairo,Heliopolis,2023-09-13,Month-to-month,665.22,243.18,1.0,Credit card,17,4.0,11247.49,0,Bundle,4G
CUST-103308,Delta,Tanta,2023-09-14,Month-to-month,155.6,5.99,0.0,Credit card,17,,2694.4,0,Mobile,4G
CUST-103309,Cairo,Heliopolis,2023-09-15,Two year,198.99,13.77,1.0,Credit card,17,5.0,3245.84,0,Mobile,4G
CUST-103310,Canal,Port Said,2023-09-15,Month-to-month,416.57,95.11,0.0,Mobile wallet,17,4.0,7065.35,0,Fiber Internet,3G
CUST-103311,Canal,Ismailia,2023-09-15,One year,547.34,98.68,0.0,,17,3.0,9076.26,1,Bundle,3G
CUST-103312,Delta,Mansoura,2023-09-15,Month-to-month,194.63,5.72,1.0,Bank transfer,17,3.0,3203.36,0,Mobile,4G
CUST-103313,Delta,Zagazig,2023-09-15,One year,180.86,15.15,0.0,Cash,17,5.0,3049.03,0,Mobile,5G
CUST-103314,Cairo,Zamalek,2023-09-15,Month-to-month,561.02,196.37,0.0,Credit card,17,4.0,9497.84,0,Fiber Internet,4G
CUST-103315,Cairo,New Cairo,2023-09-16,Month-to-month,639.04,257.01,1.0,Mobile wallet,17,4.0,10203.9,0,Bundle,4G
CUST-103316,Upper Egypt,Minya,2023-09-16,One year,218.09,87.02,1.0,Mobile wallet,17,,3585.21,1,DSL Internet,4G
CUST-103317,Cairo,Zamalek,2023-09-17,One year,809.79,492.16,2.0,Bank transfer,16,4.0,11852.83,1,Bundle,5G
CUST-103318,Cairo,Maadi,2023-09-19,Month-to-month,527.83,122.13,0.0,Credit card,16,4.0,8417.61,0,Fiber Internet,3G
CUST-103319,Alexandria,Sidi Gaber,2023-09-19,Month-to-month,619.25,212.17,0.0,Mobile wallet,16,4.0,10137.39,0,Bundle,4G
CUST-103320,Cairo,Heliopolis,2023-09-20,Two year,593.28,386.66,2.0,Mobile wallet,16,4.0,9750.71,0,Fiber Internet,5G
CUST-103321,Alexandria,Sidi Gaber,2023-09-20,Month-to-month,210.65,13.16,1.0,Bank transfer,16,4.0,3205.4,0,Mobile,4G
CUST-103322,Upper Egypt,Minya,2023-09-20,Month-to-month,233.57,138.05,0.0,Mobile wallet,16,5.0,3793.81,0,DSL Internet,4G
CUST-103323,Upper Egypt,Qena,2023-09-21,Month-to-month,249.61,127.61,2.0,Mobile wallet,16,3.0,4145.42,0,Fiber Internet,5G
CUST-103324,Delta,Tanta,2023-09-21,Month-to-month,377.5,229.71,1.0,Bank transfer,16,3.0,5872.99,0,Fiber Internet,4G
CUST-103325,Upper Egypt,Assiut,2023-09-21,One year,186.65,5.65,1.0,Mobile wallet,16,3.0,2884.84,1,Mobile,4G
CUST-103326,Alexandria,Borg El Arab,2023-09-22,One year,264.57,70.64,0.0,Bank transfer,16,4.0,4297.27,0,DSL Internet,3G
CUST-103327,Upper Egypt,Qena,2023-09-23,One year,400.15,208.04,1.0,Cash,16,4.0,6520.14,0,Bundle,5G
CUST-103328,Delta,Damanhour,2023-09-24,One year,181.67,16.65,1.0,Mobile wallet,16,4.0,3003.37,0,Mobile,5G
CUST-103329,Cairo,Maadi,2023-09-24,Month-to-month,725.24,589.33,0.0,Credit card,16,5.0,11178.97,0,Bundle,5G
CUST-103330,Canal,Port Said,2023-09-24,One year,185.28,14.05,1.0,Cash,16,5.0,2848.88,0,Mobile,5G
CUST-103331,Cairo,Zamalek,2023-09-24,Month-to-month,255.03,16.42,0.0,Bank transfer,16,5.0,4265.42,0,Mobile,5G
CUST-103332,Cairo,Zamalek,2023-09-24,Month-to-month,270.66,11.63,0.0,Cash,16,5.0,4272.47,0,Mobile,4G
CUST-103333,Cairo,New Cairo,2023-09-24,One year,422.16,156.86,,Mobile wallet,16,4.0,6356.23,0,Fiber Internet,4G
CUST-103334,Alexandria,Borg El Arab,2023-09-25,Month-to-month,181.5,12.68,0.0,Credit card,16,4.0,2883.05,0,Mobile,4G
CUST-103335,Alexandria,Sidi Gaber,2023-09-25,Month-to-month,194.09,74.96,0.0,Mobile wallet,16,5.0,3090.04,0,DSL Internet,4G
CUST-103336,Delta,Mansoura,2023-09-25,Month-to-month,262.56,49.81,1.0,Credit card,16,4.0,4239.57,0,DSL Internet,4G
CUST-103337,Canal,Suez,2023-09-25,One year,419.2,234.36,2.0,Cash,16,4.0,6600.01,0,Fiber Internet,4G
CUST-103338,Cairo,New Cairo,2023-09-25,Month-to-month,637.24,309.07,4.0,Cash,16,3.0,10217.53,1,Bundle,4G
CUST-103339,Delta,Damanhour,2023-09-25,One year,661.49,250.42,1.0,Mobile wallet,16,4.0,10198.69,0,Bundle,4G
CUST-103340,Alexandria,Smouha,2023-09-26,One year,407.6,139.14,1.0,Mobile wallet,16,4.0,6011.59,0,Fiber Internet,4G
CUST-103341,Upper Egypt,Sohag,2023-09-26,One year,131.04,7.38,1.0,,16,4.0,1972.41,0,Mobile,5G
CUST-103342,Cairo,Maadi,2023-09-26,Month-to-month,153.69,9.23,1.0,Bank transfer,16,5.0,2385.18,0,Mobile,5G
CUST-103343,Cairo,Maadi,2023-09-27,Two year,699.81,273.14,2.0,Credit card,16,4.0,11403.46,0,Fiber Internet,4G
CUST-103344,Delta,Zagazig,2023-09-27,Month-to-month,189.98,7.8,0.0,Cash,16,5.0,3012.87,0,Mobile,5G
CUST-103345,Delta,Zagazig,2023-09-27,Two year,274.16,111.98,3.0,Bank transfer,16,3.0,4444.64,0,DSL Internet,4G
CUST-103346,Upper Egypt,Sohag,2023-09-27,One year,320.98,152.4,2.0,Bank transfer,16,4.0,4994.53,0,Fiber Internet,4G
CUST-103347,Delta,Tanta,2023-09-29,Month-to-month,432.92,392.25,2.0,Credit card,16,,7036.04,0,Fiber Internet,5G
CUST-103348,Upper Egypt,Minya,2023-09-29,Two year,238.88,19.63,1.0,Cash,16,4.0,3577.25,0,Mobile,5G
CUST-103349,Alexandria,Montazah,2023-09-29,One year,204.68,11.49,0.0,Cash,16,5.0,3293.36,0,Mobile,5G
CUST-103350,Cairo,Nasr City,2023-09-29,Month-to-month,184.19,3.03,4.0,Bank transfer,16,2.0,2826.78,1,Mobile,3G
CUST-103351,Cairo,Nasr City,2023-09-29,Month-to-month,788.9,218.58,0.0,Bank transfer,16,4.0,12146.58,0,Bundle,4G
CUST-103352,Cairo,Maadi,2023-09-30,One year,297.25,228.96,2.0,Cash,16,4.0,5071.94,0,DSL Internet,5G
CUST-103353,Alexandria,Sidi Gaber,2023-09-30,One year,469.2,308.08,0.0,Bank transfer,16,4.0,6937.81,0,Fiber Internet,5G
CUST-103354,Delta,Damanhour,2023-09-30,Two year,302.51,171.14,2.0,Cash,16,4.0,4971.86,0,Fiber Internet,4G
CUST-103355,Alexandria,Borg El Arab,2023-10-01,Month-to-month,428.19,83.09,3.0,Cash,16,3.0,7074.16,0,Fiber Internet,3G
CUST-103356,Delta,Zagazig,2023-10-01,One year,154.26,9.34,1.0,Mobile wallet,16,4.0,2380.62,0,Mobile,4G
CUST-103357,Delta,Mansoura,2023-10-01,One year,215.28,3.56,1.0,Credit card,16,4.0,3485.13,0,Mobile,3G
CUST-103358,Delta,,2023-10-02,One year,161.53,,1.0,Mobile wallet,16,4.0,2493.42,0,Mobile,4G
CUST-103359,Delta,Tanta,2023-10-02,One year,203.76,6.94,0.0,Cash,16,3.0,3295.51,0,Mobile,4G
CUST-103360,Alexandria,Montazah,2023-10-03,Month-to-month,188.44,5.14,0.0,Bank transfer,16,4.0,2798.91,1,Mobile,4G
CUST-103361,Alexandria,Montazah,2023-10-04,One year,309.97,307.11,2.0,Cash,16,3.0,4955.21,0,DSL Internet,5G
CUST-103362,Delta,Mansoura,2023-10-04,Month-to-month,178.75,9.33,0.0,Bank transfer,16,5.0,2790.48,0,Mobile,4G
CUST-103363,Delta,Damanhour,2023-10-04,Month-to-month,166.23,8.79,1.0,Cash,16,5.0,2433.37,1,Mobile,4G
CUST-103364,Alexandria,Sidi Gaber,2023-10-04,One year,193.37,5.4,2.0,Mobile wallet,16,3.0,2995.35,0,Mobile,4G
CUST-103365,Alexandria,Montazah,2023-10-04,Month-to-month,170.87,,0.0,Credit card,16,5.0,2801.67,0,Mobile,5G
CUST-103366,Upper Egypt,Assiut,2023-10-04,Month-to-month,159.07,10.77,,Bank transfer,16,4.0,2712.59,0,Mobile,4G
CUST-103367,Delta,Damanhour,2023-10-05,Month-to-month,126.01,9.58,0.0,Credit card,16,5.0,2197.95,0,Mobile,5G
CUST-103368,Cairo,Heliopolis,2023-10-05,One year,293.96,16.57,1.0,Bank transfer,16,3.0,4875.07,0,Mobile,4G
CUST-103369,Alexandria,Smouha,2023-10-05,Two year,712.72,370.03,2.0,Cash,16,4.0,11390.99,0,Bundle,4G
CUST-103370,Canal,Suez,2023-10-06,Month-to-month,170.48,14.71,0.0,Credit card,16,5.0,2656.96,1,Mobile,5G
CUST-103371,Cairo,Maadi,2023-10-06,Month-to-month,225.89,,0.0,Cash,16,4.0,3661.94,0,Mobile,4G
CUST-103372,Canal,Suez,2023-10-06,Two year,452.6,134.26,2.0,Credit card,16,4.0,6690.16,1,Fiber Internet,4G
CUST-103373,Cairo,New Cairo,2023-10-06,Month-to-month,213.28,24.38,0.0,Mobile wallet,16,5.0,3678.99,0,Mobile,5G
CUST-103374,Delta,Damanhour,2023-10-07,Two year,392.72,176.03,2.0,Cash,16,3.0,6524.54,0,Fiber Internet,4G
CUST-103375,Alexandria,Borg El Arab,2023-10-07,One year,221.45,10.68,0.0,Mobile wallet,16,5.0,3435.4,0,Mobile,4G
CUST-103376,Cairo,Maadi,2023-10-07,Month-to-month,672.33,282.5,0.0,Cash,16,4.0,11164.48,0,Bundle,5G
CUST-103377,Canal,Ismailia,2023-10-08,One year,628.06,108.29,2.0,Cash,16,,10274.4,0,Bundle,3G
CUST-103378,Alexandria,Sidi Gaber,2023-10-08,Month-to-month,329.15,160.25,0.0,Mobile wallet,16,,5065.82,0,DSL Internet,4G
CUST-103379,Red Sea,Sharm El Sheikh,2023-10-08,One year,207.08,22.57,1.0,Cash,16,5.0,3321.31,0,Mobile,5G
CUST-103380,Cairo,Heliopolis,2023-10-08,Month-to-month,500.91,375.03,3.0,Credit card,16,3.0,7492.46,1,Fiber Internet,5G
CUST-103381,Canal,Ismailia,2023-10-08,Two year,165.08,10.0,1.0,,16,4.0,2365.57,0,Mobile,4G
CUST-103382,Canal,Port Said,2023-10-09,One year,305.02,70.51,3.0,Bank transfer,16,3.0,4602.8,0,DSL Internet,3G
CUST-103383,Delta,Mansoura,2023-10-09,Two year,196.89,13.61,1.0,Cash,16,4.0,3286.29,0,Mobile,5G
CUST-103384,Cairo,Nasr City,2023-10-10,Two year,601.96,234.01,1.0,Mobile wallet,16,5.0,9350.93,0,Fiber Internet,5G
CUST-103385,Upper Egypt,Qena,2023-10-10,Month-to-month,146.14,5.08,1.0,Mobile wallet,16,5.0,2243.12,1,Mobile,4G
CUST-103386,Delta,Damanhour,2023-10-11,One year,399.24,257.73,1.0,Cash,16,3.0,6710.52,0,Fiber Internet,4G
CUST-103387,Canal,Port Said,2023-10-11,Two year,278.42,12.09,0.0,Credit card,16,5.0,4085.24,0,Mobile,4G
CUST-103388,Alexandria,Sidi Gaber,2023-10-12,Month-to-month,191.99,5.98,2.0,Cash,16,3.0,3065.2,1,Mobile,3G
CUST-103389,Cairo,Heliopolis,2023-10-13,Month-to-month,529.08,326.81,3.0,Credit card,16,3.0,7881.22,1,Fiber Internet,5G
CUST-103390,Cairo,Nasr City,2023-10-13,Month-to-month,433.98,288.84,4.0,Bank transfer,16,3.0,6610.16,1,Fiber Internet,5G
CUST-103391,Upper Egypt,Sohag,2023-10-13,Month-to-month,166.36,9.45,0.0,Mobile wallet,16,5.0,2867.99,0,Mobile,4G
CUST-103392,Red Sea,Marsa Alam,2023-10-14,Two year,242.72,19.83,1.0,Bank transfer,16,4.0,3781.09,1,Mobile,5G
CUST-103393,Cairo,Maadi,2023-10-14,Month-to-month,718.62,301.72,1.0,Mobile wallet,16,4.0,11415.84,0,Bundle,5G
CUST-103394,Upper Egypt,Sohag,2023-10-14,One year,429.9,378.25,2.0,Mobile wallet,16,3.0,6731.4,0,Fiber Internet,5G
CUST-103395,Canal,Suez,2023-10-14,Two year,483.87,230.97,5.0,Cash,16,3.0,7127.5,1,Fiber Internet,5G
CUST-103396,Cairo,Heliopolis,2023-10-15,Month-to-month,464.61,207.57,1.0,Credit card,16,4.0,7265.48,0,Fiber Internet,4G
CUST-103397,Cairo,Zamalek,2023-10-17,One year,392.68,174.61,2.0,Credit card,16,,6600.09,0,Fiber Internet,5G
CUST-103398,Upper Egypt,Minya,2023-10-17,Month-to-month,330.6,79.65,4.0,Credit card,16,2.0,5066.07,1,Fiber Internet,3G
CUST-103399,Delta,Zagazig,2023-10-17,Month-to-month,152.54,6.58,1.0,Mobile wallet,16,5.0,2461.09,0,Mobile,4G
CUST-103400,Cairo,New Cairo,2023-10-17,Month-to-month,433.74,185.44,5.0,Credit card,16,2.0,6449.04,1,Fiber Internet,4G
CUST-103401,Upper Egypt,Assiut,2023-10-18,Month-to-month,412.32,221.55,1.0,Bank transfer,15,5.0,6364.94,0,Fiber Internet,4G
CUST-103402,Delta,Tanta,2023-10-18,Month-to-month,188.06,13.77,1.0,Cash,15,4.0,2608.25,0,Mobile,5G
CUST-103403,Canal,Ismailia,2023-10-18,Month-to-month,195.55,140.15,,Cash,15,4.0,3151.79,0,DSL Internet,4G
CUST-103404,Canal,Ismailia,2023-10-19,Month-to-month,181.18,11.48,1.0,Cash,15,4.0,2688.57,0,Mobile,4G
CUST-103405,Upper Egypt,Qena,2023-10-20,Month-to-month,132.84,6.79,1.0,Credit card,15,4.0,1916.7,0,Mobile,4G
CUST-103406,Delta,Mansoura,2023-10-20,One year,278.92,97.24,0.0,Mobile wallet,15,5.0,4375.67,0,DSL Internet,4G
CUST-103407,Cairo,Nasr City,2023-10-21,Month-to-month,606.36,260.51,0.0,Credit card,15,5.0,9504.04,0,Bundle,4G
CUST-103408,Delta,Tanta,2023-10-21,Two year,182.82,11.24,1.0,Bank transfer,15,3.0,2734.16,0,Mobile,4G
CUST-103409,Cairo,Heliopolis,2023-10-21,Two year,416.78,132.36,1.0,Bank transfer,15,5.0,6583.67,0,DSL Internet,5G
CUST-103410,Delta,Damanhour,2023-10-23,One year,203.94,17.24,0.0,Cash,15,5.0,3181.82,0,Mobile,5G
CUST-103411,Cairo,Heliopolis,2023-10-23,One year,415.4,91.78,0.0,,15,4.0,6325.67,0,DSL Internet,4G
CUST-103412,Delta,Tanta,2023-10-23,One year,417.93,210.91,0.0,Bank transfer,15,5.0,5857.65,0,Fiber Internet,4G
CUST-103413,Cairo,Nasr City,2023-10-24,One year,281.54,,1.0,Mobile wallet,15,3.0,4244.45,0,DSL Internet,4G
CUST-103414,Cairo,Heliopolis,2023-10-25,Two year,287.15,13.65,0.0,Cash,15,5.0,4308.77,0,Mobile,4G
CUST-103415,Cairo,Heliopolis,2023-10-26,Two year,287.34,3.42,3.0,Credit card,15,,4267.21,0,Mobile,3G
CUST-103416,Delta,Zagazig,2023-10-26,Month-to-month,561.18,129.08,1.0,Cash,15,4.0,8292.9,0,Bundle,4G
CUST-103417,Upper Egypt,Minya,2023-10-26,One year,148.4,9.31,2.0,Credit card,15,,2292.92,0,Mobile,4G
CUST-103418,Cairo,Heliopolis,2023-10-27,Two year,220.74,7.21,0.0,Credit card,15,4.0,3146.22,0,Mobile,5G
CUST-103419,Canal,Suez,2023-10-28,Month-to-month,190.01,11.22,0.0,Cash,15,4.0,2787.19,1,Mobile,4G
CUST-103420,Canal,Suez,2023-10-29,One year,405.34,235.93,0.0,Credit card,15,5.0,6067.85,0,Fiber Internet,4G
CUST-103421,Alexandria,Smouha,2023-10-30,One year,201.94,13.71,0.0,Mobile wallet,15,5.0,2927.07,0,Mobile,4G
CUST-103422,Delta,Zagazig,2023-10-31,One year,592.56,308.9,1.0,Credit card,15,5.0,8785.24,0,Fiber Internet,5G
CUST-103423,Alexandria,Borg El Arab,2023-10-31,Month-to-month,243.0,18.36,0.0,Mobile wallet,15,5.0,3674.02,0,Mobile,5G
CUST-103424,Cairo,New Cairo,2023-10-31,Month-to-month,559.83,234.34,1.0,Mobile wallet,15,3.0,8881.91,0,Fiber Internet,4G
CUST-103425,Delta,Tanta,2023-10-31,Month-to-month,474.14,69.23,3.0,Cash,15,4.0,6826.53,1,Bundle,3G
CUST-103426,Cairo,Nasr City,2023-11-01,One year,508.28,,2.0,Cash,15,3.0,7984.43,0,Fiber Internet,4G
CUST-103427,Canal,Ismailia,2023-11-01,Two year,534.12,323.23,2.0,Mobile wallet,15,4.0,7991.55,0,Fiber Internet,4G
CUST-103428,Canal,Suez,2023-11-02,Two year,583.75,153.3,4.0,Bank transfer,15,2.0,8681.92,0,Fiber Internet,3G
CUST-103429,Upper Egypt,Minya,2023-11-02,Month-to-month,138.75,6.45,0.0,Credit card,15,4.0,2235.84,0,Mobile,4G
CUST-103430,Delta,Tanta,2023-11-02,Month-to-month,226.57,59.25,3.0,Mobile wallet,15,2.0,3379.82,0,DSL Internet,3G
CUST-103431,Delta,Damanhour,2023-11-03,Two year,618.62,348.14,3.0,Mobile wallet,15,3.0,9076.0,0,Bundle,4G
CUST-103432,Red Sea,Sharm El Sheikh,2023-11-03,One year,272.7,139.37,1.0,Credit card,15,4.0,3984.17,0,DSL Internet,4G
CUST-103433,Cairo,Zamalek,2023-11-03,One year,615.86,319.98,3.0,Cash,15,3.0,9346.86,0,Bundle,4G
CUST-103434,Cairo,Heliopolis,2023-11-04,Month-to-month,429.94,164.57,1.0,Bank transfer,15,5.0,6169.45,0,Fiber Internet,5G
CUST-103435,Delta,Damanhour,2023-11-06,Month-to-month,416.73,201.73,2.0,Credit card,15,3.0,6296.73,0,Fiber Internet,4G
CUST-103436,Alexandria,Montazah,2023-11-06,Two year,232.31,13.06,0.0,Cash,15,5.0,3507.5,0,Mobile,4G
CUST-103437,Alexandria,Montazah,2023-11-07,One year,751.17,535.06,0.0,Mobile wallet,15,,11533.99,0,Bundle,5G
CUST-103438,Cairo,Maadi,2023-11-07,Month-to-month,392.91,290.77,2.0,Mobile wallet,15,4.0,5481.15,0,Fiber Internet,5G
CUST-103439,Delta,Tanta,2023-11-08,Two year,157.83,13.08,0.0,Credit card,15,,2178.2,0,Mobile,4G
CUST-103440,Cairo,New Cairo,2023-11-08,One year,367.83,69.99,1.0,Bank transfer,15,4.0,5420.83,0,DSL Internet,4G
CUST-103441,Cairo,Maadi,2023-11-08,Two year,530.52,250.63,2.0,Mobile wallet,15,4.0,7913.41,0,Fiber Internet,4G
CUST-103442,Cairo,Nasr City,2023-11-09,Month-to-month,606.38,268.55,0.0,Credit card,15,5.0,8689.25,0,Bundle,4G
CUST-103443,Alexandria,Sidi Gaber,2023-11-09,Month-to-month,311.11,77.67,3.0,Mobile wallet,15,3.0,4117.13,1,DSL Internet,3G
CUST-103444,Canal,Ismailia,2023-11-10,Two year,604.7,534.64,3.0,Credit card,15,4.0,9227.38,0,Bundle,5G
CUST-103445,Alexandria,Sidi Gaber,2023-11-10,Two year,493.89,154.46,2.0,Credit card,15,3.0,7315.93,0,Fiber Internet,4G
CUST-103446,Delta,Mansoura,2023-11-10,Two year,443.82,294.16,2.0,Credit card,15,3.0,6414.46,1,Fiber Internet,4G
CUST-103447,Upper Egypt,Assiut,2023-11-11,Two year,246.88,116.99,2.0,Bank transfer,15,4.0,3499.39,0,DSL Internet,4G
CUST-103448,Alexandria,Sidi Gaber,2023-11-12,Month-to-month,207.27,9.39,1.0,Credit card,15,3.0,3095.59,0,Mobile,4G
CUST-103449,Upper Egypt,Sohag,2023-11-12,Month-to-month,125.25,5.32,1.0,Mobile wallet,15,5.0,1870.81,1,Mobile,4G
CUST-103450,Upper Egypt,Assiut,2023-11-12,Month-to-month,451.11,200.57,2.0,Mobile wallet,15,3.0,6240.42,1,Bundle,4G
CUST-103451,Delta,Tanta,2023-11-13,Two year,704.07,407.95,2.0,Credit card,15,3.0,10314.59,0,Bundle,5G
CUST-103452,Cairo,Maadi,2023-11-13,Month-to-month,864.33,478.84,2.0,Mobile wallet,15,4.0,13437.95,0,Bundle,5G
CUST-103453,Cairo,Nasr City,2023-11-14,One year,198.01,7.97,2.0,Credit card,15,3.0,3114.93,0,Mobile,4G
CUST-103454,Red Sea,Hurghada,2023-11-15,Two year,256.33,13.84,1.0,Bank transfer,15,3.0,3747.26,0,Mobile,4G
CUST-103455,Upper Egypt,Sohag,2023-11-16,Two year,531.69,272.38,0.0,Cash,15,4.0,7796.14,0,Bundle,5G
CUST-103456,Canal,Suez,2023-11-16,Two year,206.73,14.28,2.0,Mobile wallet,15,4.0,3208.28,0,Mobile,4G
CUST-103457,Canal,Port Said,2023-11-17,One year,409.54,428.34,0.0,Mobile wallet,14,5.0,5802.37,0,Fiber Internet,5G
CUST-103458,Cairo,Nasr City,2023-11-18,One year,263.03,5.06,1.0,Bank transfer,14,4.0,3729.93,0,Mobile,3G
CUST-103459,Upper Egypt,Minya,2023-11-18,Two year,592.84,128.21,0.0,Credit card,14,4.0,8378.33,0,Bundle,3G
CUST-103460,Alexandria,Montazah,2023-11-19,Month-to-month,587.51,304.77,2.0,Mobile wallet,14,4.0,7622.16,1,Fiber Internet,4G
CUST-103461,Upper Egypt,Qena,2023-11-19,Month-to-month,122.64,10.84,1.0,Mobile wallet,14,4.0,1658.26,1,Mobile,5G
CUST-103462,Cairo,Heliopolis,2023-11-19,Two year,460.64,185.57,0.0,,14,5.0,6807.15,0,Fiber Internet,5G
CUST-103463,Cairo,Heliopolis,2023-11-20,One year,303.48,16.82,1.0,Cash,14,3.0,4073.71,0,Mobile,4G
CUST-103464,Upper Egypt,Qena,2023-11-21,One year,234.8,106.95,0.0,Bank transfer,14,4.0,3403.85,0,DSL Internet,5G
CUST-103465,Upper Egypt,Qena,2023-11-22,Month-to-month,324.98,231.62,0.0,Cash,14,5.0,4541.73,0,Fiber Internet,5G
CUST-103466,Delta,Mansoura,2023-11-24,One year,438.92,199.77,1.0,Mobile wallet,14,,5828.8,0,Fiber Internet,5G
CUST-103467,Alexandria,Borg El Arab,2023-11-24,Two year,427.0,231.11,2.0,Credit card,14,2.0,5756.98,0,Fiber Internet,4G
CUST-103468,Alexandria,Sidi Gaber,2023-11-24,One year,219.8,9.12,0.0,Credit card,14,5.0,3026.8,0,Mobile,4G
CUST-103469,Red Sea,Hurghada,2023-11-24,Month-to-month,205.5,18.76,1.0,Mobile wallet,14,3.0,2998.77,0,Mobile,5G
CUST-103470,Alexandria,Montazah,2023-11-24,One year,742.98,251.41,1.0,Bank transfer,14,5.0,9971.42,0,Bundle,4G
CUST-103471,Alexandria,Borg El Arab,2023-11-26,Two year,248.44,9.76,0.0,Mobile wallet,14,5.0,3227.64,0,Mobile,4G
CUST-103472,Delta,Mansoura,2023-11-26,Two year,512.87,234.27,0.0,Mobile wallet,14,5.0,7104.13,0,Fiber Internet,4G
CUST-103473,Alexandria,Smouha,2023-11-27,Month-to-month,194.31,6.88,1.0,Bank transfer,14,4.0,2668.39,0,Mobile,4G
CUST-103474,Delta,Damanhour,2023-11-28,One year,690.4,240.28,2.0,Mobile wallet,14,3.0,10079.53,0,Bundle,3G
CUST-103475,Alexandria,Montazah,2023-11-30,Month-to-month,294.39,,0.0,Mobile wallet,14,4.0,4163.82,0,DSL Internet,4G
CUST-103476,Upper Egypt,Assiut,2023-11-30,Month-to-month,137.81,9.13,0.0,Bank transfer,14,4.0,1984.32,0,Mobile,5G
CUST-103477,Canal,Port Said,2023-11-30,Month-to-month,369.48,145.98,3.0,Cash,14,3.0,4727.66,1,Fiber Internet,4G
CUST-103478,Canal,Ismailia,2023-11-30,One year,415.06,260.22,1.0,Credit card,14,3.0,5527.81,0,Fiber Internet,5G
CUST-103479,Delta,,2023-11-30,One year,285.53,198.29,1.0,Cash,14,4.0,4207.23,0,DSL Internet,5G
CUST-103480,Alexandria,Sidi Gaber,2023-11-30,Month-to-month,487.77,221.44,2.0,Credit card,14,3.0,6191.41,1,Bundle,5G
CUST-103481,Upper Egypt,Minya,2023-12-02,Month-to-month,218.19,75.23,0.0,Credit card,14,4.0,3133.76,0,DSL Internet,4G
CUST-103482,Upper Egypt,Assiut,2023-12-03,Month-to-month,410.79,253.01,1.0,Mobile wallet,14,5.0,5666.4,0,Bundle,5G
CUST-103483,Delta,Tanta,2023-12-04,Month-to-month,324.49,238.67,1.0,Credit card,14,4.0,4662.35,0,Fiber Internet,4G
CUST-103484,Upper Egypt,Sohag,2023-12-04,One year,140.43,10.21,0.0,Bank transfer,14,5.0,1989.77,0,Mobile,4G
CUST-103485,Upper Egypt,Assiut,2023-12-05,Month-to-month,344.43,366.03,3.0,Credit card,14,4.0,4500.54,1,Fiber Internet,5G
CUST-103486,Delta,Damanhour,2023-12-05,Month-to-month,263.79,96.86,0.0,Mobile wallet,14,4.0,3754.11,0,DSL Internet,4G
CUST-103487,Upper Egypt,Assiut,2023-12-05,Two year,159.23,18.41,0.0,Mobile wallet,14,5.0,2207.72,0,Mobile,5G
CUST-103488,Cairo,New Cairo,2023-12-06,Month-to-month,369.16,240.52,2.0,Credit card,14,3.0,4815.8,0,Fiber Internet,4G
CUST-103489,Delta,Mansoura,2023-12-06,Two year,276.17,14.97,0.0,Bank transfer,14,4.0,3911.06,0,Mobile,4G
CUST-103490,Delta,Tanta,2023-12-06,One year,210.3,18.37,1.0,Credit card,14,4.0,3079.1,0,Mobile,5G
CUST-103491,Cairo,Nasr City,2023-12-06,One year,835.42,243.53,2.0,Cash,14,,10841.2,1,Bundle,4G
CUST-103492,Canal,Ismailia,2023-12-07,One year,236.98,18.88,1.0,Credit card,14,4.0,3276.11,0,Mobile,4G
CUST-103493,Delta,Zagazig,2023-12-10,Month-to-month,242.85,,1.0,Mobile wallet,14,4.0,3435.41,0,DSL Internet,5G
CUST-103494,Cairo,Nasr City,2023-12-10,Two year,250.98,13.43,1.0,Mobile wallet,14,4.0,3651.35,0,Mobile,4G
CUST-103495,Upper Egypt,Minya,2023-12-10,Two year,479.12,133.0,1.0,Mobile wallet,14,3.0,6632.27,0,Fiber Internet,3G
CUST-103496,Upper Egypt,Qena,2023-12-11,Month-to-month,541.46,206.48,0.0,Cash,14,5.0,7127.26,0,Bundle,5G
CUST-103497,Upper Egypt,Sohag,2023-12-11,One year,255.3,50.8,1.0,Bank transfer,14,4.0,3596.78,0,DSL Internet,3G
CUST-103498,Alexandria,Smouha,2023-12-11,One year,726.77,280.65,1.0,Mobile wallet,14,,10323.16,0,Bundle,4G
CUST-103499,Canal,Port Said,2023-12-11,Two year,175.03,8.53,0.0,Bank transfer,14,4.0,2467.49,0,Mobile,4G
CUST-103500,Alexandria,Smouha,2023-12-12,Two year,216.05,10.11,2.0,Mobile wallet,14,3.0,2753.08,1,Mobile,4G
CUST-103501,Delta,Mansoura,2023-12-13,Month-to-month,293.12,234.43,0.0,Bank transfer,14,5.0,4158.58,0,DSL Internet,5G
CUST-103502,Cairo,Heliopolis,2023-12-14,Two year,407.59,55.85,2.0,Credit card,14,3.0,5653.57,0,DSL Internet,3G
CUST-103503,Delta,Tanta,2023-12-14,Two year,229.14,86.17,1.0,Credit card,14,4.0,3151.87,0,DSL Internet,5G
CUST-103504,Upper Egypt,Assiut,2023-12-15,One year,220.07,70.9,0.0,Credit card,14,5.0,2828.21,1,DSL Internet,4G
CUST-103505,Delta,Damanhour,2023-12-15,Month-to-month,199.41,12.09,1.0,Cash,14,,2610.27,1,Mobile,4G
CUST-103506,Delta,Zagazig,2023-12-16,Two year,207.45,18.55,1.0,Cash,14,3.0,2727.14,1,Mobile,5G
CUST-103507,Upper Egypt,Qena,2023-12-17,One year,521.2,250.93,1.0,Credit card,14,5.0,6636.38,1,Bundle,4G
CUST-103508,Upper Egypt,Sohag,2023-12-17,Month-to-month,355.02,210.36,1.0,Mobile wallet,14,4.0,4652.01,1,Fiber Internet,4G
CUST-103509,Cairo,Heliopolis,2023-12-18,Two year,363.62,188.11,0.0,Mobile wallet,13,4.0,4799.26,0,DSL Internet,5G
CUST-103510,Red Sea,Marsa Alam,2023-12-18,One year,497.16,251.43,1.0,Bank transfer,13,4.0,6098.94,1,Fiber Internet,5G
CUST-103511,Upper Egypt,Assiut,2023-12-18,Two year,482.42,149.26,0.0,Bank transfer,13,5.0,6392.34,0,Bundle,4G
CUST-103512,Red Sea,Sharm El Sheikh,2023-12-18,One year,804.79,281.58,,Mobile wallet,13,3.0,10160.71,1,Bundle,5G
CUST-103513,Red Sea,Marsa Alam,2023-12-19,Month-to-month,213.26,13.73,0.0,Credit card,13,5.0,2848.47,0,Mobile,5G
CUST-103514,Canal,Suez,2023-12-19,Two year,706.05,327.78,0.0,Mobile wallet,13,5.0,9151.82,1,Bundle,4G
CUST-103515,Upper Egypt,Qena,2023-12-19,One year,174.63,9.46,4.0,Credit card,13,3.0,2363.86,0,Mobile,4G
CUST-103516,Delta,Tanta,2023-12-20,One year,504.98,,0.0,Credit card,13,5.0,6827.26,0,Fiber Internet,4G
CUST-103517,Cairo,Heliopolis,2023-12-20,Month-to-month,711.29,189.5,1.0,Mobile wallet,13,4.0,8116.8,1,Bundle,4G
CUST-103518,Delta,Damanhour,2023-12-20,Month-to-month,183.22,19.76,0.0,Mobile wallet,13,,2265.15,1,Mobile,4G
CUST-103519,Upper Egypt,Assiut,2023-12-20,One year,166.58,6.65,2.0,Cash,13,3.0,2239.26,0,Mobile,4G
CUST-103520,Delta,Damanhour,2023-12-20,Month-to-month,338.6,232.73,1.0,Credit card,13,4.0,4394.02,0,Fiber Internet,5G
CUST-103521,Canal,Suez,2023-12-20,Two year,627.65,321.94,0.0,Mobile wallet,13,4.0,7491.11,0,Bundle,4G
CUST-103522,Cairo,Maadi,2023-12-21,Two year,274.02,6.73,3.0,Cash,13,2.0,3230.37,0,Mobile,3G
CUST-103523,Alexandria,Montazah,2023-12-21,One year,328.12,87.77,0.0,Mobile wallet,13,,3893.41,1,DSL Internet,4G
CUST-103524,Delta,Zagazig,2023-12-21,Month-to-month,459.01,134.28,4.0,Cash,13,2.0,5838.73,0,Fiber Internet,3G
CUST-103525,Alexandria,Borg El Arab,2023-12-21,One year,196.29,6.4,3.0,Cash,13,4.0,2399.54,0,Mobile,4G
CUST-103526,Cairo,New Cairo,2023-12-22,Month-to-month,320.97,185.67,0.0,Cash,13,5.0,4237.22,0,DSL Internet,4G
CUST-103527,Cairo,Zamalek,2023-12-22,Two year,583.86,246.71,1.0,Cash,13,4.0,7246.05,0,Fiber Internet,4G
CUST-103528,Upper Egypt,Minya,2023-12-22,One year,285.23,93.94,1.0,Mobile wallet,13,5.0,3460.92,0,DSL Internet,4G
CUST-103529,Delta,Tanta,2023-12-23,Two year,295.63,37.38,1.0,Mobile wallet,13,5.0,4160.38,0,DSL Internet,3G
CUST-103530,Cairo,,2023-12-23,Month-to-month,706.14,183.16,1.0,Cash,13,3.0,8644.74,1,Bundle,4G
CUST-103531,Cairo,Zamalek,2023-12-23,Month-to-month,310.37,105.87,0.0,Cash,13,5.0,3966.08,0,DSL Internet,4G
CUST-103532,Alexandria,Smouha,2023-12-24,Two year,216.17,26.17,2.0,Credit card,13,3.0,2651.43,0,Mobile,5G
CUST-103533,Cairo,New Cairo,2023-12-25,One year,279.73,107.23,1.0,Bank transfer,13,4.0,3507.66,0,DSL Internet,4G
CUST-103534,Upper Egypt,Sohag,2023-12-25,Two year,339.25,172.02,0.0,Bank transfer,13,4.0,4300.43,0,Fiber Internet,4G
CUST-103535,Upper Egypt,Sohag,2023-12-26,Two year,177.95,5.51,1.0,Cash,13,3.0,2263.05,0,Mobile,3G
CUST-103536,Cairo,Heliopolis,2023-12-27,One year,560.64,447.8,3.0,,13,3.0,7194.25,0,Fiber Internet,4G
CUST-103537,Delta,Damanhour,2023-12-27,Month-to-month,244.79,79.78,0.0,Bank transfer,13,4.0,3031.94,0,DSL Internet,4G
CUST-103538,Cairo,Maadi,2023-12-28,One year,267.79,19.01,3.0,Mobile wallet,13,3.0,3101.2,1,Mobile,4G
CUST-103539,Alexandria,Sidi Gaber,2023-12-28,Two year,525.88,271.05,2.0,Credit card,13,3.0,6368.54,0,Fiber Internet,5G
CUST-103540,Canal,Suez,2023-12-28,Two year,463.0,156.04,1.0,Cash,13,3.0,5542.31,0,Fiber Internet,4G
CUST-103541,Delta,Tanta,2023-12-28,Month-to-month,160.98,8.13,0.0,Mobile wallet,13,5.0,1964.2,0,Mobile,4G
CUST-103542,Canal,Suez,2023-12-28,One year,625.43,336.02,0.0,Credit card,13,5.0,7932.27,0,Bundle,5G
CUST-103543,Cairo,Heliopolis,2023-12-28,Month-to-month,205.21,16.93,0.0,Bank transfer,13,5.0,2634.87,0,Mobile,5G
CUST-103544,Alexandria,Borg El Arab,2023-12-29,One year,343.28,57.47,1.0,Cash,13,5.0,4545.7,0,DSL Internet,4G
CUST-103545,Alexandria,Sidi Gaber,2023-12-30,Two year,321.19,115.14,0.0,Mobile wallet,13,4.0,4244.82,0,DSL Internet,4G
CUST-103546,Delta,Damanhour,2023-12-31,Two year,470.17,89.52,4.0,Bank transfer,13,2.0,6264.72,0,Fiber Internet,3G
CUST-103547,Red Sea,Marsa Alam,2023-12-31,Month-to-month,431.47,214.05,1.0,Bank transfer,13,5.0,5114.48,1,Fiber Internet,5G
CUST-103548,Cairo,Nasr City,2023-12-31,Month-to-month,245.75,7.59,0.0,Cash,13,4.0,3278.5,0,Mobile,4G
CUST-103549,Canal,Ismailia,2023-12-31,Month-to-month,209.27,8.96,0.0,Mobile wallet,13,5.0,2487.27,0,Mobile,4G
CUST-103550,Canal,Ismailia,2024-01-02,Month-to-month,338.46,132.54,3.0,Mobile wallet,13,3.0,4159.61,1,Fiber Internet,4G
CUST-103551,Delta,,2024-01-04,Month-to-month,174.13,7.74,0.0,Bank transfer,13,4.0,2260.09,0,Mobile,4G
CUST-103552,Alexandria,Borg El Arab,2024-01-05,Two year,317.15,96.83,2.0,Cash,13,3.0,4281.55,0,DSL Internet,5G
CUST-103553,Delta,Tanta,2024-01-05,Month-to-month,400.43,98.61,3.0,Mobile wallet,13,3.0,4647.56,0,Fiber Internet,3G
CUST-103554,Cairo,Nasr City,2024-01-05,Month-to-month,228.56,8.39,1.0,Bank transfer,13,4.0,3079.68,0,Mobile,4G
CUST-103555,Upper Egypt,Minya,2024-01-05,One year,115.67,2.22,2.0,Cash,13,4.0,1405.89,0,Mobile,3G
CUST-103556,Delta,Mansoura,2024-01-05,Month-to-month,565.73,272.56,0.0,Cash,13,4.0,7683.73,0,Bundle,5G
CUST-103557,Canal,Ismailia,2024-01-06,Month-to-month,201.79,7.73,1.0,Mobile wallet,13,4.0,2339.82,1,Mobile,4G
CUST-103558,Delta,Zagazig,2024-01-06,Two year,326.71,163.64,2.0,Mobile wallet,13,4.0,4317.81,0,DSL Internet,5G
CUST-103559,Delta,Zagazig,2024-01-06,Month-to-month,145.18,6.54,1.0,Bank transfer,13,3.0,1736.15,1,Mobile,4G
CUST-103560,Upper Egypt,Sohag,2024-01-06,Month-to-month,457.08,123.55,0.0,Mobile wallet,13,3.0,6183.25,0,Bundle,4G
CUST-103561,Delta,Tanta,2024-01-07,One year,396.92,132.54,1.0,Credit card,13,4.0,5191.17,0,Fiber Internet,4G
CUST-103562,Canal,Suez,2024-01-07,Month-to-month,308.93,86.48,0.0,Mobile wallet,13,5.0,4268.35,0,Fiber Internet,4G
CUST-103563,Cairo,Maadi,2024-01-07,Month-to-month,463.06,271.08,5.0,Bank transfer,13,2.0,5846.4,0,Fiber Internet,4G
CUST-103564,Red Sea,Sharm El Sheikh,2024-01-07,Month-to-month,177.72,13.17,0.0,Bank transfer,13,4.0,2214.72,0,Mobile,4G
CUST-103565,Upper Egypt,Minya,2024-01-07,Month-to-month,222.34,130.32,0.0,Cash,13,4.0,2814.86,0,DSL Internet,4G
CUST-103566,Canal,Suez,2024-01-08,Two year,163.76,7.06,1.0,Credit card,13,4.0,2182.81,0,Mobile,4G
CUST-103567,Delta,Mansoura,2024-01-08,Month-to-month,144.43,16.51,0.0,Cash,13,4.0,1928.27,0,Mobile,5G
CUST-103568,Upper Egypt,Minya,2024-01-08,Month-to-month,137.55,8.42,2.0,Bank transfer,13,3.0,1696.09,0,Mobile,4G
CUST-103569,Alexandria,Montazah,2024-01-08,Month-to-month,484.86,225.52,4.0,,13,3.0,5620.95,1,Fiber Internet,5G
CUST-103570,Upper Egypt,Assiut,2024-01-08,Two year,736.43,320.01,2.0,Credit card,13,4.0,9684.03,0,Bundle,5G
CUST-103571,Cairo,Heliopolis,2024-01-09,Month-to-month,224.38,9.97,1.0,Bank transfer,13,3.0,3062.25,0,Mobile,4G
CUST-103572,Alexandria,Smouha,2024-01-09,Two year,599.85,130.93,3.0,Bank transfer,13,4.0,7578.98,0,Bundle,3G
CUST-103573,Alexandria,Sidi Gaber,2024-01-09,Month-to-month,248.75,102.7,0.0,Bank transfer,13,4.0,3049.23,0,DSL Internet,4G
CUST-103574,Alexandria,Montazah,2024-01-10,Two year,241.74,16.03,0.0,Mobile wallet,13,5.0,3268.72,0,Mobile,5G
CUST-103575,Alexandria,Montazah,2024-01-10,Month-to-month,155.84,7.33,0.0,Mobile wallet,13,5.0,1884.25,0,Mobile,4G
CUST-103576,Upper Egypt,Minya,2024-01-10,Month-to-month,168.54,12.89,1.0,Credit card,13,4.0,2238.34,0,Mobile,4G
CUST-103577,Cairo,Zamalek,2024-01-11,One year,247.07,10.86,1.0,Bank transfer,13,4.0,2933.3,0,Mobile,4G
CUST-103578,Upper Egypt,Assiut,2024-01-12,Month-to-month,209.61,77.62,0.0,Credit card,13,3.0,2503.21,1,DSL Internet,4G
CUST-103579,Cairo,New Cairo,2024-01-12,One year,434.78,95.03,1.0,Credit card,13,4.0,5572.28,0,Fiber Internet,3G
CUST-103580,Upper Egypt,Sohag,2024-01-12,One year,182.55,8.79,0.0,Credit card,13,4.0,2298.87,0,Mobile,4G
CUST-103581,Upper Egypt,Sohag,2024-01-12,One year,212.18,54.76,1.0,Mobile wallet,13,4.0,2917.17,0,DSL Internet,4G
CUST-103582,Alexandria,Borg El Arab,2024-01-12,Month-to-month,192.66,6.99,1.0,Mobile wallet,13,5.0,2496.23,0,Mobile,4G
CUST-103583,Upper Egypt,Sohag,2024-01-12,One year,496.87,421.45,0.0,Cash,13,4.0,6415.84,0,Bundle,4G
CUST-103584,Canal,Suez,2024-01-12,Month-to-month,326.66,133.41,2.0,Mobile wallet,13,3.0,4202.96,0,Fiber Internet,5G
CUST-103585,Upper Egypt,Minya,2024-01-12,Two year,168.69,9.33,0.0,Mobile wallet,13,4.0,2125.6,0,Mobile,4G
CUST-103586,Alexandria,Montazah,2024-01-13,One year,410.49,196.31,1.0,Bank transfer,13,4.0,5726.49,0,Fiber Internet,4G
CUST-103587,Delta,Zagazig,2024-01-14,One year,167.42,11.59,0.0,Credit card,13,4.0,2143.65,0,Mobile,4G
CUST-103588,Upper Egypt,Assiut,2024-01-14,Two year,571.49,249.11,3.0,Mobile wallet,13,3.0,7366.67,1,Bundle,4G
CUST-103589,Cairo,Zamalek,2024-01-14,One year,607.56,411.03,2.0,Bank transfer,13,3.0,7049.96,1,Fiber Internet,4G
CUST-103590,Upper Egypt,Assiut,2024-01-14,One year,506.03,121.12,3.0,Credit card,13,3.0,6583.18,0,Bundle,3G
CUST-103591,Alexandria,Montazah,2024-01-15,Month-to-month,520.12,453.88,2.0,Cash,13,3.0,6632.23,0,Bundle,5G
CUST-103592,Upper Egypt,Minya,2024-01-15,One year,348.41,312.84,1.0,Credit card,13,4.0,4383.76,0,Fiber Internet,5G
CUST-103593,Cairo,Zamalek,2024-01-15,Month-to-month,284.87,160.84,0.0,Credit card,13,4.0,3675.31,0,DSL Internet,4G
CUST-103594,Cairo,New Cairo,2024-01-15,Month-to-month,363.76,237.78,1.0,Cash,13,4.0,5043.77,0,Fiber Internet,5G
CUST-103595,Red Sea,Hurghada,2024-01-15,Two year,246.22,12.63,0.0,Bank transfer,13,,3365.72,0,Mobile,4G
CUST-103596,Canal,Suez,2024-01-15,Month-to-month,429.68,237.23,0.0,Bank transfer,13,4.0,5591.32,0,Bundle,5G
CUST-103597,Canal,Ismailia,2024-01-15,One year,459.16,201.0,1.0,Credit card,13,3.0,5642.76,0,Fiber Internet,4G
CUST-103598,Red Sea,Marsa Alam,2024-01-15,Month-to-month,521.5,223.24,2.0,Bank transfer,13,3.0,6338.6,1,Bundle,4G
CUST-103599,Alexandria,Smouha,2024-01-15,Month-to-month,371.62,48.73,2.0,Cash,13,3.0,4728.84,0,Fiber Internet,3G
CUST-103600,Cairo,Heliopolis,2024-01-16,Two year,276.62,6.41,0.0,Mobile wallet,13,4.0,3457.24,0,Mobile,3G
CUST-103601,Cairo,Heliopolis,2024-01-16,Month-to-month,216.56,19.4,1.0,Bank transfer,13,,2887.2,0,Mobile,5G
CUST-103602,Delta,Tanta,2024-01-17,One year,137.58,4.97,0.0,Bank transfer,12,4.0,1566.38,0,Mobile,4G
CUST-103603,Cairo,Zamalek,2024-01-17,One year,220.42,7.71,0.0,Bank transfer,12,4.0,2656.03,0,Mobile,4G
CUST-103604,Canal,Suez,2024-01-18,Two year,309.26,151.72,1.0,Mobile wallet,12,3.0,3777.41,0,DSL Internet,4G
CUST-103605,Cairo,Heliopolis,2024-01-18,Month-to-month,197.74,20.85,1.0,Credit card,12,4.0,2232.47,1,Mobile,5G
CUST-103606,Cairo,New Cairo,2024-01-18,Two year,753.58,224.8,0.0,Credit card,12,5.0,8579.01,0,Bundle,4G
CUST-103607,Cairo,Maadi,2024-01-18,Month-to-month,517.7,219.54,3.0,Mobile wallet,12,,6627.86,0,Fiber Internet,4G
CUST-103608,Cairo,Nasr City,2024-01-18,Month-to-month,504.7,199.96,3.0,Cash,12,2.0,6121.0,0,Fiber Internet,4G
CUST-103609,Cairo,New Cairo,2024-01-18,Month-to-month,187.31,13.17,0.0,Cash,12,5.0,2245.3,0,Mobile,4G
CUST-103610,Delta,Tanta,2024-01-18,Month-to-month,165.35,7.23,1.0,Cash,12,4.0,1720.42,1,Mobile,4G
CUST-103611,Alexandria,Borg El Arab,2024-01-19,One year,467.15,173.09,2.0,Mobile wallet,12,3.0,5414.86,0,Fiber Internet,4G
CUST-103612,Delta,Damanhour,2024-01-19,Month-to-month,201.82,21.14,0.0,Cash,12,5.0,2384.46,0,Mobile,5G
CUST-103613,Canal,Ismailia,2024-01-19,Month-to-month,404.3,188.08,0.0,Cash,12,5.0,4840.46,0,Fiber Internet,5G
CUST-103614,Delta,Mansoura,2024-01-19,One year,432.66,158.28,0.0,Credit card,12,4.0,5257.17,0,Fiber Internet,4G
CUST-103615,Upper Egypt,Qena,2024-01-20,One year,167.9,8.92,1.0,Bank transfer,12,3.0,1983.92,0,Mobile,4G
CUST-103616,Alexandria,Montazah,2024-01-20,Month-to-month,420.66,412.71,0.0,Credit card,12,4.0,5334.25,0,Fiber Internet,5G
CUST-103617,Cairo,Heliopolis,2024-01-20,Month-to-month,194.92,6.65,0.0,Cash,12,5.0,2300.79,0,Mobile,4G
CUST-103618,Alexandria,Borg El Arab,2024-01-21,Month-to-month,199.42,11.33,1.0,Cash,12,4.0,2408.68,0,Mobile,5G
CUST-103619,Red Sea,Marsa Alam,2024-01-21,One year,349.03,139.46,1.0,Cash,12,4.0,4373.79,0,DSL Internet,4G
CUST-103620,Delta,Damanhour,2024-01-22,Two year,247.0,20.38,2.0,Bank transfer,12,5.0,2895.31,0,Mobile,5G
CUST-103621,Cairo,Nasr City,2024-01-22,One year,260.63,12.43,0.0,Cash,12,5.0,2952.78,0,Mobile,4G
CUST-103622,Alexandria,Montazah,2024-01-22,One year,533.18,297.83,1.0,Credit card,12,4.0,6284.34,0,Fiber Internet,5G
CUST-103623,Upper Egypt,Sohag,2024-01-22,Month-to-month,374.88,172.83,1.0,Credit card,12,3.0,4657.34,0,Fiber Internet,4G
CUST-103624,Delta,Mansoura,2024-01-23,Two year,550.45,200.53,1.0,Mobile wallet,12,4.0,6615.53,0,Bundle,5G
CUST-103625,Delta,Tanta,2024-01-23,Month-to-month,429.05,188.22,1.0,Cash,12,4.0,4841.53,1,Bundle,4G
CUST-103626,Canal,Suez,2024-01-23,Month-to-month,220.58,132.08,0.0,Cash,12,5.0,2504.8,0,DSL Internet,4G
CUST-103627,Delta,Mansoura,2024-01-23,Month-to-month,419.11,120.96,0.0,Bank transfer,12,5.0,4698.63,0,Fiber Internet,4G
CUST-103628,Delta,Zagazig,2024-01-23,Month-to-month,455.8,82.86,1.0,Bank transfer,12,4.0,5590.06,0,Fiber Internet,3G
CUST-103629,Cairo,Heliopolis,2024-01-23,Two year,277.72,10.82,0.0,Bank transfer,12,4.0,3375.38,0,Mobile,4G
CUST-103630,Cairo,Maadi,2024-01-24,Month-to-month,654.52,221.99,0.0,,12,4.0,6927.77,1,Bundle,4G
CUST-103631,Red Sea,Hurghada,2024-01-24,Month-to-month,585.69,572.32,3.0,Cash,12,4.0,6139.79,1,Fiber Internet,5G
CUST-103632,Delta,Damanhour,2024-01-24,Month-to-month,155.36,8.9,1.0,Bank transfer,12,4.0,1849.88,0,Mobile,5G
CUST-103633,Alexandria,Montazah,2024-01-24,Two year,440.37,192.13,0.0,Credit card,12,,5268.85,0,Fiber Internet,5G
CUST-103634,Delta,Zagazig,2024-01-25,Two year,290.0,129.24,0.0,Bank transfer,12,4.0,3306.28,0,DSL Internet,4G
CUST-103635,Cairo,Nasr City,2024-01-25,Two year,690.93,210.05,1.0,Mobile wallet,12,5.0,8258.69,0,Fiber Internet,4G
CUST-103636,Upper Egypt,Assiut,2024-01-26,Two year,154.24,10.23,2.0,Cash,12,3.0,1596.28,1,Mobile,4G
CUST-103637,Cairo,Nasr City,2024-01-26,Two year,613.96,221.16,1.0,Credit card,12,4.0,7171.56,0,Bundle,4G
CUST-103638,Upper Egypt,Assiut,2024-01-26,Month-to-month,147.67,8.99,0.0,Credit card,12,,1676.89,0,Mobile,4G
CUST-103639,Delta,Damanhour,2024-01-27,Month-to-month,564.37,200.39,0.0,Cash,12,4.0,6735.44,0,Bundle,5G
CUST-103640,Cairo,Maadi,2024-01-27,Month-to-month,308.4,166.24,0.0,Mobile wallet,12,5.0,3301.83,1,Fiber Internet,4G
CUST-103641,Cairo,Zamalek,2024-01-27,Month-to-month,754.05,159.08,0.0,Bank transfer,12,3.0,9527.24,0,Bundle,3G
CUST-103642,Upper Egypt,Qena,2024-01-28,One year,415.52,165.36,0.0,Credit card,12,4.0,5041.62,0,Bundle,4G
CUST-103643,Cairo,New Cairo,2024-01-28,Month-to-month,235.31,7.5,0.0,Cash,12,5.0,2672.42,0,Mobile,4G
CUST-103644,Cairo,Maadi,2024-01-28,Month-to-month,230.0,51.18,3.0,Mobile wallet,12,3.0,2619.45,1,DSL Internet,3G
CUST-103645,Upper Egypt,Sohag,2024-01-28,One year,131.28,8.97,0.0,Credit card,12,5.0,1561.19,0,Mobile,4G
CUST-103646,Alexandria,Sidi Gaber,2024-01-28,Month-to-month,203.3,4.6,2.0,Credit card,12,3.0,2301.48,1,Mobile,3G
CUST-103647,Alexandria,Smouha,2024-01-29,Month-to-month,217.91,4.85,4.0,Credit card,12,2.0,2270.35,1,Mobile,3G
CUST-103648,Cairo,Zamalek,2024-01-29,Month-to-month,501.19,374.8,1.0,Credit card,12,4.0,5639.55,1,Fiber Internet,5G
CUST-103649,Canal,Ismailia,2024-01-29,One year,254.56,27.78,1.0,Credit card,12,4.0,3026.68,1,Mobile,5G
CUST-103650,Cairo,Maadi,2024-01-29,Month-to-month,435.08,244.58,1.0,Credit card,12,4.0,5337.19,0,Fiber Internet,4G
CUST-103651,Cairo,Heliopolis,2024-01-29,Month-to-month,578.99,241.24,0.0,Credit card,12,4.0,6775.51,0,Bundle,4G
CUST-103652,Alexandria,Montazah,2024-01-29,Month-to-month,562.41,205.13,1.0,Bank transfer,12,3.0,7051.99,0,Bundle,4G
CUST-103653,Cairo,Nasr City,2024-01-30,One year,226.88,15.22,4.0,Mobile wallet,12,3.0,2645.13,0,Mobile,5G
CUST-103654,Alexandria,Montazah,2024-01-30,Month-to-month,455.24,127.96,3.0,Bank transfer,12,3.0,5099.01,1,Fiber Internet,4G
CUST-103655,Cairo,New Cairo,2024-01-30,Month-to-month,194.28,9.06,1.0,Cash,12,4.0,2326.84,1,Mobile,4G
CUST-103656,Cairo,Zamalek,2024-01-30,Two year,272.24,16.82,1.0,Credit card,12,4.0,3187.82,0,Mobile,4G
CUST-103657,Alexandria,Montazah,2024-01-31,Two year,738.94,391.97,1.0,Cash,12,5.0,9039.6,0,Bundle,5G
CUST-103658,Canal,Suez,2024-01-31,Month-to-month,660.98,112.64,1.0,Cash,12,4.0,8559.8,0,Bundle,3G
CUST-103659,Cairo,Zamalek,2024-01-31,Month-to-month,201.34,,1.0,Cash,12,5.0,2508.7,0,Mobile,4G
CUST-103660,Cairo,Zamalek,2024-01-31,Month-to-month,224.47,10.4,1.0,Credit card,12,4.0,2767.75,0,Mobile,4G
CUST-103661,Canal,Ismailia,2024-02-01,One year,209.4,6.91,0.0,Credit card,12,4.0,2312.78,0,Mobile,4G
CUST-103662,Canal,Ismailia,2024-02-01,Month-to-month,409.4,74.04,2.0,Mobile wallet,12,3.0,4718.58,0,Fiber Internet,3G
CUST-103663,Delta,Zagazig,2024-02-01,Two year,189.03,21.39,3.0,Credit card,12,3.0,2344.71,0,Mobile,5G
CUST-103664,Cairo,Nasr City,2024-02-01,Two year,185.51,6.74,1.0,Credit card,12,4.0,2196.27,0,Mobile,4G
CUST-103665,Alexandria,Sidi Gaber,2024-02-01,One year,490.54,228.77,4.0,Credit card,12,3.0,5764.08,0,Fiber Internet,5G
CUST-103666,Cairo,Zamalek,2024-02-01,Month-to-month,231.7,17.0,1.0,Mobile wallet,12,3.0,2666.06,1,Mobile,5G
CUST-103667,Cairo,,2024-02-01,Two year,782.84,243.62,0.0,Cash,12,5.0,9633.11,0,Bundle,4G
CUST-103668,Alexandria,Sidi Gaber,2024-02-02,One year,269.86,145.2,1.0,Credit card,12,4.0,2867.84,1,DSL Internet,5G
CUST-103669,Delta,Tanta,2024-02-02,Two year,354.53,300.29,2.0,Cash,12,4.0,4379.62,0,Fiber Internet,5G
CUST-103670,Alexandria,Borg El Arab,2024-02-02,Month-to-month,464.92,121.51,4.0,Cash,12,3.0,4912.1,1,Fiber Internet,4G
CUST-103671,Delta,Mansoura,2024-02-02,One year,569.37,279.09,1.0,Credit card,12,4.0,6390.57,0,Bundle,4G
CUST-103672,Cairo,Maadi,2024-02-03,Two year,299.34,15.64,2.0,Bank transfer,12,5.0,3633.54,0,Mobile,5G
CUST-103673,Alexandria,Smouha,2024-02-03,Two year,560.13,292.81,2.0,Credit card,12,4.0,6380.24,0,Bundle,5G
CUST-103674,Upper Egypt,Assiut,2024-02-04,One year,152.49,20.68,1.0,,12,4.0,1735.7,0,Mobile,5G
CUST-103675,Canal,Ismailia,2024-02-04,One year,500.17,133.45,,Mobile wallet,12,4.0,5749.21,0,Bundle,4G
CUST-103676,Alexandria,Sidi Gaber,2024-02-04,Month-to-month,213.25,17.54,0.0,Mobile wallet,12,4.0,2572.27,0,Mobile,5G
CUST-103677,Delta,Damanhour,2024-02-04,One year,305.61,149.22,0.0,Mobile wallet,12,5.0,3777.26,0,DSL Internet,4G
CUST-103678,Cairo,New Cairo,2024-02-04,Two year,316.9,10.89,0.0,Bank transfer,12,4.0,3752.47,0,Mobile,4G
CUST-103679,Cairo,New Cairo,2024-02-05,One year,366.6,98.9,0.0,Cash,12,,4180.44,0,DSL Internet,4G
CUST-103680,Upper Egypt,Minya,2024-02-05,Month-to-month,378.07,149.72,2.0,Cash,12,3.0,4325.23,0,Fiber Internet,4G
CUST-103681,Cairo,Zamalek,2024-02-05,Month-to-month,227.24,8.62,0.0,Mobile wallet,12,4.0,2340.26,1,Mobile,4G
CUST-103682,Alexandria,Montazah,2024-02-05,One year,322.79,163.5,3.0,Bank transfer,12,3.0,3978.19,0,DSL Internet,5G
CUST-103683,Delta,Damanhour,2024-02-05,Two year,195.61,12.47,0.0,Credit card,12,4.0,2258.65,0,Mobile,4G
CUST-103684,Cairo,Nasr City,2024-02-06,Month-to-month,542.15,193.0,4.0,Credit card,12,2.0,6007.49,1,Fiber Internet,4G
CUST-103685,Cairo,Zamalek,2024-02-06,Month-to-month,274.88,,1.0,Credit card,12,3.0,2799.98,1,Mobile,4G
CUST-103686,Alexandria,Smouha,2024-02-06,Two year,329.55,170.73,0.0,Mobile wallet,12,4.0,4148.64,0,DSL Internet,4G
CUST-103687,Red Sea,Sharm El Sheikh,2024-02-07,One year,710.87,162.73,3.0,Cash,12,2.0,7801.7,1,Bundle,3G
CUST-103688,Delta,Tanta,2024-02-07,Month-to-month,394.61,201.73,1.0,Cash,12,5.0,4429.62,0,Fiber Internet,4G
CUST-103689,Alexandria,Montazah,2024-02-07,Month-to-month,266.53,117.29,0.0,Credit card,12,4.0,3115.17,0,DSL Internet,5G
CUST-103690,Cairo,Zamalek,2024-02-07,Month-to-month,690.48,115.97,1.0,Bank transfer,12,4.0,8331.1,0,Bundle,4G
CUST-103691,Delta,Mansoura,2024-02-07,Month-to-month,232.48,151.84,0.0,Credit card,12,5.0,2685.83,0,DSL Internet,5G
CUST-103692,Cairo,Zamalek,2024-02-07,One year,273.03,15.3,1.0,Cash,12,3.0,3317.92,0,Mobile,4G
CUST-103693,Delta,Mansoura,2024-02-07,One year,482.91,213.45,1.0,Cash,12,4.0,6080.47,0,Fiber Internet,4G
CUST-103694,Upper Egypt,Assiut,2024-02-08,One year,208.15,18.98,1.0,Mobile wallet,12,5.0,2584.47,0,Mobile,5G
CUST-103695,Alexandria,Sidi Gaber,2024-02-08,One year,483.79,168.59,1.0,Mobile wallet,12,4.0,5788.8,0,Fiber Internet,4G
CUST-103696,Cairo,Heliopolis,2024-02-08,Month-to-month,223.12,17.72,1.0,Mobile wallet,12,,2825.35,0,Mobile,5G
CUST-103697,Cairo,Maadi,2024-02-08,Month-to-month,320.6,171.09,2.0,Credit card,12,3.0,3869.87,0,DSL Internet,4G
CUST-103698,Cairo,Maadi,2024-02-08,Month-to-month,514.8,367.49,3.0,Credit card,12,4.0,6134.4,0,Fiber Internet,5G
CUST-103699,Alexandria,Borg El Arab,2024-02-08,Month-to-month,503.56,305.76,2.0,Bank transfer,12,3.0,5506.28,1,Fiber Internet,4G
CUST-103700,Canal,Ismailia,2024-02-09,One year,153.11,17.47,0.0,Credit card,12,5.0,1840.19,0,Mobile,5G
CUST-103701,Cairo,New Cairo,2024-02-09,Month-to-month,227.93,7.36,1.0,Mobile wallet,12,4.0,2777.37,0,Mobile,4G
CUST-103702,Delta,Damanhour,2024-02-09,One year,331.51,,0.0,Bank transfer,12,4.0,3827.92,0,DSL Internet,4G
CUST-103703,Upper Egypt,Sohag,2024-02-10,Month-to-month,403.64,79.66,3.0,Mobile wallet,12,3.0,5053.63,0,Fiber Internet,3G
CUST-103704,Cairo,Heliopolis,2024-02-10,Month-to-month,777.64,287.95,2.0,Mobile wallet,12,3.0,9797.4,0,Bundle,5G
CUST-103705,Cairo,Zamalek,2024-02-10,Month-to-month,556.71,201.24,0.0,Mobile wallet,12,5.0,6716.98,1,Fiber Internet,4G
CUST-103706,Alexandria,Sidi Gaber,2024-02-10,One year,191.87,15.93,2.0,Cash,12,3.0,2139.83,0,Mobile,4G
CUST-103707,Delta,Tanta,2024-02-10,One year,237.56,75.76,0.0,Bank transfer,12,,2849.02,0,DSL Internet,4G
CUST-103708,Alexandria,Sidi Gaber,2024-02-11,Two year,289.53,60.44,1.0,Mobile wallet,12,,3356.19,0,DSL Internet,4G
CUST-103709,Upper Egypt,,2024-02-11,Month-to-month,125.2,6.56,0.0,Credit card,12,5.0,1410.26,1,Mobile,5G
CUST-103710,Canal,Suez,2024-02-11,One year,314.89,181.82,1.0,Mobile wallet,12,5.0,3956.33,0,DSL Internet,5G
CUST-103711,Upper Egypt,Sohag,2024-02-11,One year,193.42,7.54,1.0,Mobile wallet,12,4.0,2320.45,0,Mobile,4G
CUST-103712,Red Sea,Marsa Alam,2024-02-11,Month-to-month,217.73,8.08,2.0,Credit card,12,5.0,2576.07,0,Mobile,5G
CUST-103713,Upper Egypt,Assiut,2024-02-11,Month-to-month,162.32,5.49,1.0,Credit card,12,3.0,1906.98,0,Mobile,4G
CUST-103714,Canal,Suez,2024-02-12,Month-to-month,425.42,190.95,1.0,,12,4.0,5057.57,0,Fiber Internet,4G
CUST-103715,Upper Egypt,Sohag,2024-02-12,Month-to-month,227.96,,2.0,Mobile wallet,12,2.0,2772.47,0,DSL Internet,4G
CUST-103716,Upper Egypt,Minya,2024-02-12,Two year,125.57,6.12,0.0,Mobile wallet,12,4.0,1526.81,0,Mobile,4G
CUST-103717,Upper Egypt,Assiut,2024-02-12,Month-to-month,220.95,149.34,0.0,Bank transfer,12,4.0,2806.17,0,DSL Internet,5G
CUST-103718,Canal,Suez,2024-02-12,One year,264.87,183.63,1.0,Mobile wallet,12,3.0,3153.6,0,DSL Internet,5G
CUST-103719,Alexandria,Smouha,2024-02-12,One year,206.89,11.37,2.0,Mobile wallet,12,3.0,2570.1,0,Mobile,5G
CUST-103720,Delta,Tanta,2024-02-13,Month-to-month,169.71,12.08,0.0,Credit card,12,4.0,1961.77,0,Mobile,5G
CUST-103721,Delta,Mansoura,2024-02-13,One year,165.27,3.89,4.0,Mobile wallet,12,2.0,1880.69,0,Mobile,3G
CUST-103722,Canal,Port Said,2024-02-13,Month-to-month,151.07,9.36,1.0,Mobile wallet,12,4.0,1884.11,0,Mobile,4G
CUST-103723,Alexandria,Borg El Arab,2024-02-13,One year,584.29,188.61,1.0,Cash,12,4.0,7121.68,0,Bundle,4G
CUST-103724,Upper Egypt,Sohag,2024-02-13,Month-to-month,172.3,71.77,1.0,Bank transfer,12,5.0,2022.93,0,DSL Internet,5G
CUST-103725,Upper Egypt,Assiut,2024-02-14,Month-to-month,124.88,7.08,0.0,Bank transfer,12,4.0,1442.71,0,Mobile,4G
CUST-103726,Red Sea,Hurghada,2024-02-14,Month-to-month,417.24,,0.0,Cash,12,4.0,4909.57,0,Fiber Internet,5G
CUST-103727,Cairo,Maadi,2024-02-14,One year,193.34,11.03,0.0,Cash,12,4.0,2339.39,0,Mobile,4G
CUST-103728,Upper Egypt,Sohag,2024-02-15,One year,173.58,6.53,1.0,Credit card,12,4.0,2095.29,0,Mobile,3G
CUST-103729,Upper Egypt,Minya,2024-02-15,One year,143.41,14.66,0.0,Cash,12,5.0,1620.78,0,Mobile,5G
CUST-103730,Canal,Suez,2024-02-15,Month-to-month,133.09,7.38,1.0,Credit card,12,4.0,1515.44,0,Mobile,4G
CUST-103731,Canal,Ismailia,2024-02-15,Two year,196.25,4.4,0.0,Cash,12,4.0,2367.29,0,Mobile,3G
CUST-103732,Delta,Tanta,2024-02-15,Month-to-month,141.01,5.84,1.0,Credit card,12,4.0,1731.33,0,Mobile,4G
CUST-103733,Delta,Zagazig,2024-02-16,Two year,230.36,9.64,2.0,Bank transfer,11,4.0,2453.5,0,Mobile,5G
CUST-103734,Cairo,Zamalek,2024-02-16,One year,562.03,315.37,2.0,Cash,11,4.0,5829.9,0,Fiber Internet,4G
CUST-103735,Red Sea,Hurghada,2024-02-16,One year,428.25,165.24,1.0,Credit card,11,4.0,4287.48,1,Fiber Internet,4G
CUST-103736,Cairo,Heliopolis,2024-02-16,Month-to-month,230.07,6.41,0.0,Cash,11,4.0,2097.51,1,Mobile,4G
CUST-103737,Upper Egypt,Minya,2024-02-16,One year,381.7,243.79,1.0,Mobile wallet,11,4.0,4133.13,0,Fiber Internet,4G
CUST-103738,Upper Egypt,Minya,2024-02-16,One year,156.78,8.4,0.0,Credit card,11,5.0,1765.53,0,Mobile,4G
CUST-103739,Alexandria,Montazah,2024-02-17,Month-to-month,702.56,344.71,0.0,Cash,11,,7651.93,0,Bundle,4G
CUST-103740,Cairo,Heliopolis,2024-02-17,Two year,220.53,9.59,0.0,Mobile wallet,11,3.0,2273.69,0,Mobile,4G
CUST-103741,Cairo,Zamalek,2024-02-18,Month-to-month,567.13,253.86,0.0,Cash,11,5.0,6614.23,0,Fiber Internet,5G
CUST-103742,Canal,Ismailia,2024-02-18,One year,183.08,10.41,1.0,Cash,11,4.0,2014.34,0,Mobile,4G
CUST-103743,Delta,Zagazig,2024-02-18,One year,181.1,,3.0,Credit card,11,3.0,2008.7,0,Mobile,5G
CUST-103744,Cairo,Maadi,2024-02-18,Two year,531.87,195.25,0.0,Bank transfer,11,5.0,6056.05,0,Fiber Internet,4G
CUST-103745,Upper Egypt,Sohag,2024-02-19,Month-to-month,192.59,114.19,1.0,Bank transfer,11,4.0,1911.91,1,DSL Internet,4G
CUST-103746,Cairo,Nasr City,2024-02-19,Month-to-month,628.71,316.8,1.0,Mobile wallet,11,4.0,6839.6,0,Bundle,4G
CUST-103747,Canal,Ismailia,2024-02-19,One year,339.71,183.8,1.0,Credit card,11,4.0,3920.21,0,Fiber Internet,4G
CUST-103748,Alexandria,Smouha,2024-02-19,Month-to-month,195.9,6.84,0.0,Bank transfer,11,4.0,2084.36,0,Mobile,4G
CUST-103749,Cairo,Maadi,2024-02-20,One year,347.12,79.91,3.0,Cash,11,4.0,3958.02,0,DSL Internet,4G
CUST-103750,Cairo,Heliopolis,2024-02-20,Month-to-month,172.52,12.52,3.0,Credit card,11,4.0,1811.9,0,Mobile,4G
CUST-103751,Delta,Zagazig,2024-02-21,Two year,490.57,104.08,0.0,Mobile wallet,11,4.0,5239.02,0,Fiber Internet,4G
CUST-103752,Alexandria,Borg El Arab,2024-02-21,Month-to-month,693.64,248.67,2.0,Bank transfer,11,3.0,7017.21,1,Bundle,4G
CUST-103753,Upper Egypt,Assiut,2024-02-21,Month-to-month,133.74,7.64,1.0,Credit card,11,,1555.19,0,Mobile,4G
CUST-103754,Alexandria,Borg El Arab,2024-02-21,Month-to-month,392.76,215.01,1.0,Credit card,11,5.0,4345.84,0,Fiber Internet,5G
CUST-103755,Alexandria,Sidi Gaber,2024-02-21,Month-to-month,214.58,10.07,0.0,Credit card,11,3.0,2228.19,0,Mobile,4G
CUST-103756,Cairo,Zamalek,2024-02-21,Month-to-month,225.46,17.33,2.0,Mobile wallet,11,4.0,2318.73,1,Mobile,5G
CUST-103757,Cairo,Zamalek,2024-02-22,Month-to-month,654.71,113.18,3.0,Credit card,11,,6339.09,1,Bundle,3G
CUST-103758,Canal,Port Said,2024-02-22,One year,213.85,19.18,0.0,Cash,11,5.0,2411.92,0,Mobile,5G
CUST-103759,Cairo,Nasr City,2024-02-22,Month-to-month,221.86,12.41,3.0,Cash,11,3.0,2244.11,1,Mobile,4G
CUST-103760,Red Sea,Marsa Alam,2024-02-22,One year,627.79,225.95,1.0,Credit card,11,4.0,6491.02,0,Fiber Internet,4G
CUST-103761,Alexandria,Smouha,2024-02-22,Two year,220.51,8.1,1.0,Cash,11,4.0,2236.88,1,Mobile,4G
CUST-103762,Cairo,New Cairo,2024-02-23,One year,249.91,11.02,2.0,Cash,11,4.0,2613.23,0,Mobile,4G
CUST-103763,Cairo,Zamalek,2024-02-23,Month-to-month,244.81,21.02,0.0,Credit card,11,5.0,2838.55,0,Mobile,4G
CUST-103764,Cairo,Heliopolis,2024-02-23,Month-to-month,340.8,123.9,1.0,Cash,11,4.0,3512.98,0,Fiber Internet,4G
CUST-103765,Upper Egypt,Sohag,2024-02-23,Month-to-month,391.94,393.61,1.0,Bank transfer,11,4.0,3894.4,1,Fiber Internet,5G
CUST-103766,Delta,Mansoura,2024-02-23,One year,244.99,78.04,0.0,Mobile wallet,11,5.0,2592.9,0,DSL Internet,5G
CUST-103767,Alexandria,Borg El Arab,2024-02-23,One year,220.65,8.02,0.0,Credit card,11,4.0,2564.12,0,Mobile,4G
CUST-103768,Delta,Zagazig,2024-02-24,Month-to-month,621.52,291.59,2.0,Cash,11,3.0,6413.2,0,Bundle,5G
CUST-103769,Delta,Damanhour,2024-02-24,Month-to-month,157.71,10.91,1.0,Cash,11,4.0,1896.53,0,Mobile,4G
CUST-103770,Canal,Port Said,2024-02-24,Month-to-month,164.59,8.6,0.0,Cash,11,4.0,1784.33,0,Mobile,4G
CUST-103771,Red Sea,Marsa Alam,2024-02-24,Month-to-month,634.17,355.57,2.0,Cash,11,3.0,6198.55,1,Bundle,4G
CUST-103772,Upper Egypt,Qena,2024-02-25,Two year,435.56,166.99,1.0,Credit card,11,4.0,4939.23,0,Bundle,4G
CUST-103773,Upper Egypt,Sohag,2024-02-25,Month-to-month,188.24,13.25,2.0,Mobile wallet,11,,2067.8,0,Mobile,5G
CUST-103774,Upper Egypt,Minya,2024-02-25,Month-to-month,145.58,10.19,0.0,Bank transfer,11,5.0,1546.93,0,Mobile,5G
CUST-103775,Delta,Tanta,2024-02-26,Month-to-month,620.29,629.35,1.0,Credit card,11,4.0,6013.32,1,Bundle,5G
CUST-103776,Upper Egypt,,2024-02-26,Month-to-month,140.05,5.4,1.0,Credit card,11,3.0,1372.65,1,Mobile,4G
CUST-103777,Cairo,Zamalek,2024-02-26,Month-to-month,215.18,8.76,0.0,Cash,11,4.0,2092.15,1,Mobile,4G
CUST-103778,Upper Egypt,Sohag,2024-02-27,Month-to-month,383.51,182.64,0.0,Mobile wallet,11,4.0,4355.35,0,Fiber Internet,5G
CUST-103779,Red Sea,Sharm El Sheikh,2024-02-27,Month-to-month,547.2,141.4,1.0,Credit card,11,4.0,6039.91,0,Bundle,3G
CUST-103780,Cairo,Maadi,2024-02-27,Month-to-month,493.2,207.41,4.0,Cash,11,3.0,5023.29,1,Fiber Internet,5G
CUST-103781,Upper Egypt,Minya,2024-02-27,One year,422.04,171.6,2.0,Cash,11,4.0,4564.69,0,Fiber Internet,3G
CUST-103782,Canal,Ismailia,2024-02-27,One year,584.93,336.93,0.0,Bank transfer,11,5.0,6600.06,0,Bundle,5G
CUST-103783,Cairo,Maadi,2024-02-27,Month-to-month,200.78,15.94,1.0,Bank transfer,11,4.0,1952.07,1,Mobile,5G
CUST-103784,Delta,Damanhour,2024-02-27,Two year,320.24,69.47,2.0,Mobile wallet,11,4.0,3392.86,0,DSL Internet,3G
CUST-103785,Canal,Suez,2024-02-27,Month-to-month,206.82,9.86,1.0,Mobile wallet,11,4.0,2228.67,0,Mobile,4G
CUST-103786,Red Sea,Marsa Alam,2024-02-28,Two year,420.52,137.96,0.0,Bank transfer,11,5.0,4889.31,0,DSL Internet,4G
CUST-103787,Cairo,Maadi,2024-02-28,Two year,537.61,219.46,1.0,Mobile wallet,11,5.0,5777.47,0,Fiber Internet,4G
CUST-103788,Alexandria,Smouha,2024-02-28,Month-to-month,173.33,14.85,0.0,Credit card,11,5.0,1696.5,1,Mobile,5G
CUST-103789,Upper Egypt,Assiut,2024-02-28,Month-to-month,320.64,116.43,0.0,Mobile wallet,11,5.0,3557.86,0,Fiber Internet,4G
CUST-103790,Cairo,Nasr City,2024-02-28,Two year,859.15,220.44,1.0,Bank transfer,11,4.0,9401.27,0,Bundle,4G
CUST-103791,Alexandria,Smouha,2024-02-28,Month-to-month,369.33,210.45,2.0,Bank transfer,11,3.0,3885.92,0,Fiber Internet,4G
CUST-103792,Cairo,New Cairo,2024-02-28,Month-to-month,182.47,9.08,1.0,Bank transfer,11,4.0,1912.33,0,Mobile,4G
CUST-103793,Cairo,New Cairo,2024-02-28,One year,214.79,5.58,2.0,Mobile wallet,11,3.0,2212.25,1,Mobile,4G
CUST-103794,Delta,Zagazig,2024-02-29,One year,371.91,207.86,2.0,Bank transfer,11,,3896.53,0,Fiber Internet,5G
CUST-103795,Delta,Mansoura,2024-02-29,Two year,503.75,469.09,0.0,Bank transfer,11,4.0,5737.26,0,Fiber Internet,5G
CUST-103796,Delta,Damanhour,2024-02-29,One year,200.81,13.43,0.0,Credit card,11,4.0,1970.58,1,Mobile,5G
CUST-103797,Upper Egypt,Minya,2024-02-29,Two year,161.78,7.12,0.0,Cash,11,4.0,1614.21,0,Mobile,4G
CUST-103798,Alexandria,Montazah,2024-02-29,One year,291.72,65.76,0.0,Credit card,11,4.0,3291.97,0,DSL Internet,4G
CUST-103799,Cairo,New Cairo,2024-03-01,One year,158.6,3.82,2.0,Bank transfer,11,3.0,1800.53,0,Mobile,3G
CUST-103800,Cairo,Heliopolis,2024-03-01,One year,222.7,7.37,2.0,Credit card,11,3.0,2506.74,0,Mobile,4G
CUST-103801,Cairo,Maadi,2024-03-01,Two year,293.41,7.93,2.0,Mobile wallet,11,3.0,3167.32,0,Mobile,3G
CUST-103802,Alexandria,Borg El Arab,2024-03-01,Two year,481.34,110.53,1.0,Bank transfer,11,,5219.45,0,Fiber Internet,3G
CUST-103803,Cairo,Heliopolis,2024-03-01,Two year,674.16,224.63,1.0,Bank transfer,11,4.0,7280.8,0,Bundle,4G
CUST-103804,Cairo,Zamalek,2024-03-01,One year,651.33,194.69,4.0,Cash,11,4.0,6325.46,1,Fiber Internet,4G
CUST-103805,Cairo,Zamalek,2024-03-02,One year,202.47,15.45,0.0,Mobile wallet,11,5.0,2252.17,0,Mobile,4G
CUST-103806,Delta,Damanhour,2024-03-02,Month-to-month,613.68,189.83,0.0,Mobile wallet,11,4.0,6086.41,1,Bundle,4G
CUST-103807,Delta,Tanta,2024-03-02,Two year,266.33,13.91,0.0,Bank transfer,11,4.0,2875.2,0,Mobile,5G
CUST-103808,Canal,Suez,2024-03-02,Month-to-month,536.56,198.5,3.0,Cash,11,2.0,5734.08,0,Bundle,4G
CUST-103809,Upper Egypt,Sohag,2024-03-02,Month-to-month,170.06,12.16,0.0,Cash,11,5.0,1881.71,0,Mobile,5G
CUST-103810,Delta,Zagazig,2024-03-03,Month-to-month,400.11,200.92,0.0,Mobile wallet,11,4.0,4624.38,0,Bundle,4G
CUST-103811,Cairo,New Cairo,2024-03-03,One year,572.61,162.47,5.0,Mobile wallet,11,2.0,5753.35,1,Bundle,3G
CUST-103812,Delta,Tanta,2024-03-03,One year,506.27,264.99,0.0,Cash,11,4.0,5267.12,0,Bundle,4G
CUST-103813,Cairo,Zamalek,2024-03-03,Month-to-month,237.13,12.44,2.0,Cash,11,3.0,2605.88,0,Mobile,3G
CUST-103814,Alexandria,Borg El Arab,2024-03-03,Month-to-month,583.31,136.23,0.0,Credit card,11,5.0,6539.93,0,Bundle,4G
CUST-103815,Alexandria,Borg El Arab,2024-03-04,Month-to-month,264.2,149.29,2.0,Cash,11,4.0,2717.01,1,DSL Internet,5G
CUST-103816,Alexandria,Borg El Arab,2024-03-04,Month-to-month,155.99,10.1,1.0,Mobile wallet,11,4.0,1751.3,0,Mobile,5G
CUST-103817,Cairo,New Cairo,2024-03-05,Month-to-month,491.59,367.26,0.0,Mobile wallet,11,4.0,5436.43,0,Fiber Internet,4G
CUST-103818,Upper Egypt,Minya,2024-03-05,One year,345.94,91.1,3.0,Bank transfer,11,,3834.53,1,Fiber Internet,3G
CUST-103819,Upper Egypt,Sohag,2024-03-05,Month-to-month,400.82,94.69,2.0,Bank transfer,11,3.0,3817.32,1,Bundle,4G
CUST-103820,Upper Egypt,Sohag,2024-03-05,Month-to-month,183.76,123.07,1.0,Cash,11,4.0,2141.82,0,DSL Internet,5G
CUST-103821,Delta,Zagazig,2024-03-05,Month-to-month,392.79,186.07,0.0,Mobile wallet,11,4.0,4014.87,1,Fiber Internet,4G
CUST-103822,Delta,Mansoura,2024-03-06,One year,383.91,212.17,0.0,Credit card,11,4.0,4610.5,0,Fiber Internet,4G
CUST-103823,Cairo,,2024-03-06,Two year,252.35,5.05,2.0,Mobile wallet,11,3.0,2615.0,0,Mobile,3G
CUST-103824,Upper Egypt,Minya,2024-03-06,Month-to-month,263.02,,2.0,Credit card,11,4.0,3071.07,0,Fiber Internet,5G
CUST-103825,Delta,Zagazig,2024-03-06,Month-to-month,252.76,85.88,2.0,,11,4.0,2962.54,0,DSL Internet,4G
CUST-103826,Cairo,Heliopolis,2024-03-06,One year,569.77,100.2,0.0,Mobile wallet,11,4.0,6228.06,0,Fiber Internet,3G
CUST-103827,Alexandria,Montazah,2024-03-07,Month-to-month,262.62,106.03,1.0,Mobile wallet,11,5.0,2790.57,0,DSL Internet,4G
CUST-103828,Canal,Suez,2024-03-07,Two year,491.38,304.98,2.0,Credit card,11,4.0,5864.19,0,Fiber Internet,5G
CUST-103829,Delta,Zagazig,2024-03-07,Two year,217.15,14.06,2.0,Credit card,11,4.0,2309.9,0,Mobile,4G
CUST-103830,Alexandria,Borg El Arab,2024-03-07,One year,242.9,132.41,,Credit card,11,4.0,2783.77,0,DSL Internet,5G
CUST-103831,Delta,Damanhour,2024-03-07,Two year,195.31,16.56,2.0,Mobile wallet,11,4.0,2276.9,0,Mobile,5G
CUST-103832,Alexandria,Borg El Arab,2024-03-08,Month-to-month,484.23,138.33,0.0,Cash,11,4.0,5292.31,0,Bundle,4G
CUST-103833,Alexandria,Sidi Gaber,2024-03-08,Month-to-month,589.82,502.63,3.0,Mobile wallet,11,4.0,6444.58,0,Bundle,5G
CUST-103834,Cairo,Nasr City,2024-03-08,Month-to-month,644.06,278.64,2.0,Mobile wallet,11,4.0,7584.93,0,Bundle,5G
CUST-103835,Alexandria,Montazah,2024-03-08,Month-to-month,581.29,296.08,2.0,Bank transfer,11,4.0,6315.6,0,Bundle,4G
CUST-103836,Upper Egypt,Assiut,2024-03-08,Month-to-month,379.25,262.96,,Credit card,11,4.0,4078.71,0,Fiber Internet,5G
CUST-103837,Cairo,Maadi,2024-03-08,Month-to-month,553.06,227.35,1.0,Cash,11,4.0,5426.92,0,Fiber Internet,4G
CUST-103838,Upper Egypt,Minya,2024-03-09,One year,574.49,281.35,1.0,Mobile wallet,11,4.0,6602.89,0,Bundle,4G
CUST-103839,Cairo,Heliopolis,2024-03-09,Month-to-month,203.19,5.16,0.0,Credit card,11,4.0,2201.7,0,Mobile,4G
CUST-103840,Upper Egypt,Minya,2024-03-09,One year,549.39,265.0,0.0,Mobile wallet,11,4.0,6232.53,0,Bundle,5G
CUST-103841,Delta,Damanhour,2024-03-09,Month-to-month,175.06,16.01,2.0,Mobile wallet,11,4.0,1740.3,1,Mobile,5G
CUST-103842,Delta,Mansoura,2024-03-09,Month-to-month,486.32,354.78,0.0,Bank transfer,11,,5635.28,0,Bundle,4G
CUST-103843,Delta,Damanhour,2024-03-09,Month-to-month,389.07,169.37,0.0,Credit card,11,5.0,4515.18,0,Fiber Internet,4G
CUST-103844,Red Sea,Sharm El Sheikh,2024-03-09,One year,693.82,123.02,1.0,Mobile wallet,11,3.0,6661.93,1,Bundle,4G
CUST-103845,Delta,Tanta,2024-03-09,One year,500.38,268.25,0.0,Credit card,11,4.0,5402.03,0,Fiber Internet,5G
CUST-103846,Upper Egypt,Sohag,2024-03-10,One year,417.3,175.98,5.0,Bank transfer,11,2.0,4270.0,1,Fiber Internet,4G
CUST-103847,Upper Egypt,Minya,2024-03-10,Month-to-month,435.55,257.38,0.0,Cash,11,,5060.74,0,Bundle,4G
CUST-103848,Cairo,Heliopolis,2024-03-10,Month-to-month,202.94,9.93,0.0,Cash,11,5.0,2242.43,0,Mobile,4G
CUST-103849,Cairo,Maadi,2024-03-10,Two year,284.01,4.64,0.0,Bank transfer,11,4.0,3150.89,0,Mobile,3G
CUST-103850,Alexandria,Smouha,2024-03-10,Month-to-month,220.1,7.61,2.0,Credit card,11,3.0,2454.85,0,Mobile,3G
CUST-103851,Cairo,Nasr City,2024-03-11,Month-to-month,520.37,248.01,0.0,Mobile wallet,11,4.0,5523.55,0,Fiber Internet,4G
CUST-103852,Alexandria,Sidi Gaber,2024-03-11,Month-to-month,474.83,87.47,5.0,Bank transfer,11,2.0,4662.17,1,Fiber Internet,3G
CUST-103853,Alexandria,Sidi Gaber,2024-03-12,Month-to-month,511.48,371.82,3.0,Cash,11,3.0,5584.59,0,Fiber Internet,5G
CUST-103854,Delta,Zagazig,2024-03-12,Month-to-month,160.51,7.05,1.0,Mobile wallet,11,2.0,1669.36,1,Mobile,4G
CUST-103855,Cairo,New Cairo,2024-03-13,Month-to-month,216.55,9.37,1.0,Bank transfer,11,5.0,2553.07,0,Mobile,4G
CUST-103856,Upper Egypt,Assiut,2024-03-13,One year,535.23,263.65,0.0,Mobile wallet,11,4.0,5673.21,0,Bundle,5G
CUST-103857,Alexandria,Sidi Gaber,2024-03-13,Two year,301.41,96.0,1.0,Bank transfer,11,3.0,3411.2,0,DSL Internet,4G
CUST-103858,Upper Egypt,Assiut,2024-03-13,Month-to-month,178.72,17.04,0.0,Mobile wallet,11,5.0,1983.09,0,Mobile,5G
CUST-103859,Cairo,New Cairo,2024-03-13,Month-to-month,202.03,8.28,1.0,Cash,11,4.0,2177.73,0,Mobile,5G
CUST-103860,Alexandria,Montazah,2024-03-13,Two year,222.75,14.55,1.0,Credit card,11,4.0,2356.19,0,Mobile,4G
CUST-103861,Cairo,Maadi,2024-03-13,Month-to-month,386.53,,1.0,Bank transfer,11,4.0,4290.71,0,DSL Internet,4G
CUST-103862,Delta,Tanta,2024-03-13,Two year,212.0,73.26,0.0,Cash,11,4.0,2277.44,0,DSL Internet,4G
CUST-103863,Alexandria,Montazah,2024-03-14,Month-to-month,449.66,189.99,2.0,Bank transfer,11,4.0,4563.69,1,Fiber Internet,4G
CUST-103864,Canal,Port Said,2024-03-14,One year,412.45,135.31,1.0,Bank transfer,11,3.0,4355.08,0,Fiber Internet,4G
CUST-103865,Alexandria,Montazah,2024-03-14,Two year,687.55,155.67,0.0,Credit card,11,3.0,6571.93,1,Bundle,4G
CUST-103866,Delta,Tanta,2024-03-14,Month-to-month,138.49,5.75,0.0,Bank transfer,11,4.0,1588.91,0,Mobile,4G
CUST-103867,Cairo,Zamalek,2024-03-14,Two year,240.39,6.24,1.0,Mobile wallet,11,4.0,2664.95,0,Mobile,4G
CUST-103868,Delta,Zagazig,2024-03-14,One year,424.94,66.52,4.0,Bank transfer,11,1.0,4278.65,1,Fiber Internet,3G
CUST-103869,Alexandria,Montazah,2024-03-14,Two year,708.84,159.46,2.0,Bank transfer,11,4.0,7639.42,0,Bundle,4G
CUST-103870,Alexandria,Smouha,2024-03-14,Month-to-month,488.31,288.76,4.0,Bank transfer,11,2.0,5031.21,1,Fiber Internet,4G
CUST-103871,Cairo,Zamalek,2024-03-14,Month-to-month,348.86,59.14,3.0,Mobile wallet,11,3.0,3809.42,0,Fiber Internet,3G
CUST-103872,Cairo,Nasr City,2024-03-15,Month-to-month,304.38,151.92,1.0,Cash,11,5.0,3452.4,0,DSL Internet,5G
CUST-103873,Cairo,New Cairo,2024-03-15,Two year,246.83,22.76,2.0,,11,4.0,2665.88,0,Mobile,5G
CUST-103874,Red Sea,Marsa Alam,2024-03-15,Month-to-month,203.59,18.36,1.0,Mobile wallet,11,4.0,2144.32,0,Mobile,5G
CUST-103875,Alexandria,Montazah,2024-03-15,Month-to-month,439.22,169.99,1.0,Cash,11,4.0,4264.53,1,Fiber Internet,4G
CUST-103876,Cairo,Zamalek,2024-03-15,Two year,700.96,235.95,2.0,Credit card,11,4.0,7841.13,0,Bundle,4G
CUST-103877,Red Sea,Hurghada,2024-03-15,Month-to-month,164.01,8.9,,Bank transfer,11,4.0,1732.79,0,Mobile,4G
CUST-103878,Cairo,New Cairo,2024-03-16,One year,568.08,607.65,2.0,Credit card,11,3.0,6701.74,0,Fiber Internet,5G
CUST-103879,Alexandria,Sidi Gaber,2024-03-16,Month-to-month,507.8,337.18,1.0,Bank transfer,11,4.0,5281.75,0,Bundle,5G
CUST-103880,Upper Egypt,Sohag,2024-03-16,One year,245.95,111.66,0.0,Cash,11,5.0,2689.25,0,DSL Internet,4G
CUST-103881,Canal,Port Said,2024-03-17,Month-to-month,358.49,317.99,7.0,Bank transfer,11,2.0,3755.68,1,Fiber Internet,4G
CUST-103882,Upper Egypt,Qena,2024-03-17,Month-to-month,159.57,8.99,1.0,Cash,11,5.0,1613.93,1,Mobile,4G
CUST-103883,Alexandria,Sidi Gaber,2024-03-18,One year,204.93,20.16,2.0,Credit card,10,2.0,1818.34,1,Mobile,5G
CUST-103884,Red Sea,Sharm El Sheikh,2024-03-18,Month-to-month,204.91,11.37,0.0,Bank transfer,10,5.0,2143.4,0,Mobile,4G
CUST-103885,Cairo,Heliopolis,2024-03-18,Month-to-month,206.57,16.51,0.0,Bank transfer,10,4.0,1988.97,0,Mobile,5G
CUST-103886,Red Sea,Hurghada,2024-03-18,Month-to-month,279.79,108.61,0.0,Credit card,10,5.0,2765.62,0,DSL Internet,5G
CUST-103887,Upper Egypt,Minya,2024-03-18,One year,225.76,88.93,0.0,Bank transfer,10,4.0,2111.55,0,DSL Internet,5G
CUST-103888,Canal,Port Said,2024-03-19,Month-to-month,625.51,203.85,0.0,Mobile wallet,10,,6476.26,0,Bundle,4G
CUST-103889,Cairo,Maadi,2024-03-19,Month-to-month,170.84,16.39,0.0,Mobile wallet,10,,1746.67,0,Mobile,5G
CUST-103890,Cairo,Zamalek,2024-03-19,Month-to-month,195.43,17.76,2.0,Cash,10,4.0,1998.28,0,Mobile,5G
CUST-103891,Delta,Damanhour,2024-03-19,Month-to-month,268.79,210.33,3.0,Cash,10,,2431.71,1,DSL Internet,5G
CUST-103892,Delta,Damanhour,2024-03-19,One year,200.11,14.01,1.0,Mobile wallet,10,5.0,2007.61,0,Mobile,5G
CUST-103893,Delta,Zagazig,2024-03-20,Month-to-month,192.19,11.07,2.0,Cash,10,4.0,1737.19,1,Mobile,4G
CUST-103894,Canal,Port Said,2024-03-20,Two year,203.89,16.75,0.0,Credit card,10,4.0,2063.77,0,Mobile,5G
CUST-103895,Delta,Zagazig,2024-03-20,One year,149.84,7.66,3.0,Bank transfer,10,4.0,1506.2,0,Mobile,4G
CUST-103896,Alexandria,Borg El Arab,2024-03-20,Two year,188.44,12.24,0.0,Bank transfer,10,4.0,1814.18,0,Mobile,5G
CUST-103897,Alexandria,Montazah,2024-03-21,One year,198.37,8.95,0.0,,10,4.0,1804.52,0,Mobile,5G
CUST-103898,Cairo,New Cairo,2024-03-21,Month-to-month,729.59,366.73,1.0,Mobile wallet,10,5.0,7905.26,0,Bundle,5G
CUST-103899,Cairo,New Cairo,2024-03-21,Two year,243.27,10.77,0.0,Mobile wallet,10,5.0,2369.6,0,Mobile,4G
CUST-103900,Cairo,New Cairo,2024-03-21,Two year,561.75,449.62,4.0,Cash,10,3.0,5578.03,0,Fiber Internet,5G
CUST-103901,Upper Egypt,Minya,2024-03-22,One year,395.49,362.25,0.0,Bank transfer,10,5.0,4131.05,0,Fiber Internet,5G
CUST-103902,Upper Egypt,Minya,2024-03-22,Month-to-month,341.49,162.68,1.0,Cash,10,4.0,3114.83,1,Fiber Internet,4G
CUST-103903,Delta,Damanhour,2024-03-22,Month-to-month,359.9,300.03,2.0,Mobile wallet,10,4.0,3393.08,0,Fiber Internet,4G
CUST-103904,Alexandria,Sidi Gaber,2024-03-22,One year,179.52,13.79,0.0,Mobile wallet,10,5.0,1711.56,0,Mobile,5G
CUST-103905,Delta,Mansoura,2024-03-22,Month-to-month,183.75,18.05,2.0,Bank transfer,10,3.0,1902.2,0,Mobile,5G
CUST-103906,Upper Egypt,Qena,2024-03-23,One year,427.31,176.8,1.0,Bank transfer,10,4.0,4375.13,0,Fiber Internet,4G
CUST-103907,Canal,Ismailia,2024-03-23,Month-to-month,467.66,137.75,0.0,Bank transfer,10,4.0,4122.01,1,Bundle,4G
CUST-103908,Delta,Tanta,2024-03-23,One year,171.37,11.1,1.0,Mobile wallet,10,4.0,1710.87,0,Mobile,5G
CUST-103909,Upper Egypt,Minya,2024-03-23,Month-to-month,369.77,371.51,0.0,Bank transfer,10,5.0,3703.39,0,Fiber Internet,5G
CUST-103910,Delta,Mansoura,2024-03-24,Month-to-month,433.74,169.95,2.0,Credit card,10,3.0,3942.31,1,Bundle,4G
CUST-103911,Alexandria,Sidi Gaber,2024-03-24,Month-to-month,282.53,87.54,0.0,Mobile wallet,10,4.0,2872.86,0,DSL Internet,4G
CUST-103912,Canal,Suez,2024-03-24,Two year,284.19,146.42,0.0,Mobile wallet,10,5.0,2797.7,0,DSL Internet,5G
CUST-103913,Alexandria,Sidi Gaber,2024-03-24,One year,405.4,226.54,2.0,Cash,10,3.0,4167.66,0,Fiber Internet,5G
CUST-103914,Alexandria,Borg El Arab,2024-03-24,Two year,843.15,419.14,1.0,Mobile wallet,10,4.0,8631.81,0,Bundle,4G
CUST-103915,Alexandria,Montazah,2024-03-25,One year,460.2,489.87,2.0,Mobile wallet,10,3.0,4762.49,0,Fiber Internet,5G
CUST-103916,Delta,Mansoura,2024-03-25,One year,450.71,189.45,1.0,Bank transfer,10,4.0,4646.05,0,Fiber Internet,4G
CUST-103917,Delta,Tanta,2024-03-25,One year,223.13,100.38,2.0,Mobile wallet,10,,2297.82,0,DSL Internet,4G
CUST-103918,Delta,Mansoura,2024-03-25,Two year,231.82,20.85,2.0,Bank transfer,10,4.0,2276.03,0,Mobile,5G
CUST-103919,Alexandria,Borg El Arab,2024-03-25,Two year,858.29,168.55,2.0,Credit card,10,4.0,8540.31,0,Bundle,3G
CUST-103920,Cairo,Maadi,2024-03-26,One year,590.52,96.5,5.0,Cash,10,1.0,5704.09,0,Bundle,3G
CUST-103921,Canal,Ismailia,2024-03-26,Month-to-month,397.96,222.28,2.0,Mobile wallet,10,4.0,4011.61,0,Fiber Internet,5G
CUST-103922,Alexandria,Sidi Gaber,2024-03-26,One year,242.02,12.53,0.0,Mobile wallet,10,5.0,2108.35,1,Mobile,4G
CUST-103923,Canal,Suez,2024-03-26,Month-to-month,236.41,100.03,0.0,Mobile wallet,10,5.0,2408.54,0,DSL Internet,4G
CUST-103924,Cairo,Zamalek,2024-03-27,Month-to-month,224.76,6.14,3.0,Mobile wallet,10,,2355.44,0,Mobile,4G
CUST-103925,Delta,Zagazig,2024-03-27,One year,329.78,133.31,1.0,Credit card,10,4.0,3297.71,0,Fiber Internet,4G
CUST-103926,Delta,Tanta,2024-03-27,Two year,173.12,7.02,3.0,Bank transfer,10,2.0,1693.71,0,Mobile,4G
CUST-103927,Upper Egypt,Sohag,2024-03-27,Month-to-month,218.99,109.77,3.0,,10,,2233.18,0,DSL Internet,4G
CUST-103928,Cairo,Zamalek,2024-03-27,Month-to-month,613.06,190.09,0.0,,10,3.0,6383.74,0,Bundle,4G
CUST-103929,Canal,Suez,2024-03-27,Two year,195.84,8.31,0.0,Credit card,10,5.0,1899.82,0,Mobile,4G
CUST-103930,Delta,Damanhour,2024-03-27,Month-to-month,189.77,65.67,2.0,Mobile wallet,10,3.0,1906.47,0,DSL Internet,4G
CUST-103931,Delta,Zagazig,2024-03-27,Month-to-month,552.3,400.57,2.0,Credit card,10,4.0,5033.05,1,Bundle,5G
CUST-103932,Delta,Mansoura,2024-03-27,One year,149.34,,1.0,Cash,10,4.0,1476.79,0,Mobile,4G
CUST-103933,Cairo,Heliopolis,2024-03-28,Two year,301.99,21.74,1.0,Cash,10,3.0,3081.85,0,Mobile,5G
CUST-103934,Delta,Damanhour,2024-03-28,One year,164.79,17.1,1.0,Credit card,10,5.0,1539.96,0,Mobile,5G
CUST-103935,Cairo,Nasr City,2024-03-28,One year,810.21,412.73,2.0,Mobile wallet,10,4.0,8213.54,0,Bundle,4G
CUST-103936,Alexandria,Montazah,2024-03-28,Month-to-month,475.48,62.73,0.0,Bank transfer,10,4.0,4586.33,1,Fiber Internet,3G
CUST-103937,Delta,Zagazig,2024-03-28,Month-to-month,142.66,9.13,0.0,Cash,10,3.0,1312.72,1,Mobile,4G
CUST-103938,Delta,,2024-03-28,One year,167.3,11.1,1.0,,10,5.0,1675.56,0,Mobile,5G
CUST-103939,Cairo,Heliopolis,2024-03-30,Two year,552.15,82.24,5.0,Bank transfer,10,2.0,4727.61,1,Fiber Internet,3G
CUST-103940,Cairo,Zamalek,2024-03-30,Month-to-month,202.6,8.88,2.0,Bank transfer,10,4.0,1998.2,0,Mobile,4G
CUST-103941,Cairo,Zamalek,2024-03-30,Month-to-month,413.95,221.86,0.0,Cash,10,3.0,4190.65,0,Fiber Internet,4G
CUST-103942,Cairo,New Cairo,2024-03-30,Month-to-month,228.22,23.84,2.0,Credit card,10,4.0,2061.65,1,Mobile,5G
CUST-103943,Delta,Tanta,2024-03-30,Month-to-month,215.17,30.57,3.0,Cash,10,3.0,1840.93,1,DSL Internet,3G
CUST-103944,Cairo,Zamalek,2024-03-31,Month-to-month,303.68,127.5,0.0,Credit card,10,4.0,3067.08,0,DSL Internet,4G
CUST-103945,Canal,Suez,2024-04-01,Month-to-month,613.15,422.75,0.0,Mobile wallet,10,4.0,5329.08,1,Bundle,4G
CUST-103946,Cairo,New Cairo,2024-04-01,Two year,270.3,30.04,1.0,Bank transfer,10,4.0,2640.88,0,Mobile,5G
CUST-103947,Cairo,New Cairo,2024-04-01,Month-to-month,457.73,98.37,0.0,Credit card,10,4.0,4741.51,0,Fiber Internet,5G
CUST-103948,Canal,Suez,2024-04-01,One year,315.89,,0.0,,10,4.0,3128.75,0,DSL Internet,4G
CUST-103949,Cairo,Heliopolis,2024-04-01,One year,597.99,445.93,3.0,Bank transfer,10,3.0,5825.33,0,Fiber Internet,5G
CUST-103950,Alexandria,Borg El Arab,2024-04-01,Two year,-199.95,4.85,0.0,Mobile wallet,10,5.0,1920.75,0,Mobile,4G
CUST-103951,Red Sea,Hurghada,2024-04-01,Two year,225.0,12.13,0.0,Mobile wallet,10,5.0,2185.63,0,Mobile,5G
CUST-103952,Canal,Port Said,2024-04-01,Month-to-month,459.55,279.58,4.0,Credit card,10,3.0,4496.32,0,Fiber Internet,4G
CUST-103953,Upper Egypt,Qena,2024-04-01,Month-to-month,374.71,101.83,5.0,Bank transfer,10,,3875.7,0,Fiber Internet,3G
CUST-103954,Cairo,New Cairo,2024-04-02,One year,590.48,192.2,0.0,Credit card,10,5.0,5897.24,0,Bundle,4G
CUST-103955,Delta,Mansoura,2024-04-02,Month-to-month,442.48,190.32,2.0,Mobile wallet,10,4.0,4174.14,1,Bundle,4G
CUST-103956,Red Sea,Marsa Alam,2024-04-02,Month-to-month,322.12,188.52,1.0,Cash,10,,3070.67,0,DSL Internet,5G
CUST-103957,Canal,Port Said,2024-04-03,Month-to-month,459.44,,0.0,Cash,10,4.0,4831.64,0,Bundle,4G
CUST-103958,Cairo,Nasr City,2024-04-03,Two year,401.45,123.94,0.0,Cash,10,4.0,3990.47,0,DSL Internet,4G
CUST-103959,Alexandria,Montazah,2024-04-04,Month-to-month,233.72,20.51,1.0,Bank transfer,10,4.0,2316.07,0,Mobile,5G
CUST-103960,Alexandria,Montazah,2024-04-04,One year,216.4,8.3,1.0,Credit card,10,5.0,2143.44,0,Mobile,4G
CUST-103961,Cairo,New Cairo,2024-04-04,Month-to-month,271.27,65.14,0.0,Cash,10,4.0,2957.88,0,DSL Internet,4G
CUST-103962,Upper Egypt,Assiut,2024-04-04,One year,164.88,6.99,1.0,Credit card,10,4.0,1617.36,0,Mobile,4G
CUST-103963,Cairo,New Cairo,2024-04-04,Month-to-month,753.24,300.68,2.0,Credit card,10,3.0,7340.7,1,Bundle,5G
CUST-103964,Alexandria,Montazah,2024-04-04,Two year,222.98,8.72,1.0,Bank transfer,10,4.0,2306.82,0,Mobile,4G
CUST-103965,Cairo,Maadi,2024-04-04,One year,250.71,9.8,0.0,Mobile wallet,10,5.0,2396.27,0,Mobile,5G
CUST-103966,Delta,Tanta,2024-04-04,Month-to-month,211.77,128.06,1.0,Mobile wallet,10,4.0,2036.24,0,DSL Internet,5G
CUST-103967,Cairo,Zamalek,2024-04-04,Month-to-month,601.47,300.04,1.0,Cash,10,4.0,5454.81,1,Bundle,4G
CUST-103968,Alexandria,Borg El Arab,2024-04-05,Two year,765.58,118.06,2.0,Bank transfer,10,4.0,6918.83,1,Bundle,3G
CUST-103969,Cairo,Maadi,2024-04-05,One year,214.04,8.36,3.0,Bank transfer,10,2.0,2106.3,0,Mobile,4G
CUST-103970,Red Sea,Marsa Alam,2024-04-05,Month-to-month,135.76,3.84,2.0,Bank transfer,10,4.0,1328.53,0,Mobile,3G
CUST-103971,Cairo,Zamalek,2024-04-05,Month-to-month,478.12,217.42,1.0,Cash,10,4.0,5077.41,0,Fiber Internet,5G
CUST-103972,Delta,Mansoura,2024-04-05,Month-to-month,529.81,284.28,0.0,Credit card,10,4.0,4797.64,1,Bundle,4G
CUST-103973,Cairo,,2024-04-06,Month-to-month,242.77,8.5,1.0,Cash,10,4.0,2226.03,1,Mobile,4G
CUST-103974,Cairo,New Cairo,2024-04-06,Month-to-month,604.49,198.36,2.0,Mobile wallet,10,,5465.94,1,Fiber Internet,4G
CUST-103975,Cairo,Nasr City,2024-04-06,Month-to-month,215.76,8.13,0.0,Cash,10,3.0,2161.34,0,Mobile,4G
CUST-103976,Cairo,Nasr City,2024-04-06,Month-to-month,334.65,153.36,0.0,Cash,10,5.0,3634.9,0,DSL Internet,4G
CUST-103977,Cairo,Nasr City,2024-04-07,Two year,255.54,15.56,0.0,Bank transfer,10,5.0,2613.98,0,Mobile,5G
CUST-103978,Delta,Zagazig,2024-04-07,Two year,627.73,628.32,2.0,Mobile wallet,10,3.0,6937.74,0,Bundle,5G
CUST-103979,Delta,Mansoura,2024-04-07,Two year,188.21,14.97,0.0,Bank transfer,10,4.0,1746.63,1,Mobile,5G
CUST-103980,Cairo,New Cairo,2024-04-07,One year,357.82,168.17,1.0,Cash,10,5.0,3484.84,0,DSL Internet,4G
CUST-103981,Alexandria,Smouha,2024-04-07,One year,269.83,88.46,0.0,Cash,10,,2549.29,1,DSL Internet,4G
CUST-103982,Delta,Mansoura,2024-04-07,Month-to-month,205.73,10.8,1.0,Mobile wallet,10,4.0,2050.98,0,Mobile,5G
CUST-103983,Cairo,Maadi,2024-04-08,One year,162.55,8.3,0.0,Credit card,10,5.0,1724.64,0,Mobile,4G
CUST-103984,Alexandria,Borg El Arab,2024-04-08,Month-to-month,468.04,158.39,0.0,Cash,10,5.0,4553.83,0,Fiber Internet,4G
CUST-103985,Cairo,New Cairo,2024-04-09,One year,573.23,67.58,2.0,Cash,10,3.0,5368.89,0,Fiber Internet,3G
CUST-103986,Cairo,Maadi,2024-04-09,Two year,380.96,243.94,1.0,Mobile wallet,10,4.0,3825.16,0,DSL Internet,5G
CUST-103987,Alexandria,Montazah,2024-04-09,Two year,434.69,270.0,2.0,Cash,10,4.0,4602.13,0,Fiber Internet,5G
CUST-103988,Red Sea,Marsa Alam,2024-04-09,Month-to-month,159.9,6.71,1.0,Mobile wallet,10,4.0,1558.67,0,Mobile,4G
CUST-103989,Red Sea,Marsa Alam,2024-04-09,One year,758.63,304.6,0.0,Bank transfer,10,4.0,7762.26,0,Bundle,4G
CUST-103990,Red Sea,,2024-04-10,Month-to-month,240.17,6.14,2.0,Bank transfer,10,,2103.26,1,Mobile,3G
CUST-103991,Alexandria,Borg El Arab,2024-04-10,Month-to-month,448.18,287.54,3.0,Credit card,10,,4651.06,0,Fiber Internet,4G
CUST-103992,Cairo,New Cairo,2024-04-10,Month-to-month,733.44,302.58,2.0,Mobile wallet,10,3.0,7227.31,0,Bundle,4G
CUST-103993,Alexandria,Montazah,2024-04-10,Month-to-month,5190.23,3589.44,2.0,Mobile wallet,10,5.0,51902.3,0,Bundle,5G
CUST-103994,Cairo,Heliopolis,2024-04-10,One year,246.04,20.0,0.0,Credit card,10,4.0,2427.61,0,Mobile,5G
CUST-103995,Cairo,Maadi,2024-04-10,Month-to-month,247.41,16.13,1.0,Credit card,10,4.0,2399.84,0,Mobile,5G
CUST-103996,Cairo,New Cairo,2024-04-10,Month-to-month,477.65,301.78,1.0,Mobile wallet,10,4.0,4409.16,0,Fiber Internet,5G
CUST-103997,Alexandria,Borg El Arab,2024-04-10,Two year,254.08,24.0,0.0,Cash,10,5.0,2408.69,0,Mobile,5G
CUST-103998,Alexandria,,2024-04-11,One year,234.77,90.33,0.0,Cash,10,5.0,2321.56,0,DSL Internet,5G
CUST-103999,Cairo,Zamalek,2024-04-11,Month-to-month,458.27,147.68,0.0,Credit card,10,4.0,4664.96,0,Fiber Internet,4G
CUST-104000,Upper Egypt,Sohag,2024-04-11,One year,172.62,11.17,1.0,Cash,10,4.0,1854.21,0,Mobile,5G
CUST-104001,Alexandria,Montazah,2024-04-11,One year,257.44,10.65,1.0,Credit card,10,,2520.87,0,Mobile,4G
CUST-104002,Canal,Suez,2024-04-11,Month-to-month,252.21,131.57,2.0,Credit card,10,3.0,2212.06,1,DSL Internet,4G
CUST-104003,Cairo,New Cairo,2024-04-11,One year,294.91,37.33,3.0,Mobile wallet,10,2.0,2792.8,0,DSL Internet,3G
CUST-104004,Delta,Zagazig,2024-04-11,Two year,240.04,10.91,0.0,Bank transfer,10,4.0,2482.55,0,Mobile,4G
CUST-104005,Cairo,Heliopolis,2024-04-12,Month-to-month,209.91,12.32,0.0,Cash,10,4.0,2147.08,0,Mobile,5G
CUST-104006,Delta,Mansoura,2024-04-12,One year,196.46,23.11,0.0,Bank transfer,10,4.0,1999.76,0,Mobile,5G
CUST-104007,Cairo,Heliopolis,2024-04-12,Month-to-month,476.3,256.25,6.0,Credit card,10,1.0,4345.8,1,Fiber Internet,4G
CUST-104008,Cairo,Nasr City,2024-04-12,Two year,370.14,130.68,1.0,Mobile wallet,10,5.0,3646.14,0,DSL Internet,4G
CUST-104009,Delta,Damanhour,2024-04-12,Month-to-month,471.82,378.38,2.0,Credit card,10,4.0,4974.58,0,Bundle,5G
CUST-104010,Cairo,Zamalek,2024-04-12,Month-to-month,858.8,289.65,0.0,Bank transfer,10,4.0,8321.19,0,Bundle,5G
CUST-104011,Cairo,Heliopolis,2024-04-12,Two year,677.97,462.39,2.0,Credit card,10,4.0,5986.08,1,Fiber Internet,4G
CUST-104012,Canal,Port Said,2024-04-12,One year,737.04,207.13,3.0,Bank transfer,10,3.0,6363.7,1,Bundle,4G
CUST-104013,Cairo,New Cairo,2024-04-13,Month-to-month,191.53,,0.0,Mobile wallet,10,4.0,1905.43,0,Mobile,4G
CUST-104014,Delta,Mansoura,2024-04-13,Month-to-month,291.19,238.32,1.0,Credit card,10,5.0,2539.43,1,Fiber Internet,5G
CUST-104015,Delta,Mansoura,2024-04-13,Month-to-month,367.22,177.37,0.0,Mobile wallet,10,4.0,3579.75,0,Fiber Internet,4G
CUST-104016,Cairo,Maadi,2024-04-14,Two year,482.31,305.68,0.0,,10,5.0,4591.62,0,DSL Internet,5G
CUST-104017,Alexandria,Smouha,2024-04-14,Month-to-month,258.44,127.57,1.0,Mobile wallet,10,4.0,2236.79,1,DSL Internet,4G
CUST-104018,Cairo,Heliopolis,2024-04-14,Month-to-month,242.59,16.61,3.0,Mobile wallet,10,2.0,2269.81,0,Mobile,5G
CUST-104019,Upper Egypt,Minya,2024-04-14,One year,434.64,162.35,1.0,Mobile wallet,10,4.0,4408.65,0,Bundle,4G
CUST-104020,Cairo,Heliopolis,2024-04-14,Month-to-month,592.38,344.28,2.0,Cash,10,3.0,5719.49,0,Bundle,5G
CUST-104021,Cairo,Nasr City,2024-04-14,Month-to-month,657.05,345.93,2.0,Credit card,10,4.0,6294.56,1,Bundle,5G
CUST-104022,Alexandria,Borg El Arab,2024-04-14,Two year,654.56,395.96,2.0,Cash,10,3.0,6114.19,1,Fiber Internet,5G
CUST-104023,Canal,Port Said,2024-04-14,Month-to-month,619.77,465.15,0.0,Credit card,10,5.0,6214.97,0,Bundle,5G
CUST-104024,Upper Egypt,Minya,2024-04-14,Two year,182.05,46.86,2.0,Mobile wallet,10,3.0,1862.02,0,DSL Internet,3G
CUST-104025,Canal,Suez,2024-04-15,Two year,520.99,221.24,1.0,Mobile wallet,10,4.0,5388.81,0,Fiber Internet,4G
CUST-104026,Delta,Tanta,2024-04-15,Month-to-month,324.75,123.56,2.0,Credit card,10,3.0,2864.89,1,Fiber Internet,4G
CUST-104027,Delta,Zagazig,2024-04-15,One year,512.75,330.59,0.0,Credit card,10,4.0,5085.77,0,Bundle,5G
CUST-104028,Delta,Zagazig,2024-04-16,One year,278.54,86.91,0.0,Credit card,10,4.0,2905.52,0,DSL Internet,5G
CUST-104029,Canal,Suez,2024-04-16,One year,531.18,167.02,1.0,,10,3.0,5554.61,0,Fiber Internet,4G
CUST-104030,Delta,Damanhour,2024-04-16,One year,661.28,429.85,0.0,Mobile wallet,10,4.0,6408.79,0,Bundle,5G
CUST-104031,Alexandria,Borg El Arab,2024-04-17,Month-to-month,194.03,12.37,1.0,Credit card,9,4.0,1906.64,0,Mobile,4G
CUST-104032,Delta,Zagazig,2024-04-17,Month-to-month,397.38,172.09,1.0,Cash,9,3.0,3382.92,0,Fiber Internet,4G
CUST-104033,Delta,Tanta,2024-04-17,One year,211.67,10.71,0.0,Cash,9,4.0,1730.87,0,Mobile,4G
CUST-104034,Cairo,Heliopolis,2024-04-17,Month-to-month,394.44,279.12,2.0,Bank transfer,9,3.0,3794.56,0,Fiber Internet,5G
CUST-104035,Alexandria,Smouha,2024-04-17,Month-to-month,230.2,7.21,1.0,Credit card,9,3.0,2132.19,0,Mobile,3G
CUST-104036,Alexandria,Montazah,2024-04-17,One year,185.92,12.57,1.0,Bank transfer,9,4.0,1685.69,0,Mobile,5G
CUST-104037,Upper Egypt,Assiut,2024-04-17,Month-to-month,150.19,8.56,0.0,Cash,9,,1395.51,0,Mobile,5G
CUST-104038,Alexandria,Smouha,2024-04-17,Two year,205.15,11.08,4.0,Bank transfer,9,3.0,1796.2,0,Mobile,4G
CUST-104039,Upper Egypt,Minya,2024-04-18,Two year,145.53,13.96,0.0,Credit card,9,4.0,1218.72,0,Mobile,4G
CUST-104040,Alexandria,Montazah,2024-04-18,Two year,335.78,124.93,0.0,Cash,9,4.0,2967.66,0,DSL Internet,5G
CUST-104041,Upper Egypt,Qena,2024-04-19,Month-to-month,149.73,11.04,0.0,Mobile wallet,9,,1164.43,1,Mobile,5G
CUST-104042,Cairo,Heliopolis,2024-04-19,Month-to-month,209.67,8.92,0.0,Bank transfer,9,3.0,1611.04,1,Mobile,4G
CUST-104043,Canal,Port Said,2024-04-19,Two year,200.62,20.03,2.0,Cash,9,4.0,1566.27,1,Mobile,4G
CUST-104044,Delta,Damanhour,2024-04-19,Month-to-month,195.32,7.14,1.0,Cash,9,4.0,1716.49,0,Mobile,4G
CUST-104045,Cairo,Maadi,2024-04-19,One year,301.94,12.32,0.0,Mobile wallet,9,4.0,2666.16,0,Mobile,4G
CUST-104046,Cairo,New Cairo,2024-04-19,One year,850.07,264.12,0.0,Bank transfer,9,4.0,7767.25,0,Bundle,4G
CUST-104047,Cairo,Heliopolis,2024-04-20,Month-to-month,513.93,206.33,3.0,Mobile wallet,9,,4728.58,0,Fiber Internet,5G
CUST-104048,Alexandria,Montazah,2024-04-20,Month-to-month,146.42,5.26,0.0,Credit card,9,5.0,1333.57,0,Mobile,4G
CUST-104049,Upper Egypt,Assiut,2024-04-20,One year,405.18,301.84,1.0,Bank transfer,9,3.0,3275.99,0,Fiber Internet,5G
CUST-104050,Canal,Suez,2024-04-20,Month-to-month,188.77,11.51,1.0,Credit card,9,4.0,1629.8,0,Mobile,4G
CUST-104051,Delta,Zagazig,2024-04-20,Two year,305.38,89.89,0.0,Mobile wallet,9,5.0,2638.07,0,DSL Internet,4G
CUST-104052,Delta,Tanta,2024-04-20,One year,477.31,435.31,2.0,Mobile wallet,9,4.0,4501.42,0,Bundle,5G
CUST-104053,Alexandria,Montazah,2024-04-21,Month-to-month,206.57,5.04,0.0,Cash,9,,1796.03,0,Mobile,4G
CUST-104054,Upper Egypt,Assiut,2024-04-21,One year,193.15,6.48,0.0,Cash,9,5.0,1606.43,0,Mobile,4G
CUST-104055,Upper Egypt,Sohag,2024-04-21,Month-to-month,295.66,109.93,2.0,Credit card,9,4.0,2430.47,1,Fiber Internet,4G
CUST-104056,Cairo,Zamalek,2024-04-21,Month-to-month,231.51,10.7,1.0,Credit card,9,4.0,2091.19,0,Mobile,4G
CUST-104057,Red Sea,Sharm El Sheikh,2024-04-22,Two year,214.84,12.9,1.0,Mobile wallet,9,4.0,2128.03,0,Mobile,5G
CUST-104058,Alexandria,,2024-04-22,One year,473.22,267.13,0.0,Credit card,9,4.0,4023.69,0,Fiber Internet,5G
CUST-104059,Upper Egypt,Qena,2024-04-22,One year,328.43,254.14,2.0,Credit card,9,4.0,2930.1,0,Fiber Internet,5G
CUST-104060,Red Sea,Marsa Alam,2024-04-22,Two year,229.24,23.93,0.0,Mobile wallet,9,4.0,1977.57,0,Mobile,5G
CUST-104061,Upper Egypt,Assiut,2024-04-22,One year,477.25,250.24,0.0,Bank transfer,9,5.0,4117.4,0,Bundle,4G
CUST-104062,Cairo,Zamalek,2024-04-23,Month-to-month,223.98,10.67,1.0,Credit card,9,4.0,1949.48,0,Mobile,4G
CUST-104063,Delta,Mansoura,2024-04-23,Month-to-month,181.85,8.85,1.0,Mobile wallet,9,4.0,1564.74,0,Mobile,4G
CUST-104064,Cairo,Maadi,2024-04-23,Month-to-month,355.62,164.6,0.0,Cash,9,4.0,3224.38,0,DSL Internet,4G
CUST-104065,Upper Egypt,Assiut,2024-04-23,Month-to-month,310.23,256.25,1.0,Mobile wallet,9,4.0,2799.11,0,Fiber Internet,4G
CUST-104066,Cairo,Heliopolis,2024-04-23,Month-to-month,519.24,139.09,2.0,Credit card,9,3.0,4667.27,0,Fiber Internet,3G
CUST-104067,Upper Egypt,Assiut,2024-04-23,One year,198.81,98.55,0.0,Mobile wallet,9,4.0,1880.06,0,DSL Internet,5G
CUST-104068,Canal,Ismailia,2024-04-23,Month-to-month,399.27,187.78,2.0,Cash,9,3.0,3673.65,0,Fiber Internet,4G
CUST-104069,Cairo,Nasr City,2024-04-23,One year,735.06,316.76,3.0,Credit card,9,2.0,6836.62,0,Bundle,4G
CUST-104070,Alexandria,Montazah,2024-04-24,Two year,450.33,160.01,1.0,Mobile wallet,9,4.0,4079.14,0,Fiber Internet,4G
CUST-104071,Delta,Zagazig,2024-04-24,Two year,206.12,12.83,0.0,Mobile wallet,9,4.0,1878.02,0,Mobile,4G
CUST-104072,Alexandria,Smouha,2024-04-25,Month-to-month,263.25,57.05,2.0,Mobile wallet,9,,2184.15,1,DSL Internet,3G
CUST-104073,Cairo,Nasr City,2024-04-25,Two year,255.66,16.32,0.0,Credit card,9,5.0,2195.72,0,Mobile,4G
CUST-104074,Cairo,New Cairo,2024-04-25,Two year,419.65,99.08,0.0,Cash,9,5.0,3678.03,0,DSL Internet,4G
CUST-104075,Alexandria,Montazah,2024-04-25,Month-to-month,175.67,7.61,0.0,Bank transfer,9,4.0,1585.66,0,Mobile,5G
CUST-104076,Delta,Tanta,2024-04-25,Month-to-month,422.33,160.61,1.0,Credit card,9,4.0,3384.25,1,Fiber Internet,4G
CUST-104077,Delta,Damanhour,2024-04-25,Month-to-month,279.58,145.97,1.0,Credit card,9,5.0,2109.49,1,DSL Internet,5G
CUST-104078,Cairo,Maadi,2024-04-25,One year,646.72,205.7,1.0,Bank transfer,9,4.0,5997.9,0,Fiber Internet,5G
CUST-104079,Alexandria,Borg El Arab,2024-04-26,One year,200.57,11.73,0.0,Credit card,9,5.0,1909.07,0,Mobile,5G
CUST-104080,Alexandria,Smouha,2024-04-26,One year,419.06,382.99,2.0,Mobile wallet,9,4.0,3535.35,1,Fiber Internet,5G
CUST-104081,Cairo,Zamalek,2024-04-26,One year,308.07,125.54,0.0,Cash,9,5.0,2695.74,0,DSL Internet,4G
CUST-104082,Upper Egypt,Assiut,2024-04-27,Month-to-month,358.72,92.34,3.0,Credit card,9,4.0,2967.32,1,Bundle,3G
CUST-104083,Alexandria,Smouha,2024-04-27,Month-to-month,472.74,78.35,1.0,,9,3.0,3720.93,1,Fiber Internet,3G
CUST-104084,Delta,Tanta,2024-04-27,Two year,210.84,14.63,1.0,Cash,9,4.0,1902.91,0,Mobile,4G
CUST-104085,Canal,Suez,2024-04-27,Two year,207.8,12.73,0.0,Credit card,9,4.0,1952.64,0,Mobile,5G
CUST-104086,Delta,Tanta,2024-04-27,One year,345.13,161.42,2.0,Mobile wallet,9,3.0,2909.1,1,Fiber Internet,4G
CUST-104087,Delta,Mansoura,2024-04-28,Month-to-month,155.24,9.17,1.0,Cash,9,4.0,1372.46,0,Mobile,4G
CUST-104088,Cairo,Nasr City,2024-04-28,Month-to-month,780.06,292.07,1.0,Cash,9,4.0,6874.71,0,Bundle,4G
CUST-104089,Cairo,New Cairo,2024-04-28,Month-to-month,535.35,483.92,1.0,Mobile wallet,9,4.0,4539.48,1,Fiber Internet,5G
CUST-104090,Cairo,New Cairo,2024-04-28,Month-to-month,234.23,12.86,0.0,Cash,9,4.0,1866.28,1,Mobile,4G
CUST-104091,Upper Egypt,Qena,2024-04-28,Month-to-month,207.74,11.01,0.0,Mobile wallet,9,5.0,1645.25,0,Mobile,4G
CUST-104092,Upper Egypt,Assiut,2024-04-29,Two year,178.57,12.65,1.0,Bank transfer,9,3.0,1635.41,0,Mobile,5G
CUST-104093,Cairo,Maadi,2024-04-29,One year,394.4,284.31,4.0,Credit card,9,4.0,3435.82,0,Fiber Internet,5G
CUST-104094,Cairo,Maadi,2024-04-29,Month-to-month,425.03,170.42,0.0,Mobile wallet,9,4.0,3781.77,0,Fiber Internet,4G
CUST-104095,Alexandria,Sidi Gaber,2024-04-29,Month-to-month,193.4,10.02,0.0,Bank transfer,9,4.0,1583.91,1,Mobile,4G
CUST-104096,Delta,Tanta,2024-04-29,Month-to-month,381.22,151.81,3.0,Bank transfer,9,4.0,3177.23,0,Fiber Internet,4G
CUST-104097,Delta,Zagazig,2024-04-29,Month-to-month,159.34,7.11,0.0,Credit card,9,5.0,1477.9,0,Mobile,4G
CUST-104098,Upper Egypt,Sohag,2024-04-30,One year,367.12,180.46,2.0,Cash,9,,3103.84,0,Fiber Internet,5G
CUST-104099,Canal,Suez,2024-04-30,Month-to-month,485.05,265.94,1.0,Mobile wallet,9,4.0,4235.75,0,Bundle,5G
CUST-104100,Cairo,New Cairo,2024-04-30,Two year,262.81,10.6,1.0,Bank transfer,9,,2395.39,0,Mobile,4G
CUST-104101,Delta,Damanhour,2024-04-30,Month-to-month,192.53,23.68,2.0,Credit card,9,4.0,1464.43,1,Mobile,5G
CUST-104102,Delta,Tanta,2024-04-30,Month-to-month,621.25,461.96,1.0,Credit card,9,4.0,4726.08,1,Bundle,5G
CUST-104103,Alexandria,Smouha,2024-04-30,Two year,267.88,,3.0,Credit card,9,3.0,2171.76,1,Mobile,3G
CUST-104104,Canal,Ismailia,2024-04-30,Month-to-month,354.75,77.47,2.0,Mobile wallet,9,4.0,3260.35,0,Fiber Internet,3G
CUST-104105,Cairo,Maadi,2024-05-01,Month-to-month,306.27,185.79,0.0,Credit card,9,5.0,2736.84,0,DSL Internet,5G
CUST-104106,Upper Egypt,Qena,2024-05-01,One year,359.35,289.01,2.0,Cash,9,4.0,3314.3,0,Fiber Internet,4G
CUST-104107,Upper Egypt,Sohag,2024-05-01,Month-to-month,486.72,367.23,0.0,Bank transfer,9,4.0,4521.18,1,Bundle,5G
CUST-104108,Canal,Suez,2024-05-01,Month-to-month,400.74,103.97,2.0,Credit card,9,2.0,3014.87,1,Fiber Internet,4G
CUST-104109,Delta,Mansoura,2024-05-01,Month-to-month,369.14,213.06,4.0,Cash,9,2.0,2688.59,1,Fiber Internet,4G
CUST-104110,Alexandria,Smouha,2024-05-01,Month-to-month,221.19,14.2,0.0,Bank transfer,9,3.0,2080.16,0,Mobile,4G
CUST-104111,Upper Egypt,Sohag,2024-05-02,One year,162.61,23.51,0.0,Bank transfer,9,5.0,1394.26,0,Mobile,5G
CUST-104112,Upper Egypt,Sohag,2024-05-02,Month-to-month,344.43,145.42,1.0,Credit card,9,,2796.17,1,Fiber Internet,4G
CUST-104113,Delta,Damanhour,2024-05-02,One year,189.82,9.74,3.0,Mobile wallet,9,4.0,1749.87,0,Mobile,4G
CUST-104114,Upper Egypt,Qena,2024-05-02,Two year,434.74,211.07,2.0,Bank transfer,9,4.0,3907.23,0,Fiber Internet,4G
CUST-104115,Cairo,Nasr City,2024-05-02,Month-to-month,231.43,4.69,2.0,Cash,9,3.0,2106.02,0,Mobile,3G
CUST-104116,Delta,Damanhour,2024-05-03,Month-to-month,195.87,7.39,0.0,Mobile wallet,9,,1674.1,1,Mobile,4G
CUST-104117,Canal,Ismailia,2024-05-04,Month-to-month,337.39,252.4,1.0,Cash,9,4.0,2633.02,1,Fiber Internet,5G
CUST-104118,Alexandria,Sidi Gaber,2024-05-04,Month-to-month,452.34,173.04,2.0,Mobile wallet,9,,3803.53,1,Fiber Internet,5G
CUST-104119,Delta,Tanta,2024-05-04,Month-to-month,160.81,5.6,0.0,Mobile wallet,9,4.0,1371.46,0,Mobile,4G
CUST-104120,Red Sea,Sharm El Sheikh,2024-05-04,Two year,333.37,144.4,1.0,Mobile wallet,9,4.0,3042.45,0,DSL Internet,4G
CUST-104121,Upper Egypt,Assiut,2024-05-05,Month-to-month,159.58,13.93,2.0,Bank transfer,9,,1301.5,1,Mobile,5G
CUST-104122,Canal,Port Said,2024-05-05,One year,224.23,22.14,1.0,Mobile wallet,9,4.0,2011.91,0,Mobile,5G
CUST-104123,Alexandria,Smouha,2024-05-05,One year,590.42,380.39,2.0,Mobile wallet,9,3.0,5520.0,0,Bundle,5G
CUST-104124,Red Sea,Hurghada,2024-05-05,Two year,911.12,310.28,0.0,Credit card,9,4.0,7301.58,1,Bundle,4G
CUST-104125,Cairo,Maadi,2024-05-06,Month-to-month,173.02,12.89,1.0,Mobile wallet,9,4.0,1402.57,1,Mobile,4G
CUST-104126,Delta,Mansoura,2024-05-06,Month-to-month,175.49,7.79,1.0,Bank transfer,9,4.0,1364.28,1,Mobile,4G
CUST-104127,Alexandria,Smouha,2024-05-07,Two year,603.27,209.71,1.0,Mobile wallet,9,4.0,5212.64,0,Bundle,4G
CUST-104128,Upper Egypt,Sohag,2024-05-07,Month-to-month,310.68,78.63,3.0,Credit card,9,3.0,2681.68,0,Fiber Internet,3G
CUST-104129,Canal,Ismailia,2024-05-07,One year,193.39,15.71,0.0,Credit card,9,5.0,1697.83,0,Mobile,5G
CUST-104130,Upper Egypt,Assiut,2024-05-07,One year,152.23,7.85,2.0,Credit card,9,4.0,1299.86,0,Mobile,4G
CUST-104131,Delta,Damanhour,2024-05-07,One year,113.09,4.16,0.0,Credit card,9,4.0,1093.85,0,Mobile,4G
CUST-104132,Alexandria,Borg El Arab,2024-05-07,Month-to-month,290.04,,0.0,Credit card,9,5.0,2578.2,0,DSL Internet,5G
CUST-104133,Delta,Zagazig,2024-05-07,Month-to-month,418.84,258.04,0.0,Credit card,9,4.0,3768.19,0,Fiber Internet,5G
CUST-104134,Delta,Zagazig,2024-05-07,One year,176.37,9.18,1.0,Mobile wallet,9,4.0,1514.46,0,Mobile,4G
CUST-104135,Cairo,New Cairo,2024-05-08,One year,227.64,9.27,0.0,Bank transfer,9,4.0,2216.3,0,Mobile,4G
CUST-104136,Delta,Tanta,2024-05-09,One year,171.41,14.68,0.0,Cash,9,4.0,1526.97,0,Mobile,5G
CUST-104137,Canal,Ismailia,2024-05-09,One year,215.5,74.51,0.0,Cash,9,5.0,1893.79,0,DSL Internet,5G
CUST-104138,Upper Egypt,Assiut,2024-05-09,Two year,406.94,199.31,0.0,Credit card,9,5.0,3589.64,0,Bundle,4G
CUST-104139,Upper Egypt,Minya,2024-05-09,Two year,441.36,319.11,0.0,Bank transfer,9,,3938.72,0,Fiber Internet,4G
CUST-104140,Alexandria,Smouha,2024-05-09,One year,338.07,95.17,1.0,Bank transfer,9,5.0,3005.65,0,DSL Internet,4G
CUST-104141,Delta,Zagazig,2024-05-10,Month-to-month,175.63,13.05,0.0,Bank transfer,9,4.0,1495.57,0,Mobile,5G
CUST-104142,Cairo,Zamalek,2024-05-10,Month-to-month,520.49,106.82,4.0,Mobile wallet,9,3.0,4845.59,0,Fiber Internet,3G
CUST-104143,Alexandria,Smouha,2024-05-11,One year,528.53,197.31,0.0,Mobile wallet,9,4.0,4544.83,0,Fiber Internet,4G
CUST-104144,Alexandria,Montazah,2024-05-11,One year,224.73,11.2,0.0,Mobile wallet,9,5.0,2088.06,0,Mobile,5G
CUST-104145,Cairo,Maadi,2024-05-11,Month-to-month,445.41,494.28,3.0,Bank transfer,9,3.0,3795.37,0,Fiber Internet,5G
CUST-104146,Cairo,Maadi,2024-05-12,One year,752.14,303.64,2.0,Mobile wallet,9,,6816.17,0,Bundle,4G
CUST-104147,Upper Egypt,Minya,2024-05-12,Month-to-month,139.68,8.94,1.0,Bank transfer,9,5.0,1205.61,0,Mobile,5G
CUST-104148,Alexandria,Smouha,2024-05-12,Month-to-month,418.07,141.79,0.0,Cash,9,4.0,3653.09,0,Fiber Internet,4G
CUST-104149,Alexandria,Borg El Arab,2024-05-12,Two year,783.4,283.46,0.0,Cash,9,4.0,7186.27,0,Bundle,4G
CUST-104150,Cairo,Maadi,2024-05-12,Month-to-month,369.93,63.46,2.0,Bank transfer,9,3.0,3099.24,1,DSL Internet,4G
CUST-104151,Delta,Tanta,2024-05-12,One year,292.12,191.45,0.0,Cash,9,5.0,2820.74,0,Fiber Internet,4G
CUST-104152,Alexandria,Borg El Arab,2024-05-12,One year,198.78,11.99,3.0,Cash,9,3.0,1613.97,1,Mobile,5G
CUST-104153,Alexandria,Smouha,2024-05-13,One year,614.06,263.69,1.0,Mobile wallet,9,4.0,5525.33,0,Bundle,4G
CUST-104154,Delta,Tanta,2024-05-13,Month-to-month,187.59,15.31,0.0,Credit card,9,5.0,1623.25,0,Mobile,5G
CUST-104155,Cairo,New Cairo,2024-05-13,One year,190.66,12.52,1.0,Cash,9,3.0,1593.12,0,Mobile,4G
CUST-104156,Canal,Ismailia,2024-05-13,Month-to-month,106.14,,1.0,Bank transfer,9,5.0,978.96,0,Mobile,5G
CUST-104157,Cairo,Nasr City,2024-05-13,One year,606.76,421.99,0.0,Credit card,9,5.0,5405.49,0,Fiber Internet,5G
CUST-104158,Alexandria,Sidi Gaber,2024-05-13,Month-to-month,488.36,393.78,3.0,Mobile wallet,9,,3908.29,1,Fiber Internet,5G
CUST-104159,Cairo,New Cairo,2024-05-13,Two year,598.9,302.82,1.0,Bank transfer,9,5.0,4714.89,1,Bundle,5G
CUST-104160,Delta,Damanhour,2024-05-14,One year,413.53,339.51,0.0,Credit card,9,4.0,3614.9,0,Fiber Internet,4G
CUST-104161,Cairo,New Cairo,2024-05-14,Month-to-month,792.95,,1.0,Cash,9,3.0,6515.3,1,Bundle,4G
CUST-104162,Canal,Suez,2024-05-14,Month-to-month,348.32,156.58,1.0,Credit card,9,4.0,3348.67,0,Fiber Internet,4G
CUST-104163,Alexandria,Borg El Arab,2024-05-14,Month-to-month,439.73,144.42,1.0,Mobile wallet,9,3.0,3349.01,1,Fiber Internet,4G
CUST-104164,Delta,Tanta,2024-05-15,One year,192.04,8.85,1.0,Mobile wallet,9,3.0,1598.8,0,Mobile,4G
CUST-104165,Cairo,Zamalek,2024-05-15,One year,191.36,10.6,0.0,Credit card,9,4.0,1706.05,0,Mobile,4G
CUST-104166,Cairo,New Cairo,2024-05-15,One year,508.06,116.39,1.0,Mobile wallet,9,3.0,4441.26,0,Fiber Internet,3G
CUST-104167,Alexandria,Smouha,2024-05-15,Two year,247.14,230.02,0.0,Mobile wallet,9,4.0,2329.57,0,DSL Internet,5G
CUST-104168,Delta,Damanhour,2024-05-15,Month-to-month,159.5,4.05,2.0,Mobile wallet,9,3.0,1464.56,0,Mobile,3G
CUST-104169,Alexandria,Montazah,2024-05-16,One year,430.39,224.5,2.0,Mobile wallet,9,3.0,4167.22,0,Fiber Internet,4G
CUST-104170,Red Sea,Marsa Alam,2024-05-16,Month-to-month,209.23,7.13,2.0,,9,3.0,1746.0,1,Mobile,4G
CUST-104171,Upper Egypt,Qena,2024-05-16,One year,405.56,338.13,4.0,Cash,9,3.0,3665.34,0,Fiber Internet,4G
CUST-104172,Red Sea,Hurghada,2024-05-16,Month-to-month,240.51,11.17,0.0,Credit card,9,,2177.37,0,Mobile,5G
CUST-104173,Cairo,Zamalek,2024-05-16,One year,306.21,24.32,1.0,Bank transfer,9,4.0,2488.02,1,Mobile,4G
CUST-104174,Upper Egypt,Assiut,2024-05-16,Month-to-month,149.19,10.99,1.0,Mobile wallet,9,3.0,1293.83,0,Mobile,5G
CUST-104175,Delta,Tanta,2024-05-16,Month-to-month,486.19,101.93,1.0,Cash,9,4.0,3957.23,1,Bundle,4G
CUST-104176,Delta,Mansoura,2024-05-17,Month-to-month,223.95,128.38,1.0,Cash,9,3.0,2126.05,0,DSL Internet,4G
CUST-104177,Red Sea,Hurghada,2024-05-17,Two year,210.06,14.9,1.0,Bank transfer,9,3.0,1842.76,0,Mobile,5G
CUST-104178,Delta,Damanhour,2024-05-17,One year,190.63,8.18,1.0,Cash,9,4.0,1699.07,0,Mobile,4G
CUST-104179,Canal,Suez,2024-05-17,Month-to-month,379.04,294.48,5.0,Bank transfer,9,2.0,3111.97,1,Fiber Internet,5G
CUST-104180,Upper Egypt,Sohag,2024-05-17,Month-to-month,155.05,14.35,2.0,Bank transfer,9,4.0,1314.77,1,Mobile,5G
CUST-104181,Cairo,Heliopolis,2024-05-18,Month-to-month,578.92,255.0,2.0,Mobile wallet,8,3.0,3932.12,1,Bundle,4G
CUST-104182,Upper Egypt,Minya,2024-05-18,Two year,373.95,338.23,4.0,Bank transfer,8,2.0,2643.25,1,Fiber Internet,5G
CUST-104183,Delta,Zagazig,2024-05-18,Two year,628.96,257.41,,Mobile wallet,8,5.0,5025.38,0,Bundle,4G
CUST-104184,Canal,Ismailia,2024-05-18,Two year,200.58,11.8,1.0,Bank transfer,8,4.0,1587.05,0,Mobile,4G
CUST-104185,Upper Egypt,Qena,2024-05-18,Two year,398.26,148.19,3.0,Cash,8,3.0,2949.16,0,Bundle,4G
CUST-104186,Cairo,Heliopolis,2024-05-19,Month-to-month,305.28,133.74,2.0,Cash,8,3.0,2073.35,1,DSL Internet,4G
CUST-104187,Cairo,Zamalek,2024-05-19,Month-to-month,274.0,122.36,3.0,Bank transfer,8,3.0,1823.82,1,DSL Internet,5G
CUST-104188,Cairo,New Cairo,2024-05-19,One year,840.02,208.54,0.0,,8,,6684.02,0,Bundle,4G
CUST-104189,Delta,Zagazig,2024-05-19,One year,471.56,266.05,0.0,Mobile wallet,8,4.0,3241.1,1,Fiber Internet,5G
CUST-104190,Cairo,Nasr City,2024-05-20,Month-to-month,148.92,7.26,0.0,Credit card,8,4.0,1134.69,0,Mobile,4G
CUST-104191,Upper Egypt,Sohag,2024-05-20,One year,412.08,234.62,2.0,Cash,8,3.0,2853.83,1,Fiber Internet,4G
CUST-104192,Delta,Zagazig,2024-05-20,Month-to-month,246.38,59.16,0.0,Mobile wallet,8,4.0,1853.36,1,DSL Internet,4G
CUST-104193,Upper Egypt,Sohag,2024-05-20,Month-to-month,363.34,327.16,1.0,Credit card,8,5.0,2829.64,0,Bundle,5G
CUST-104194,Cairo,Maadi,2024-05-20,Month-to-month,550.54,261.67,3.0,Cash,8,3.0,3794.01,1,Fiber Internet,5G
CUST-104195,Delta,Tanta,2024-05-20,Two year,230.48,60.44,0.0,Bank transfer,8,5.0,1827.16,0,DSL Internet,5G
CUST-104196,Cairo,Nasr City,2024-05-20,One year,268.91,4.56,2.0,Credit card,8,3.0,2088.6,0,Mobile,3G
CUST-104197,Canal,Suez,2024-05-21,One year,175.09,8.05,0.0,Credit card,8,4.0,1312.33,0,Mobile,4G
CUST-104198,Cairo,Zamalek,2024-05-21,Two year,467.58,221.7,2.0,Cash,8,4.0,4011.36,0,Fiber Internet,4G
CUST-104199,Cairo,Nasr City,2024-05-21,Two year,743.15,373.9,2.0,Cash,8,4.0,5509.79,0,Fiber Internet,5G
CUST-104200,Cairo,New Cairo,2024-05-21,Month-to-month,169.2,,1.0,Bank transfer,8,4.0,1103.19,1,Mobile,3G
CUST-104201,Upper Egypt,Sohag,2024-05-21,Two year,220.6,67.04,0.0,Credit card,8,5.0,1817.67,0,DSL Internet,4G
CUST-104202,Cairo,New Cairo,2024-05-22,Month-to-month,454.94,192.98,1.0,Credit card,8,3.0,3341.18,0,Fiber Internet,5G
CUST-104203,Delta,Tanta,2024-05-22,One year,393.9,185.99,2.0,Mobile wallet,8,4.0,3248.38,0,Fiber Internet,4G
CUST-104204,Upper Egypt,Qena,2024-05-22,Month-to-month,157.85,11.58,0.0,Bank transfer,8,4.0,1306.3,0,Mobile,5G
CUST-104205,Upper Egypt,,2024-05-22,Month-to-month,145.8,13.54,0.0,Bank transfer,8,4.0,987.88,1,Mobile,5G
CUST-104206,Cairo,New Cairo,2024-05-22,One year,382.22,,0.0,Bank transfer,8,5.0,3062.84,0,DSL Internet,4G
CUST-104207,Cairo,Nasr City,2024-05-22,Month-to-month,690.68,217.08,1.0,Bank transfer,8,3.0,4825.0,1,Bundle,4G
CUST-104208,Alexandria,Borg El Arab,2024-05-22,Month-to-month,145.0,20.62,0.0,Mobile wallet,8,5.0,1122.64,0,Mobile,5G
CUST-104209,Cairo,Maadi,2024-05-23,One year,362.25,,3.0,Mobile wallet,8,3.0,2826.68,0,DSL Internet,5G
CUST-104210,Upper Egypt,Sohag,2024-05-23,One year,238.05,81.72,1.0,Credit card,8,4.0,1892.44,0,DSL Internet,4G
CUST-104211,Alexandria,Smouha,2024-05-23,Month-to-month,245.92,98.52,3.0,Mobile wallet,8,3.0,1930.61,0,DSL Internet,5G
CUST-104212,Alexandria,Borg El Arab,2024-05-23,Month-to-month,548.91,302.67,3.0,Bank transfer,8,3.0,4492.4,0,Fiber Internet,4G
CUST-104213,Cairo,Zamalek,2024-05-23,Month-to-month,228.51,24.43,2.0,Mobile wallet,8,3.0,1589.95,1,Mobile,5G
CUST-104214,Delta,,2024-05-23,Two year,310.32,76.18,1.0,Credit card,8,4.0,2527.38,0,DSL Internet,4G
CUST-104215,Cairo,Heliopolis,2024-05-24,Two year,656.5,179.36,0.0,Credit card,8,4.0,5170.53,0,Fiber Internet,4G
CUST-104216,Delta,Mansoura,2024-05-24,Month-to-month,153.49,12.69,1.0,Mobile wallet,8,4.0,1101.94,1,Mobile,5G
CUST-104217,Cairo,Maadi,2024-05-24,One year,253.33,7.03,1.0,Bank transfer,8,3.0,1836.01,1,Mobile,3G
CUST-104218,Red Sea,Sharm El Sheikh,2024-05-24,One year,544.88,361.97,2.0,Mobile wallet,8,5.0,4013.83,0,Fiber Internet,5G
CUST-104219,Upper Egypt,Assiut,2024-05-24,Two year,369.25,414.63,1.0,Bank transfer,8,4.0,2998.68,0,Fiber Internet,5G
CUST-104220,Cairo,New Cairo,2024-05-24,Month-to-month,554.2,236.62,2.0,Credit card,8,4.0,3771.61,1,Bundle,5G
CUST-104221,Cairo,New Cairo,2024-05-25,One year,234.79,6.03,2.0,Mobile wallet,8,,1845.35,0,Mobile,3G
CUST-104222,Alexandria,Montazah,2024-05-25,One year,220.43,12.88,1.0,Bank transfer,8,4.0,1785.52,0,Mobile,4G
CUST-104223,Cairo,Heliopolis,2024-05-25,Month-to-month,660.22,305.51,1.0,Credit card,8,4.0,5307.63,0,Bundle,4G
CUST-104224,Cairo,Zamalek,2024-05-25,Month-to-month,206.75,8.17,1.0,Cash,8,4.0,1433.73,1,Mobile,4G
CUST-104225,Canal,Port Said,2024-05-26,Month-to-month,173.56,7.31,2.0,Bank transfer,8,5.0,1425.21,0,Mobile,4G
CUST-104226,Delta,Mansoura,2024-05-26,Month-to-month,486.26,173.65,0.0,Cash,8,4.0,3917.97,0,Bundle,4G
CUST-104227,Cairo,Heliopolis,2024-05-26,One year,874.84,501.17,1.0,Credit card,8,5.0,6786.42,0,Bundle,4G
CUST-104228,Delta,Damanhour,2024-05-27,One year,268.3,104.99,0.0,Cash,8,5.0,2240.73,0,DSL Internet,5G
CUST-104229,Cairo,New Cairo,2024-05-27,Month-to-month,198.37,8.74,1.0,Cash,8,4.0,1654.53,0,Mobile,4G
CUST-104230,Red Sea,Sharm El Sheikh,2024-05-27,Two year,427.05,229.81,2.0,Credit card,8,4.0,3418.22,0,Fiber Internet,4G
CUST-104231,Cairo,New Cairo,2024-05-27,Month-to-month,641.94,253.19,3.0,Mobile wallet,8,4.0,4393.21,1,Bundle,5G
CUST-104232,Upper Egypt,Minya,2024-05-27,Two year,490.96,216.79,0.0,Mobile wallet,8,5.0,3806.49,0,Bundle,4G
CUST-104233,Upper Egypt,Sohag,2024-05-28,Month-to-month,133.16,5.98,3.0,Mobile wallet,8,,994.49,1,Mobile,5G
CUST-104234,Cairo,Heliopolis,2024-05-28,Two year,871.9,460.76,0.0,Bank transfer,8,5.0,6923.79,0,Bundle,5G
CUST-104235,Cairo,Zamalek,2024-05-28,Two year,588.58,335.78,6.0,Cash,8,1.0,4736.06,0,Fiber Internet,5G
CUST-104236,Alexandria,Borg El Arab,2024-05-28,Two year,170.67,9.11,1.0,Mobile wallet,8,4.0,1388.42,0,Mobile,4G
CUST-104237,Canal,Suez,2024-05-28,Two year,220.29,11.58,1.0,Cash,8,4.0,1567.59,0,Mobile,5G
CUST-104238,Delta,Tanta,2024-05-29,Month-to-month,128.96,11.06,0.0,Cash,8,4.0,993.88,0,Mobile,5G
CUST-104239,Delta,Zagazig,2024-05-29,One year,608.59,126.76,2.0,Cash,8,2.0,4635.29,1,Bundle,3G
CUST-104240,Upper Egypt,Qena,2024-05-29,One year,350.14,234.01,2.0,Mobile wallet,8,4.0,2176.78,1,Fiber Internet,4G
CUST-104241,Upper Egypt,Sohag,2024-05-30,Month-to-month,211.38,144.3,0.0,Mobile wallet,8,4.0,1589.82,0,DSL Internet,5G
CUST-104242,Alexandria,Montazah,2024-05-30,Two year,217.75,3.66,0.0,Cash,8,4.0,1496.84,1,Mobile,3G
CUST-104243,Delta,Mansoura,2024-05-30,Month-to-month,230.0,67.92,0.0,Mobile wallet,8,5.0,1766.98,0,DSL Internet,4G
CUST-104244,Upper Egypt,Sohag,2024-05-30,Month-to-month,346.85,130.86,0.0,Credit card,8,5.0,2691.46,0,Fiber Internet,4G
CUST-104245,Cairo,New Cairo,2024-05-30,Two year,784.99,294.17,3.0,Mobile wallet,8,3.0,5241.04,1,Bundle,4G
CUST-104246,Canal,Ismailia,2024-05-30,Month-to-month,501.62,193.74,0.0,Credit card,8,4.0,3985.36,0,Fiber Internet,4G
CUST-104247,Cairo,New Cairo,2024-05-30,Month-to-month,314.79,149.5,2.0,Cash,8,3.0,2235.01,1,DSL Internet,5G
CUST-104248,Cairo,Maadi,2024-05-30,Month-to-month,510.0,264.11,3.0,Mobile wallet,8,3.0,3627.21,1,Fiber Internet,3G
CUST-104249,Upper Egypt,Sohag,2024-05-31,One year,338.77,132.77,1.0,Mobile wallet,8,5.0,2621.06,0,Fiber Internet,4G
CUST-104250,Alexandria,Borg El Arab,2024-05-31,Two year,713.29,573.53,2.0,Credit card,8,4.0,5928.31,0,Bundle,5G
CUST-104251,Cairo,New Cairo,2024-05-31,Month-to-month,428.37,253.19,0.0,Mobile wallet,8,5.0,3446.56,0,Fiber Internet,5G
CUST-104252,Cairo,New Cairo,2024-05-31,One year,837.05,151.63,0.0,Bank transfer,8,4.0,6983.3,0,Bundle,4G
CUST-104253,Delta,Tanta,2024-05-31,One year,144.82,8.19,1.0,Mobile wallet,8,4.0,1025.43,1,Mobile,4G
CUST-104254,Upper Egypt,Qena,2024-05-31,One year,332.26,117.55,3.0,Mobile wallet,8,3.0,2301.49,1,Fiber Internet,3G
CUST-104255,Cairo,Heliopolis,2024-06-01,One year,573.96,392.47,1.0,Mobile wallet,8,4.0,3979.65,1,Bundle,5G
CUST-104256,Cairo,New Cairo,2024-06-01,Two year,819.1,310.03,2.0,Credit card,8,4.0,6645.14,0,Bundle,4G
CUST-104257,Alexandria,Borg El Arab,2024-06-02,Month-to-month,408.53,257.82,4.0,Mobile wallet,8,2.0,3004.12,1,Fiber Internet,5G
CUST-104258,Red Sea,Sharm El Sheikh,2024-06-02,Month-to-month,515.76,259.8,4.0,Bank transfer,8,4.0,4146.73,0,Fiber Internet,5G
CUST-104259,Cairo,Maadi,2024-06-03,One year,295.21,74.72,2.0,Cash,8,2.0,2381.42,0,DSL Internet,3G
CUST-104260,Red Sea,Marsa Alam,2024-06-03,Month-to-month,216.96,9.0,1.0,Cash,8,4.0,1553.05,1,Mobile,4G
CUST-104261,Canal,Ismailia,2024-06-03,Month-to-month,578.6,269.34,1.0,Mobile wallet,8,4.0,3762.63,1,Bundle,5G
CUST-104262,Cairo,Heliopolis,2024-06-04,Month-to-month,217.6,16.86,2.0,Bank transfer,8,4.0,1641.2,0,Mobile,5G
CUST-104263,Upper Egypt,Minya,2024-06-04,Month-to-month,145.29,7.08,2.0,Credit card,8,4.0,1025.89,1,Mobile,4G
CUST-104264,Upper Egypt,Qena,2024-06-04,Two year,250.82,136.04,0.0,Cash,8,5.0,1929.81,0,DSL Internet,4G
CUST-104265,Delta,,2024-06-04,Month-to-month,143.13,12.79,0.0,Cash,8,4.0,1132.94,0,Mobile,5G
CUST-104266,Alexandria,Borg El Arab,2024-06-04,One year,176.17,7.02,1.0,Credit card,8,,1408.61,0,Mobile,4G
CUST-104267,Upper Egypt,Sohag,2024-06-04,One year,171.25,6.17,1.0,Mobile wallet,8,4.0,1502.22,0,Mobile,4G
CUST-104268,Upper Egypt,Assiut,2024-06-05,Month-to-month,428.62,153.61,0.0,Bank transfer,8,4.0,3404.72,0,Bundle,4G
CUST-104269,Upper Egypt,Sohag,2024-06-05,Month-to-month,357.55,470.23,3.0,Credit card,8,3.0,2291.18,1,Fiber Internet,5G
CUST-104270,Red Sea,Sharm El Sheikh,2024-06-05,Month-to-month,758.68,253.38,1.0,Cash,8,4.0,5354.08,1,Bundle,4G
CUST-104271,Alexandria,Montazah,2024-06-05,One year,192.63,11.85,2.0,Cash,8,3.0,1603.76,0,Mobile,4G
CUST-104272,Upper Egypt,Minya,2024-06-05,Month-to-month,133.42,4.93,2.0,Cash,8,3.0,953.83,1,Mobile,4G
CUST-104273,Canal,Suez,2024-06-06,One year,183.09,6.58,0.0,Credit card,8,4.0,1305.45,1,Mobile,4G
CUST-104274,Cairo,Heliopolis,2024-06-06,Month-to-month,496.62,191.28,0.0,Mobile wallet,8,3.0,3373.89,1,Fiber Internet,4G
CUST-104275,Cairo,Maadi,2024-06-06,Month-to-month,228.67,17.73,0.0,Cash,8,,1798.6,0,Mobile,4G
CUST-104276,Alexandria,Sidi Gaber,2024-06-06,Month-to-month,184.61,6.22,1.0,Mobile wallet,8,4.0,1426.72,0,Mobile,4G
CUST-104277,Canal,Port Said,2024-06-06,Month-to-month,512.57,171.31,3.0,Bank transfer,8,3.0,3482.5,1,Fiber Internet,4G
CUST-104278,Cairo,New Cairo,2024-06-06,Month-to-month,322.62,144.81,3.0,Mobile wallet,8,4.0,2239.51,1,DSL Internet,4G
CUST-104279,Upper Egypt,Assiut,2024-06-06,Two year,438.48,164.52,2.0,Credit card,8,4.0,3636.94,0,Fiber Internet,3G
CUST-104280,Cairo,Zamalek,2024-06-07,Month-to-month,491.75,,2.0,Mobile wallet,8,3.0,4387.33,0,Fiber Internet,4G
CUST-104281,Alexandria,Sidi Gaber,2024-06-07,One year,540.73,263.11,2.0,Cash,8,3.0,3807.3,1,Fiber Internet,4G
CUST-104282,Delta,Tanta,2024-06-07,One year,407.53,134.66,0.0,Credit card,8,4.0,3330.72,0,Fiber Internet,4G
CUST-104283,Cairo,Zamalek,2024-06-08,One year,309.77,104.71,0.0,Credit card,8,4.0,2239.05,0,DSL Internet,5G
CUST-104284,Canal,Suez,2024-06-08,One year,308.6,75.95,1.0,Mobile wallet,8,,2425.38,0,DSL Internet,4G
CUST-104285,Cairo,Zamalek,2024-06-08,Month-to-month,653.92,273.61,1.0,Mobile wallet,8,5.0,5551.88,0,Bundle,5G
CUST-104286,Canal,Ismailia,2024-06-08,One year,197.24,5.65,1.0,,8,3.0,1583.83,0,Mobile,3G
CUST-104287,Cairo,Nasr City,2024-06-09,Month-to-month,557.19,,2.0,Credit card,8,4.0,3883.96,1,Fiber Internet,4G
CUST-104288,Red Sea,Marsa Alam,2024-06-09,One year,710.45,154.08,1.0,Mobile wallet,8,3.0,6343.1,0,Bundle,3G
CUST-104289,Delta,Damanhour,2024-06-09,Month-to-month,495.3,183.67,0.0,Credit card,8,4.0,3632.1,1,Bundle,4G
CUST-104290,Cairo,Heliopolis,2024-06-09,One year,508.12,173.73,0.0,Mobile wallet,8,5.0,4190.42,0,Fiber Internet,4G
CUST-104291,Cairo,Zamalek,2024-06-10,One year,621.51,447.81,1.0,Mobile wallet,8,5.0,4959.42,0,Fiber Internet,5G
CUST-104292,Cairo,Nasr City,2024-06-10,One year,323.06,82.94,1.0,Bank transfer,8,5.0,2612.6,0,DSL Internet,4G
CUST-104293,Delta,Tanta,2024-06-10,Month-to-month,501.75,313.39,0.0,Mobile wallet,8,4.0,4357.26,0,Bundle,4G
CUST-104294,Upper Egypt,Sohag,2024-06-10,One year,387.11,218.14,4.0,Mobile wallet,8,3.0,3373.41,0,Fiber Internet,4G
CUST-104295,Alexandria,Borg El Arab,2024-06-11,One year,212.33,10.89,2.0,Mobile wallet,8,4.0,1662.13,0,Mobile,5G
CUST-104296,Alexandria,Sidi Gaber,2024-06-11,One year,721.12,376.65,0.0,Mobile wallet,8,4.0,5394.24,0,Bundle,4G
CUST-104297,Delta,Zagazig,2024-06-11,Month-to-month,232.38,34.64,2.0,Bank transfer,8,2.0,1629.87,1,DSL Internet,3G
CUST-104298,Delta,Tanta,2024-06-11,Month-to-month,191.4,13.85,2.0,Bank transfer,8,,1380.73,1,Mobile,4G
CUST-104299,Upper Egypt,Minya,2024-06-11,Month-to-month,140.03,12.1,0.0,Mobile wallet,8,4.0,1201.18,0,Mobile,5G
CUST-104300,Alexandria,Smouha,2024-06-11,One year,500.9,183.84,1.0,Bank transfer,8,5.0,3990.37,0,Fiber Internet,5G
CUST-104301,Upper Egypt,Minya,2024-06-11,Month-to-month,204.03,54.36,2.0,Bank transfer,8,4.0,1408.29,1,DSL Internet,4G
CUST-104302,Red Sea,Hurghada,2024-06-11,One year,412.16,63.88,4.0,Credit card,8,3.0,3013.45,1,DSL Internet,3G
CUST-104303,Alexandria,Montazah,2024-06-12,One year,195.47,17.94,2.0,Mobile wallet,8,4.0,1506.03,0,Mobile,5G
CUST-104304,Cairo,Nasr City,2024-06-12,One year,226.14,10.03,0.0,Credit card,8,,1791.94,0,Mobile,4G
CUST-104305,Cairo,New Cairo,2024-06-12,One year,343.13,59.83,2.0,Cash,8,4.0,2745.64,0,DSL Internet,3G
CUST-104306,Delta,Damanhour,2024-06-12,One year,173.22,8.87,0.0,Mobile wallet,8,4.0,1209.06,1,Mobile,4G
CUST-104307,Alexandria,Montazah,2024-06-12,One year,497.4,111.37,1.0,Credit card,8,3.0,4182.81,0,Fiber Internet,4G
CUST-104308,Canal,Port Said,2024-06-13,Month-to-month,468.01,248.64,3.0,Mobile wallet,8,2.0,3346.25,1,Fiber Internet,4G
CUST-104309,Delta,Damanhour,2024-06-13,Two year,195.07,14.23,1.0,Bank transfer,8,4.0,1526.83,0,Mobile,4G
CUST-104310,Delta,Mansoura,2024-06-13,Two year,283.1,185.27,2.0,Cash,8,3.0,1963.05,1,DSL Internet,5G
CUST-104311,Upper Egypt,Minya,2024-06-13,Month-to-month,140.4,6.66,1.0,Cash,8,5.0,1248.9,0,Mobile,4G
CUST-104312,Cairo,Maadi,2024-06-13,Two year,336.94,48.04,2.0,Cash,8,2.0,2539.86,0,DSL Internet,3G
CUST-104313,Upper Egypt,Qena,2024-06-13,Two year,403.07,69.53,1.0,Mobile wallet,8,3.0,2609.48,1,Fiber Internet,3G
CUST-104314,Cairo,New Cairo,2024-06-13,One year,546.67,223.43,1.0,Cash,8,4.0,4156.22,0,Fiber Internet,5G
CUST-104315,Delta,Damanhour,2024-06-13,One year,643.42,478.28,1.0,Mobile wallet,8,4.0,5209.97,0,Bundle,4G
CUST-104316,Canal,Ismailia,2024-06-14,One year,167.31,8.35,0.0,Cash,8,4.0,1399.35,0,Mobile,4G
CUST-104317,Upper Egypt,Assiut,2024-06-14,Month-to-month,248.55,66.41,2.0,Credit card,8,4.0,1731.84,1,DSL Internet,3G
CUST-104318,Canal,Suez,2024-06-15,Month-to-month,169.64,11.14,1.0,Cash,8,4.0,1326.5,0,Mobile,4G
CUST-104319,Alexandria,Smouha,2024-06-15,Month-to-month,587.61,237.48,0.0,Mobile wallet,8,4.0,4562.76,0,Bundle,4G
CUST-104320,Upper Egypt,Qena,2024-06-15,Two year,146.99,5.91,0.0,Bank transfer,8,4.0,1094.4,0,Mobile,4G
CUST-104321,Delta,Zagazig,2024-06-16,Month-to-month,406.5,205.55,2.0,Cash,8,4.0,3460.05,0,Fiber Internet,4G
CUST-104322,Delta,Tanta,2024-06-16,Two year,167.51,6.19,1.0,Mobile wallet,8,5.0,1329.22,0,Mobile,4G
CUST-104323,Cairo,Heliopolis,2024-06-16,One year,245.42,19.42,0.0,Cash,8,5.0,1980.84,0,Mobile,5G
CUST-104324,Cairo,Nasr City,2024-06-16,One year,242.45,8.12,0.0,Credit card,8,4.0,2005.77,0,Mobile,4G
CUST-104325,Delta,Zagazig,2024-06-16,Month-to-month,155.48,7.13,0.0,Mobile wallet,8,4.0,1312.84,0,Mobile,4G
CUST-104326,Cairo,Heliopolis,2024-06-16,Month-to-month,154.91,10.3,3.0,Mobile wallet,8,2.0,1228.08,0,Mobile,5G
CUST-104327,Upper Egypt,Qena,2024-06-16,Month-to-month,185.35,20.27,1.0,Credit card,8,5.0,1428.7,0,Mobile,5G
CUST-104328,Upper Egypt,Assiut,2024-06-16,Month-to-month,180.38,35.44,0.0,Mobile wallet,8,4.0,1261.57,1,DSL Internet,4G
CUST-104329,Canal,Port Said,2024-06-17,Month-to-month,416.22,359.91,0.0,Mobile wallet,7,4.0,2898.19,0,Fiber Internet,4G
CUST-104330,Cairo,Nasr City,2024-06-17,Month-to-month,190.93,7.36,0.0,Bank transfer,7,5.0,1306.69,0,Mobile,4G
CUST-104331,Canal,Ismailia,2024-06-17,Month-to-month,608.98,224.82,0.0,Mobile wallet,7,4.0,3469.39,1,Bundle,4G
CUST-104332,Cairo,Maadi,2024-06-17,One year,517.18,129.65,0.0,Credit card,7,3.0,3151.37,1,Fiber Internet,3G
CUST-104333,Alexandria,Montazah,2024-06-18,Month-to-month,166.53,5.17,3.0,Cash,7,3.0,1052.15,1,Mobile,3G
CUST-104334,Upper Egypt,Minya,2024-06-18,Month-to-month,362.36,209.08,1.0,Cash,7,4.0,2714.25,0,Fiber Internet,4G
CUST-104335,Cairo,Nasr City,2024-06-18,Two year,484.33,131.37,7.0,Mobile wallet,7,1.0,2818.06,1,Fiber Internet,3G
CUST-104336,Cairo,Heliopolis,2024-06-18,One year,514.79,382.42,2.0,Mobile wallet,7,4.0,3306.02,1,Fiber Internet,4G
CUST-104337,Cairo,Heliopolis,2024-06-19,Two year,843.14,529.06,1.0,Bank transfer,7,4.0,5642.15,0,Bundle,5G
CUST-104338,Delta,Tanta,2024-06-19,One year,498.78,195.99,3.0,Bank transfer,7,4.0,3512.3,0,Fiber Internet,4G
CUST-104339,Upper Egypt,Assiut,2024-06-19,Month-to-month,392.35,145.28,0.0,Cash,7,4.0,2861.31,0,Bundle,4G
CUST-104340,Cairo,Nasr City,2024-06-19,Two year,330.67,94.49,0.0,Bank transfer,7,5.0,2365.85,0,DSL Internet,4G
CUST-104341,Cairo,Heliopolis,2024-06-20,Two year,809.13,419.56,1.0,Bank transfer,7,,5983.8,0,Bundle,4G
CUST-104342,Delta,Tanta,2024-06-20,One year,308.78,356.29,0.0,Bank transfer,7,5.0,2072.86,0,Fiber Internet,5G
CUST-104343,Cairo,Heliopolis,2024-06-20,One year,640.03,473.73,2.0,Mobile wallet,7,4.0,4447.49,0,Fiber Internet,5G
CUST-104344,Upper Egypt,Assiut,2024-06-20,Month-to-month,181.16,28.55,0.0,Cash,7,,1257.82,0,DSL Internet,4G
CUST-104345,Canal,Port Said,2024-06-20,One year,259.39,48.33,0.0,Credit card,7,4.0,1898.47,0,DSL Internet,4G
CUST-104346,Upper Egypt,Assiut,2024-06-20,One year,164.72,8.44,2.0,Credit card,7,2.0,979.17,1,Mobile,4G
CUST-104347,Canal,Ismailia,2024-06-20,One year,191.67,12.97,0.0,Credit card,7,5.0,1354.23,0,Mobile,5G
CUST-104348,Delta,Damanhour,2024-06-20,Month-to-month,141.47,7.65,1.0,Credit card,7,4.0,980.06,0,Mobile,4G
CUST-104349,Upper Egypt,Sohag,2024-06-20,Month-to-month,176.4,12.92,0.0,Bank transfer,7,4.0,1252.68,0,Mobile,4G
CUST-104350,Cairo,Nasr City,2024-06-21,Month-to-month,436.58,265.05,1.0,Mobile wallet,7,4.0,2540.77,1,Bundle,4G
CUST-104351,Cairo,Nasr City,2024-06-21,Month-to-month,260.26,55.1,4.0,Mobile wallet,7,2.0,1491.63,1,DSL Internet,3G
CUST-104352,Delta,Tanta,2024-06-21,Month-to-month,148.34,4.98,1.0,Credit card,7,3.0,1017.67,0,Mobile,4G
CUST-104353,Cairo,Nasr City,2024-06-21,Two year,508.64,206.4,2.0,Mobile wallet,7,4.0,3429.71,0,Fiber Internet,5G
CUST-104354,Canal,Port Said,2024-06-21,Month-to-month,199.58,5.43,1.0,Cash,7,4.0,1385.73,0,Mobile,3G
CUST-104355,Upper Egypt,Qena,2024-06-22,Month-to-month,351.77,180.04,0.0,Bank transfer,7,4.0,2539.39,0,Bundle,4G
CUST-104356,Red Sea,Marsa Alam,2024-06-22,Month-to-month,756.27,188.44,2.0,Credit card,7,5.0,5010.66,0,Bundle,4G
CUST-104357,Alexandria,Borg El Arab,2024-06-23,One year,196.63,11.67,0.0,Mobile wallet,7,4.0,1353.62,0,Mobile,4G
CUST-104358,Delta,Zagazig,2024-06-23,One year,147.12,6.7,0.0,Credit card,7,,1119.24,0,Mobile,5G
CUST-104359,Upper Egypt,Sohag,2024-06-23,One year,360.29,105.37,,,7,4.0,2006.54,1,Bundle,5G
CUST-104360,Cairo,Heliopolis,2024-06-23,Two year,564.06,246.76,0.0,Cash,7,4.0,3772.01,0,Fiber Internet,5G
CUST-104361,Delta,Tanta,2024-06-23,Two year,539.05,468.91,2.0,Cash,7,4.0,3818.96,0,Bundle,5G
CUST-104362,Delta,Damanhour,2024-06-24,Two year,196.53,15.11,3.0,Credit card,7,3.0,1287.45,0,Mobile,4G
CUST-104363,Red Sea,Sharm El Sheikh,2024-06-24,Two year,224.37,6.51,0.0,Credit card,7,,1562.36,0,Mobile,4G
CUST-104364,Upper Egypt,Sohag,2024-06-24,Month-to-month,234.08,55.97,2.0,Cash,7,4.0,1748.22,0,DSL Internet,4G
CUST-104365,Cairo,Zamalek,2024-06-24,One year,228.83,19.4,2.0,Bank transfer,7,4.0,1561.71,0,Mobile,5G
CUST-104366,Alexandria,Sidi Gaber,2024-06-24,Month-to-month,542.6,273.39,0.0,Bank transfer,7,5.0,3662.14,0,Bundle,5G
CUST-104367,Delta,Tanta,2024-06-24,Two year,310.25,161.98,0.0,Mobile wallet,7,4.0,2030.3,0,DSL Internet,4G
CUST-104368,Cairo,Maadi,2024-06-24,Month-to-month,217.2,12.83,0.0,Credit card,7,,1257.28,1,Mobile,4G
CUST-104369,Alexandria,Smouha,2024-06-25,Month-to-month,474.05,257.91,2.0,Mobile wallet,7,3.0,3286.44,0,Fiber Internet,4G
CUST-104370,Cairo,Nasr City,2024-06-25,Month-to-month,350.2,91.45,1.0,Cash,7,4.0,2660.72,0,DSL Internet,4G
CUST-104371,Cairo,Heliopolis,2024-06-25,One year,697.65,293.13,2.0,Mobile wallet,7,3.0,4847.09,0,Bundle,4G
CUST-104372,Delta,Damanhour,2024-06-25,One year,179.64,16.46,0.0,Bank transfer,7,3.0,1250.48,0,Mobile,4G
CUST-104373,Cairo,Maadi,2024-06-26,Month-to-month,338.12,119.16,1.0,Cash,7,5.0,2362.23,0,DSL Internet,4G
CUST-104374,Delta,Zagazig,2024-06-26,One year,121.8,6.76,1.0,Mobile wallet,7,4.0,822.84,0,Mobile,4G
CUST-104375,Cairo,Maadi,2024-06-26,Month-to-month,647.59,309.89,1.0,Credit card,7,,3518.68,1,Bundle,5G
CUST-104376,Upper Egypt,Sohag,2024-06-26,Two year,238.29,80.14,0.0,Mobile wallet,7,4.0,1764.31,0,DSL Internet,5G
CUST-104377,Cairo,Nasr City,2024-06-26,Month-to-month,221.2,7.48,2.0,Credit card,7,3.0,1359.24,1,Mobile,4G
CUST-104378,Canal,Ismailia,2024-06-26,Month-to-month,222.92,65.28,1.0,Bank transfer,7,5.0,1629.75,0,DSL Internet,4G
CUST-104379,Cairo,Zamalek,2024-06-26,One year,384.73,41.97,1.0,Mobile wallet,7,,2718.4,0,DSL Internet,3G
CUST-104380,Delta,Tanta,2024-06-26,One year,233.43,30.49,2.0,Credit card,7,4.0,1709.75,0,DSL Internet,3G
CUST-104381,Alexandria,Montazah,2024-06-27,Two year,204.62,4.72,3.0,Credit card,7,4.0,1343.91,0,Mobile,4G
CUST-104382,Cairo,Heliopolis,2024-06-27,One year,307.68,122.55,1.0,Mobile wallet,7,4.0,2158.13,0,DSL Internet,5G
CUST-104383,Alexandria,Sidi Gaber,2024-06-27,Two year,785.24,494.92,0.0,Bank transfer,7,5.0,5610.13,0,Bundle,5G
CUST-104384,Upper Egypt,Minya,2024-06-27,Month-to-month,105.06,5.61,1.0,Mobile wallet,7,5.0,774.21,0,Mobile,4G
CUST-104385,Canal,Ismailia,2024-06-27,Month-to-month,212.29,13.34,2.0,Bank transfer,7,4.0,1510.77,0,Mobile,5G
CUST-104386,Alexandria,Smouha,2024-06-28,Two year,806.67,357.5,0.0,Mobile wallet,7,,5740.87,0,Bundle,4G
CUST-104387,Cairo,Heliopolis,2024-06-28,Month-to-month,456.06,458.92,1.0,Cash,7,5.0,2761.11,1,Fiber Internet,5G
CUST-104388,Upper Egypt,Sohag,2024-06-28,Two year,449.46,373.31,2.0,Credit card,7,2.0,2960.18,0,Fiber Internet,4G
CUST-104389,Delta,Damanhour,2024-06-28,Month-to-month,511.65,312.73,2.0,Cash,7,4.0,2997.01,1,Bundle,5G
CUST-104390,Cairo,Maadi,2024-06-28,One year,283.25,11.36,0.0,Credit card,7,5.0,1665.19,1,Mobile,4G
CUST-104391,Upper Egypt,Qena,2024-06-28,Month-to-month,233.94,42.87,0.0,Bank transfer,7,4.0,1450.42,1,DSL Internet,3G
CUST-104392,Delta,Zagazig,2024-06-29,One year,535.99,254.94,3.0,Bank transfer,7,4.0,3829.04,0,Fiber Internet,4G
CUST-104393,Delta,Mansoura,2024-06-29,Two year,151.95,11.06,1.0,Credit card,7,4.0,1127.73,0,Mobile,5G
CUST-104394,Alexandria,Sidi Gaber,2024-06-29,Month-to-month,588.52,315.5,0.0,Credit card,7,,4200.07,0,Bundle,5G
CUST-104395,Alexandria,Borg El Arab,2024-06-29,Month-to-month,206.86,,1.0,Mobile wallet,7,4.0,1435.67,0,DSL Internet,4G
CUST-104396,Cairo,Maadi,2024-06-29,Month-to-month,196.72,10.47,1.0,Cash,7,,1447.68,0,Mobile,5G
CUST-104397,Upper Egypt,Minya,2024-06-29,Month-to-month,579.61,61.57,3.0,Cash,7,3.0,3304.57,1,Bundle,3G
CUST-104398,Cairo,Zamalek,2024-06-30,Month-to-month,696.22,303.94,0.0,Cash,7,5.0,4816.84,0,Bundle,5G
CUST-104399,Upper Egypt,Minya,2024-06-30,Two year,276.89,222.9,0.0,Bank transfer,7,4.0,1864.81,0,DSL Internet,5G
CUST-104400,Upper Egypt,Assiut,2024-07-01,Month-to-month,153.78,12.31,1.0,Credit card,7,4.0,1028.2,0,Mobile,4G
CUST-104401,Upper Egypt,Sohag,2024-07-01,Month-to-month,152.59,10.63,0.0,Credit card,7,4.0,875.74,1,Mobile,4G
CUST-104402,Cairo,Maadi,2024-07-01,Month-to-month,284.01,47.93,3.0,Mobile wallet,7,4.0,1658.97,1,DSL Internet,3G
CUST-104403,Cairo,Maadi,2024-07-01,Month-to-month,595.82,181.25,1.0,Cash,7,4.0,3602.14,1,Bundle,4G
CUST-104404,Alexandria,Borg El Arab,2024-07-01,Month-to-month,171.4,,1.0,Bank transfer,7,4.0,1182.97,0,Mobile,3G
CUST-104405,Delta,Mansoura,2024-07-02,One year,269.04,138.08,1.0,Credit card,7,4.0,1902.85,0,Fiber Internet,5G
CUST-104406,Canal,Ismailia,2024-07-02,One year,188.38,13.63,0.0,Bank transfer,7,4.0,1330.33,0,Mobile,5G
CUST-104407,Alexandria,Borg El Arab,2024-07-02,Two year,523.58,191.77,0.0,Cash,7,4.0,2847.84,1,Fiber Internet,3G
CUST-104408,Canal,Port Said,2024-07-02,Month-to-month,369.61,247.71,0.0,Bank transfer,7,4.0,2603.28,0,Fiber Internet,5G
CUST-104409,Cairo,Zamalek,2024-07-02,One year,229.19,14.15,0.0,Mobile wallet,7,4.0,1556.2,0,Mobile,5G
CUST-104410,Alexandria,Borg El Arab,2024-07-02,Two year,542.41,304.89,1.0,Bank transfer,7,3.0,3547.4,0,Fiber Internet,4G
CUST-104411,Cairo,Heliopolis,2024-07-03,Two year,647.03,360.91,2.0,Bank transfer,7,4.0,4570.24,0,Fiber Internet,5G
CUST-104412,Upper Egypt,Minya,2024-07-03,Two year,334.78,236.19,0.0,Bank transfer,7,4.0,2013.8,1,Fiber Internet,5G
CUST-104413,Cairo,Heliopolis,2024-07-03,Month-to-month,588.47,358.8,1.0,Mobile wallet,7,4.0,4143.54,0,Bundle,4G
CUST-104414,Cairo,Nasr City,2024-07-03,Two year,273.04,8.14,0.0,Mobile wallet,7,,1964.3,0,Mobile,5G
CUST-104415,Upper Egypt,Assiut,2024-07-03,Two year,182.95,10.14,0.0,Bank transfer,7,4.0,1245.74,0,Mobile,4G
CUST-104416,Delta,Damanhour,2024-07-03,Two year,522.64,166.69,0.0,Bank transfer,7,4.0,3513.24,0,Fiber Internet,4G
CUST-104417,Cairo,Nasr City,2024-07-03,One year,636.16,226.2,0.0,Credit card,7,,4445.83,0,Fiber Internet,4G
CUST-104418,Cairo,Maadi,2024-07-04,Two year,326.77,20.49,0.0,Credit card,7,4.0,2245.1,0,Mobile,5G
CUST-104419,Delta,Zagazig,2024-07-04,Month-to-month,483.99,235.2,1.0,Credit card,7,4.0,3217.39,1,Bundle,5G
CUST-104420,Alexandria,Montazah,2024-07-04,One year,245.87,11.99,0.0,Credit card,7,4.0,1710.11,0,Mobile,4G
CUST-104421,Cairo,Heliopolis,2024-07-04,One year,205.27,11.08,2.0,Mobile wallet,7,3.0,1435.07,0,Mobile,4G
CUST-104422,Delta,Damanhour,2024-07-04,One year,338.55,,0.0,Cash,7,5.0,1956.93,1,DSL Internet,4G
CUST-104423,Cairo,Zamalek,2024-07-05,One year,768.23,411.55,2.0,Mobile wallet,7,3.0,5144.57,0,Bundle,5G
CUST-104424,Delta,Damanhour,2024-07-05,Month-to-month,403.95,93.0,3.0,Mobile wallet,7,3.0,2633.36,0,Fiber Internet,3G
CUST-104425,Alexandria,Montazah,2024-07-05,Month-to-month,208.33,9.68,0.0,Cash,7,5.0,1435.57,0,Mobile,4G
CUST-104426,Cairo,New Cairo,2024-07-05,Month-to-month,173.78,8.99,1.0,Cash,7,3.0,1203.15,0,Mobile,4G
CUST-104427,Cairo,Zamalek,2024-07-06,One year,200.58,4.02,2.0,Bank transfer,7,3.0,1461.72,0,Mobile,3G
CUST-104428,Cairo,Heliopolis,2024-07-06,One year,552.2,462.72,3.0,Credit card,7,3.0,3815.21,0,Fiber Internet,5G
CUST-104429,Cairo,New Cairo,2024-07-06,Two year,375.37,173.32,2.0,Credit card,7,4.0,2576.79,0,DSL Internet,5G
CUST-104430,Alexandria,Borg El Arab,2024-07-06,Two year,276.52,10.77,3.0,Cash,7,4.0,1947.63,0,Mobile,4G
CUST-104431,Canal,Suez,2024-07-06,One year,389.46,278.78,5.0,Credit card,7,4.0,2318.67,1,Fiber Internet,5G
CUST-104432,Upper Egypt,Qena,2024-07-06,Month-to-month,249.9,129.45,0.0,Bank transfer,7,5.0,1809.91,0,DSL Internet,5G
CUST-104433,Alexandria,Montazah,2024-07-06,One year,196.96,7.65,3.0,Mobile wallet,7,2.0,1245.2,1,Mobile,3G
CUST-104434,Delta,Damanhour,2024-07-07,Two year,183.74,6.57,5.0,Mobile wallet,7,1.0,1279.26,0,Mobile,3G
CUST-104435,Delta,Zagazig,2024-07-07,One year,252.69,138.85,0.0,Mobile wallet,7,5.0,1693.08,0,DSL Internet,5G
CUST-104436,Upper Egypt,Qena,2024-07-07,Two year,163.2,11.14,0.0,Cash,7,5.0,1131.18,0,Mobile,4G
CUST-104437,Cairo,Maadi,2024-07-07,Two year,264.42,12.64,0.0,Mobile wallet,7,5.0,1859.14,0,Mobile,4G
CUST-104438,Cairo,Nasr City,2024-07-08,Month-to-month,200.12,,2.0,Cash,7,4.0,1319.56,0,Mobile,4G
CUST-104439,Alexandria,Smouha,2024-07-08,One year,388.73,322.89,1.0,Credit card,7,4.0,2678.34,0,Fiber Internet,5G
CUST-104440,Cairo,Maadi,2024-07-08,One year,525.08,119.0,1.0,Cash,7,5.0,3440.3,0,Fiber Internet,4G
CUST-104441,Alexandria,Smouha,2024-07-08,Month-to-month,456.25,66.41,1.0,Mobile wallet,7,3.0,3234.15,0,Fiber Internet,4G
CUST-104442,Canal,Ismailia,2024-07-09,Month-to-month,140.87,9.35,0.0,Credit card,7,3.0,938.4,0,Mobile,4G
CUST-104443,Canal,Suez,2024-07-09,Month-to-month,432.37,209.84,0.0,Cash,7,5.0,2550.01,1,Fiber Internet,4G
CUST-104444,Cairo,Nasr City,2024-07-09,Month-to-month,243.32,18.04,0.0,Cash,7,4.0,1685.86,0,Mobile,5G
CUST-104445,Alexandria,Montazah,2024-07-09,One year,756.8,597.57,3.0,Cash,7,3.0,5003.43,0,Bundle,5G
CUST-104446,Alexandria,Borg El Arab,2024-07-09,Month-to-month,599.45,229.03,1.0,Cash,7,4.0,4186.76,0,Bundle,4G
CUST-104447,Delta,Mansoura,2024-07-09,Month-to-month,288.83,123.64,2.0,Bank transfer,7,2.0,1651.27,1,Fiber Internet,4G
CUST-104448,Delta,Zagazig,2024-07-09,One year,193.8,12.04,0.0,Credit card,7,5.0,1431.95,0,Mobile,4G
CUST-104449,Cairo,,2024-07-10,Month-to-month,343.01,,0.0,Credit card,7,4.0,2519.9,0,DSL Internet,4G
CUST-104450,Upper Egypt,Minya,2024-07-10,Two year,154.55,10.92,2.0,Cash,7,5.0,1128.73,0,Mobile,5G
CUST-104451,Red Sea,Hurghada,2024-07-10,Month-to-month,200.25,10.46,0.0,Cash,7,5.0,1204.19,1,Mobile,4G
CUST-104452,Delta,Zagazig,2024-07-10,Month-to-month,534.78,341.28,2.0,Cash,7,4.0,3780.64,0,Bundle,5G
CUST-104453,Delta,Mansoura,2024-07-11,Two year,234.97,5.4,0.0,Cash,7,3.0,1627.21,0,Mobile,3G
CUST-104454,Delta,Mansoura,2024-07-11,Two year,184.32,7.9,1.0,Mobile wallet,7,3.0,1313.28,0,Mobile,4G
CUST-104455,Alexandria,Sidi Gaber,2024-07-11,One year,531.17,151.62,2.0,Credit card,7,3.0,3948.34,0,Fiber Internet,4G
CUST-104456,Cairo,New Cairo,2024-07-11,One year,566.39,254.09,1.0,Credit card,7,5.0,3795.18,0,Fiber Internet,5G
CUST-104457,Delta,Mansoura,2024-07-11,Month-to-month,387.14,293.43,4.0,Bank transfer,7,3.0,2747.99,0,Fiber Internet,4G
CUST-104458,Cairo,Zamalek,2024-07-11,One year,273.48,16.15,1.0,Mobile wallet,7,5.0,1776.35,0,Mobile,5G
CUST-104459,Upper Egypt,Qena,2024-07-11,Month-to-month,185.71,115.2,1.0,Credit card,7,4.0,1273.86,0,DSL Internet,5G
CUST-104460,Alexandria,Borg El Arab,2024-07-11,One year,210.12,6.41,2.0,Cash,7,3.0,1461.89,0,Mobile,4G
CUST-104461,Alexandria,Sidi Gaber,2024-07-11,Month-to-month,576.27,484.27,1.0,Mobile wallet,7,4.0,3489.18,1,Bundle,4G
CUST-104462,Alexandria,Smouha,2024-07-11,One year,164.04,6.51,0.0,Bank transfer,7,4.0,1175.25,0,Mobile,4G
CUST-104463,Red Sea,Hurghada,2024-07-11,Month-to-month,234.55,7.61,0.0,Cash,7,5.0,1721.99,0,Mobile,4G
CUST-104464,Cairo,Zamalek,2024-07-12,Month-to-month,545.25,212.15,2.0,Mobile wallet,7,3.0,3076.49,1,Fiber Internet,4G
CUST-104465,Cairo,Nasr City,2024-07-12,Month-to-month,211.87,7.72,1.0,Mobile wallet,7,3.0,1310.9,1,Mobile,4G
CUST-104466,Cairo,Zamalek,2024-07-12,One year,525.53,0.0,0.0,Bank transfer,7,5.0,3931.01,0,Fiber Internet,4G
CUST-104467,Delta,Tanta,2024-07-12,Month-to-month,161.73,5.31,1.0,Bank transfer,7,5.0,952.41,1,Mobile,4G
CUST-104468,Red Sea,Marsa Alam,2024-07-12,One year,569.29,172.28,2.0,Credit card,7,,3891.31,0,Fiber Internet,3G
CUST-104469,Cairo,Zamalek,2024-07-12,Month-to-month,212.4,13.4,1.0,Mobile wallet,7,4.0,1493.92,0,Mobile,4G
CUST-104470,Canal,Ismailia,2024-07-12,One year,405.73,245.85,2.0,Mobile wallet,7,4.0,2822.95,0,Fiber Internet,5G
CUST-104471,Cairo,Zamalek,2024-07-13,Month-to-month,196.77,8.45,1.0,Cash,7,4.0,1365.38,0,Mobile,5G
CUST-104472,Delta,Damanhour,2024-07-13,Two year,190.36,10.64,0.0,Cash,7,5.0,1409.0,0,Mobile,5G
CUST-104473,Cairo,Maadi,2024-07-13,Month-to-month,185.37,9.36,1.0,Credit card,7,4.0,1217.96,1,Mobile,4G
CUST-104474,Delta,Zagazig,2024-07-13,Month-to-month,243.73,63.15,0.0,Cash,7,4.0,1443.34,1,DSL Internet,4G
CUST-104475,Delta,Zagazig,2024-07-14,Month-to-month,209.52,59.65,1.0,Credit card,7,4.0,1602.29,0,DSL Internet,4G
CUST-104476,Delta,Damanhour,2024-07-14,Month-to-month,141.66,15.12,1.0,Credit card,7,4.0,977.52,0,Mobile,5G
CUST-104477,Cairo,Heliopolis,2024-07-14,Month-to-month,298.51,13.43,2.0,Mobile wallet,7,3.0,2152.81,0,Mobile,4G
CUST-104478,Upper Egypt,Sohag,2024-07-14,Month-to-month,180.5,9.36,2.0,Cash,7,3.0,1037.69,1,Mobile,4G
CUST-104479,Red Sea,Marsa Alam,2024-07-14,Two year,242.79,13.0,1.0,Cash,7,4.0,1639.47,0,Mobile,4G
CUST-104480,Alexandria,Borg El Arab,2024-07-15,One year,528.68,110.73,2.0,Cash,7,,3652.59,0,Fiber Internet,3G
CUST-104481,Delta,Zagazig,2024-07-15,Month-to-month,183.19,8.95,0.0,Credit card,7,4.0,1324.97,0,Mobile,4G
CUST-104482,Upper Egypt,Assiut,2024-07-15,Month-to-month,444.06,214.44,1.0,Credit card,7,4.0,3134.25,0,Bundle,4G
CUST-104483,Cairo,Maadi,2024-07-15,Month-to-month,315.9,138.78,4.0,Credit card,7,2.0,2065.82,0,DSL Internet,4G
CUST-104484,Canal,Ismailia,2024-07-15,Month-to-month,166.4,14.34,0.0,Mobile wallet,7,4.0,1102.67,0,Mobile,5G
CUST-104485,Cairo,Zamalek,2024-07-16,Month-to-month,245.38,17.33,2.0,Mobile wallet,7,,1598.91,0,Mobile,4G
CUST-104486,Upper Egypt,Minya,2024-07-16,Month-to-month,167.93,4.75,1.0,Credit card,7,4.0,1020.36,1,Mobile,3G
CUST-104487,Cairo,New Cairo,2024-07-16,Month-to-month,253.78,11.08,1.0,Bank transfer,7,5.0,1786.91,0,Mobile,5G
CUST-104488,Cairo,Nasr City,2024-07-16,Two year,600.35,464.56,3.0,Mobile wallet,7,3.0,3620.52,1,Fiber Internet,5G
CUST-104489,Delta,Tanta,2024-07-16,One year,229.12,9.9,2.0,Mobile wallet,7,3.0,1611.36,0,Mobile,4G
CUST-104490,Delta,Zagazig,2024-07-16,Two year,188.77,7.39,0.0,Bank transfer,7,4.0,1281.27,0,Mobile,4G
CUST-104491,Canal,Port Said,2024-07-17,Month-to-month,218.11,12.75,0.0,Bank transfer,7,4.0,1537.05,0,Mobile,4G
CUST-104492,Red Sea,Hurghada,2024-07-17,Two year,522.61,234.44,1.0,Mobile wallet,7,4.0,3867.92,0,Fiber Internet,4G
CUST-104493,Cairo,New Cairo,2024-07-17,Month-to-month,175.37,8.73,1.0,Mobile wallet,7,4.0,1255.49,0,Mobile,5G
CUST-104494,Cairo,Nasr City,2024-07-17,Month-to-month,829.28,354.13,1.0,Bank transfer,7,,5533.11,0,Bundle,4G
CUST-104495,Alexandria,Smouha,2024-07-17,Two year,236.29,27.7,1.0,Credit card,7,,1398.71,1,Mobile,5G
CUST-104496,Alexandria,Borg El Arab,2024-07-17,Month-to-month,197.03,10.57,0.0,Cash,7,4.0,1344.51,0,Mobile,4G
CUST-104497,Delta,Damanhour,2024-07-18,Month-to-month,358.27,216.24,2.0,Mobile wallet,6,4.0,1854.48,1,Fiber Internet,5G
CUST-104498,Canal,Port Said,2024-07-18,Two year,420.19,60.02,2.0,Credit card,6,4.0,2414.44,0,Fiber Internet,3G
CUST-104499,Upper Egypt,Minya,2024-07-18,One year,334.18,411.53,3.0,Mobile wallet,6,3.0,2019.58,0,Fiber Internet,5G
CUST-104500,Cairo,Zamalek,2024-07-18,One year,551.66,186.56,2.0,Mobile wallet,6,4.0,2720.33,1,Fiber Internet,4G
CUST-104501,Alexandria,Montazah,2024-07-19,Month-to-month,180.27,5.91,1.0,Credit card,6,3.0,1047.93,0,Mobile,4G
CUST-104502,Delta,,2024-07-19,Month-to-month,120.46,7.02,1.0,Credit card,6,,728.73,0,Mobile,4G
CUST-104503,Alexandria,Montazah,2024-07-19,Two year,264.49,15.94,0.0,Cash,6,5.0,1572.83,0,Mobile,4G
CUST-104504,Cairo,Maadi,2024-07-20,Month-to-month,463.54,279.44,0.0,Mobile wallet,6,4.0,2386.63,1,Fiber Internet,4G
CUST-104505,Alexandria,Borg El Arab,2024-07-20,Month-to-month,498.07,91.18,6.0,Credit card,6,1.0,2441.67,1,Fiber Internet,3G
CUST-104506,Alexandria,Sidi Gaber,2024-07-20,Month-to-month,389.65,165.82,1.0,Cash,6,5.0,1856.03,1,Fiber Internet,4G
CUST-104507,Cairo,Zamalek,2024-07-20,Two year,786.22,279.01,1.0,Bank transfer,6,4.0,4678.19,0,Bundle,4G
CUST-104508,Upper Egypt,Minya,2024-07-21,One year,417.1,240.1,3.0,Mobile wallet,6,3.0,2527.63,0,Fiber Internet,4G
CUST-104509,Alexandria,Montazah,2024-07-21,Month-to-month,634.05,415.7,1.0,Bank transfer,6,4.0,3897.19,0,Bundle,5G
CUST-104510,Delta,Zagazig,2024-07-21,Two year,427.72,197.73,0.0,Credit card,6,3.0,2547.2,0,Fiber Internet,4G
CUST-104511,Delta,,2024-07-21,Month-to-month,400.78,126.06,2.0,Credit card,6,3.0,2071.47,1,Fiber Internet,3G
CUST-104512,Canal,Suez,2024-07-21,Two year,513.54,137.7,1.0,Cash,6,4.0,2915.92,0,Fiber Internet,4G
CUST-104513,Cairo,Heliopolis,2024-07-22,Month-to-month,206.08,11.23,3.0,Mobile wallet,6,3.0,1284.94,0,Mobile,4G
CUST-104514,Cairo,Maadi,2024-07-22,Month-to-month,179.7,13.93,0.0,Cash,6,5.0,918.95,1,Mobile,5G
CUST-104515,Alexandria,Borg El Arab,2024-07-22,Month-to-month,394.17,169.61,1.0,Credit card,6,4.0,2323.06,0,Fiber Internet,4G
CUST-104516,Alexandria,Borg El Arab,2024-07-22,Two year,206.07,13.31,1.0,Mobile wallet,6,4.0,1288.26,0,Mobile,5G
CUST-104517,Cairo,Zamalek,2024-07-22,Two year,248.57,17.03,1.0,Mobile wallet,6,4.0,1258.32,1,Mobile,5G
CUST-104518,Upper Egypt,Sohag,2024-07-22,One year,276.69,121.26,0.0,Mobile wallet,6,4.0,1744.96,0,DSL Internet,5G
CUST-104519,Cairo,Nasr City,2024-07-22,Month-to-month,548.13,491.53,2.0,Bank transfer,6,3.0,3186.58,0,Fiber Internet,4G
CUST-104520,Cairo,Zamalek,2024-07-23,Month-to-month,187.83,13.94,1.0,Mobile wallet,6,,1096.21,0,Mobile,4G
CUST-104521,Alexandria,Borg El Arab,2024-07-23,Month-to-month,227.76,21.36,2.0,Credit card,6,4.0,1396.61,0,Mobile,5G
CUST-104522,Upper Egypt,Sohag,2024-07-23,Month-to-month,442.13,230.64,0.0,Credit card,6,4.0,2216.6,1,Bundle,5G
CUST-104523,Canal,Port Said,2024-07-23,Month-to-month,580.53,245.49,2.0,Cash,6,3.0,2735.49,1,Bundle,5G
CUST-104524,Upper Egypt,Qena,2024-07-23,One year,325.1,,1.0,Credit card,6,5.0,2096.51,0,Fiber Internet,5G
CUST-104525,Delta,Zagazig,2024-07-23,One year,167.59,12.85,1.0,Credit card,6,4.0,1076.0,0,Mobile,5G
CUST-104526,Upper Egypt,Assiut,2024-07-23,Two year,192.12,8.85,0.0,Cash,6,5.0,967.96,1,Mobile,5G
CUST-104527,Upper Egypt,Assiut,2024-07-23,Month-to-month,127.18,8.15,3.0,Bank transfer,6,3.0,618.43,1,Mobile,4G
CUST-104528,Cairo,Zamalek,2024-07-23,Month-to-month,305.69,147.21,1.0,Mobile wallet,6,4.0,1785.41,0,DSL Internet,4G
CUST-104529,Delta,Zagazig,2024-07-23,One year,440.89,95.22,0.0,Cash,6,4.0,2686.27,0,Fiber Internet,4G
CUST-104530,Upper Egypt,Assiut,2024-07-23,Month-to-month,179.82,81.22,1.0,Mobile wallet,6,4.0,950.76,1,DSL Internet,5G
CUST-104531,Alexandria,Smouha,2024-07-24,One year,156.25,11.78,2.0,Credit card,6,3.0,1036.7,0,Mobile,4G
CUST-104532,Delta,Damanhour,2024-07-24,One year,619.29,264.08,0.0,Mobile wallet,6,3.0,3670.94,0,Bundle,4G
CUST-104533,Delta,Tanta,2024-07-24,Month-to-month,515.81,232.4,1.0,Mobile wallet,6,5.0,2542.32,1,Fiber Internet,5G
CUST-104534,Delta,Tanta,2024-07-24,Month-to-month,170.71,10.81,1.0,Bank transfer,6,3.0,1017.48,0,Mobile,4G
CUST-104535,Cairo,Zamalek,2024-07-25,Two year,626.93,199.36,0.0,Mobile wallet,6,5.0,3823.06,0,Fiber Internet,4G
CUST-104536,Delta,Tanta,2024-07-25,One year,367.71,221.54,1.0,Cash,6,4.0,1775.7,1,Fiber Internet,5G
CUST-104537,Canal,Port Said,2024-07-26,One year,702.81,183.27,1.0,Credit card,6,3.0,3987.0,0,Bundle,4G
CUST-104538,Cairo,Zamalek,2024-07-26,One year,515.36,208.78,3.0,Credit card,6,4.0,2552.79,1,Fiber Internet,4G
CUST-104539,Alexandria,Sidi Gaber,2024-07-26,One year,727.86,358.74,1.0,Mobile wallet,6,3.0,4421.3,0,Bundle,4G
CUST-104540,Cairo,Maadi,2024-07-26,Month-to-month,226.71,13.29,0.0,Bank transfer,6,3.0,1453.53,0,Mobile,5G
CUST-104541,Cairo,New Cairo,2024-07-26,Two year,268.07,14.44,0.0,Cash,6,3.0,1538.98,0,Mobile,4G
CUST-104542,Red Sea,Sharm El Sheikh,2024-07-27,Two year,255.72,11.34,0.0,Credit card,6,4.0,1603.64,0,Mobile,4G
CUST-104543,Delta,Damanhour,2024-07-27,Month-to-month,172.85,12.09,3.0,Credit card,6,2.0,860.72,1,Mobile,4G
CUST-104544,Alexandria,Sidi Gaber,2024-07-27,Month-to-month,593.08,289.01,1.0,Mobile wallet,6,4.0,3523.75,0,Bundle,5G
CUST-104545,Cairo,Nasr City,2024-07-28,One year,261.51,18.64,1.0,Cash,6,3.0,1471.66,0,Mobile,4G
CUST-104546,Red Sea,Marsa Alam,2024-07-29,One year,201.56,11.95,0.0,Credit card,6,5.0,1228.32,0,Mobile,4G
CUST-104547,Cairo,Maadi,2024-07-29,Month-to-month,203.6,15.31,0.0,Cash,6,5.0,1235.03,0,Mobile,5G
CUST-104548,Upper Egypt,Qena,2024-07-29,One year,272.98,155.04,0.0,Bank transfer,6,4.0,1786.45,0,DSL Internet,5G
CUST-104549,Cairo,Zamalek,2024-07-29,One year,738.78,232.31,0.0,Credit card,6,3.0,4386.93,0,Bundle,4G
CUST-104550,Cairo,Maadi,2024-07-29,One year,321.25,93.99,0.0,Mobile wallet,6,4.0,2047.28,0,DSL Internet,4G
CUST-104551,Upper Egypt,Qena,2024-07-29,Month-to-month,162.9,13.17,0.0,Bank transfer,6,,965.48,0,Mobile,5G
CUST-104552,Cairo,Nasr City,2024-07-29,Month-to-month,543.67,150.51,1.0,Mobile wallet,6,,2681.19,1,Fiber Internet,4G
CUST-104553,Delta,Tanta,2024-07-29,Month-to-month,133.87,,0.0,Bank transfer,6,4.0,749.23,0,Mobile,5G
CUST-104554,Cairo,Maadi,2024-07-29,Two year,843.84,221.29,2.0,Mobile wallet,6,3.0,4413.25,1,Bundle,4G
CUST-104555,Upper Egypt,Minya,2024-07-30,One year,161.53,5.45,2.0,Credit card,6,3.0,974.52,0,Mobile,3G
CUST-104556,Upper Egypt,Minya,2024-07-30,Month-to-month,488.05,131.06,2.0,Cash,6,3.0,2439.78,1,Bundle,3G
CUST-104557,Upper Egypt,Minya,2024-07-30,Two year,244.86,73.29,4.0,Cash,6,3.0,1452.11,0,DSL Internet,3G
CUST-104558,Cairo,Heliopolis,2024-07-30,Month-to-month,321.83,144.66,1.0,Bank transfer,6,4.0,1949.17,0,DSL Internet,5G
CUST-104559,Upper Egypt,Minya,2024-07-30,One year,174.67,56.44,0.0,Bank transfer,6,4.0,1018.21,0,DSL Internet,4G
CUST-104560,Red Sea,Hurghada,2024-07-30,Month-to-month,177.94,8.33,0.0,Cash,6,5.0,905.7,1,Mobile,5G
CUST-104561,Cairo,Zamalek,2024-07-30,One year,254.59,18.04,0.0,,6,5.0,1469.21,0,Mobile,5G
CUST-104562,Cairo,Nasr City,2024-07-31,One year,311.39,20.08,0.0,Cash,6,4.0,1858.33,0,Mobile,4G
CUST-104563,Upper Egypt,Assiut,2024-07-31,Two year,177.36,12.63,,Mobile wallet,6,4.0,1085.33,0,Mobile,5G
CUST-104564,Cairo,Zamalek,2024-07-31,Month-to-month,276.18,144.85,0.0,Cash,6,4.0,1750.38,0,DSL Internet,5G
CUST-104565,Delta,Mansoura,2024-07-31,Month-to-month,382.51,168.28,3.0,Bank transfer,6,3.0,1928.6,1,Fiber Internet,4G
CUST-104566,Upper Egypt,Qena,2024-07-31,Month-to-month,394.83,269.55,0.0,Bank transfer,6,4.0,2491.85,0,Bundle,5G
CUST-104567,Cairo,Nasr City,2024-08-01,Two year,895.92,597.79,3.0,Bank transfer,6,4.0,5372.82,0,Bundle,5G
CUST-104568,Delta,Mansoura,2024-08-01,Month-to-month,162.1,14.87,1.0,Credit card,6,4.0,936.22,0,Mobile,4G
CUST-104569,Delta,Damanhour,2024-08-01,One year,202.43,11.35,2.0,Credit card,6,4.0,1315.71,0,Mobile,4G
CUST-104570,Alexandria,Smouha,2024-08-01,One year,199.16,11.44,1.0,Cash,6,4.0,1189.44,0,Mobile,4G
CUST-104571,Canal,Port Said,2024-08-02,Month-to-month,197.08,12.94,1.0,Credit card,6,5.0,1022.72,1,Mobile,5G
CUST-104572,Cairo,Maadi,2024-08-02,Month-to-month,239.45,125.9,0.0,Credit card,6,5.0,1167.52,1,DSL Internet,5G
CUST-104573,Alexandria,Borg El Arab,2024-08-02,Month-to-month,266.42,135.11,1.0,Bank transfer,6,4.0,1631.82,0,DSL Internet,5G
CUST-104574,Upper Egypt,Qena,2024-08-02,One year,245.31,118.5,1.0,Bank transfer,6,5.0,1492.14,0,DSL Internet,5G
CUST-104575,Cairo,Nasr City,2024-08-02,Two year,557.86,228.13,3.0,Mobile wallet,6,2.0,3347.13,0,Fiber Internet,4G
CUST-104576,Upper Egypt,Sohag,2024-08-02,Month-to-month,467.59,339.14,3.0,Credit card,6,3.0,3033.24,0,Bundle,5G
CUST-104577,Cairo,Heliopolis,2024-08-03,Two year,603.77,236.53,1.0,Cash,6,4.0,3684.75,0,Fiber Internet,4G
CUST-104578,Delta,Damanhour,2024-08-03,Month-to-month,569.52,296.73,0.0,Cash,6,5.0,3366.4,0,Bundle,5G
CUST-104579,Cairo,Nasr City,2024-08-03,Month-to-month,328.04,116.09,1.0,Credit card,6,4.0,2092.16,0,DSL Internet,4G
CUST-104580,Delta,Mansoura,2024-08-03,Two year,288.35,76.58,0.0,Cash,6,4.0,1604.75,0,DSL Internet,4G
CUST-104581,Upper Egypt,Sohag,2024-08-04,Two year,188.63,11.83,1.0,Bank transfer,6,4.0,1065.77,0,Mobile,4G
CUST-104582,Upper Egypt,Assiut,2024-08-04,Month-to-month,368.13,144.9,1.0,Bank transfer,6,,2286.53,0,Bundle,4G
CUST-104583,Red Sea,,2024-08-04,One year,200.8,3.78,1.0,Cash,6,4.0,1215.73,0,Mobile,3G
CUST-104584,Delta,Mansoura,2024-08-05,Two year,155.72,9.34,3.0,Cash,6,4.0,913.9,0,Mobile,4G
CUST-104585,Upper Egypt,Qena,2024-08-06,One year,396.71,201.63,1.0,Bank transfer,6,3.0,2417.6,0,Fiber Internet,4G
CUST-104586,Delta,Damanhour,2024-08-06,One year,187.63,10.38,2.0,Mobile wallet,6,4.0,978.17,1,Mobile,5G
CUST-104587,Canal,Suez,2024-08-06,Month-to-month,202.51,,0.0,Bank transfer,6,4.0,1163.7,0,Mobile,3G
CUST-104588,Delta,Zagazig,2024-08-06,Month-to-month,168.46,5.72,3.0,Mobile wallet,6,3.0,839.35,1,Mobile,3G
CUST-104589,Canal,Ismailia,2024-08-06,One year,251.46,167.83,2.0,Mobile wallet,6,3.0,1511.08,0,DSL Internet,4G
CUST-104590,Cairo,Zamalek,2024-08-06,One year,551.34,294.27,1.0,Credit card,6,4.0,3348.56,0,Fiber Internet,5G
CUST-104591,Delta,Damanhour,2024-08-07,Month-to-month,378.99,164.68,1.0,Cash,6,4.0,2332.54,0,Bundle,4G
CUST-104592,Upper Egypt,Minya,2024-08-07,Month-to-month,423.0,218.49,3.0,Mobile wallet,6,3.0,1948.51,1,Bundle,5G
CUST-104593,Cairo,Zamalek,2024-08-07,Month-to-month,146.01,9.01,0.0,Credit card,6,5.0,894.85,0,Mobile,4G
CUST-104594,Cairo,Nasr City,2024-08-07,One year,349.79,116.76,1.0,Cash,6,4.0,1938.51,0,DSL Internet,4G
CUST-104595,Red Sea,Hurghada,2024-08-07,Month-to-month,452.8,370.01,0.0,Mobile wallet,6,5.0,2712.78,0,Fiber Internet,5G
CUST-104596,Alexandria,Montazah,2024-08-08,Month-to-month,180.7,7.92,0.0,Bank transfer,6,4.0,1038.44,0,Mobile,4G
CUST-104597,Cairo,New Cairo,2024-08-08,Month-to-month,574.55,258.05,0.0,Mobile wallet,6,5.0,3474.41,0,Bundle,4G
CUST-104598,Alexandria,Sidi Gaber,2024-08-08,Two year,615.73,317.43,1.0,Cash,6,5.0,3160.62,1,Bundle,5G
CUST-104599,Alexandria,Montazah,2024-08-09,One year,221.51,5.99,2.0,Cash,6,3.0,1332.1,0,Mobile,4G
CUST-104600,Delta,Mansoura,2024-08-09,Month-to-month,407.62,212.67,0.0,Bank transfer,6,5.0,2381.82,0,Bundle,4G
CUST-104601,Canal,Ismailia,2024-08-09,Month-to-month,182.88,5.39,1.0,Mobile wallet,6,4.0,1039.52,0,Mobile,4G
CUST-104602,Red Sea,Marsa Alam,2024-08-09,Month-to-month,560.41,304.25,2.0,Cash,6,4.0,3357.49,0,Bundle,5G
CUST-104603,Delta,Zagazig,2024-08-09,One year,324.67,208.75,0.0,Cash,6,5.0,1916.3,0,Fiber Internet,5G
CUST-104604,Upper Egypt,Assiut,2024-08-09,One year,184.0,9.12,0.0,Credit card,6,4.0,1118.86,0,Mobile,4G
CUST-104605,Alexandria,Borg El Arab,2024-08-10,One year,344.25,117.28,1.0,Mobile wallet,6,5.0,2029.92,0,DSL Internet,4G
CUST-104606,Canal,Port Said,2024-08-10,One year,411.52,179.45,3.0,Cash,6,,2173.0,1,Fiber Internet,4G
CUST-104607,Cairo,Heliopolis,2024-08-10,Month-to-month,195.12,10.62,0.0,Credit card,6,,1172.91,0,Mobile,4G
CUST-104608,Cairo,Maadi,2024-08-10,Month-to-month,293.61,145.17,0.0,Bank transfer,6,5.0,1826.45,0,DSL Internet,5G
CUST-104609,Red Sea,Sharm El Sheikh,2024-08-10,Month-to-month,260.24,208.35,0.0,Mobile wallet,6,4.0,1275.22,1,DSL Internet,4G
CUST-104610,Canal,Port Said,2024-08-11,Month-to-month,367.41,214.47,3.0,Mobile wallet,6,3.0,1891.06,1,Fiber Internet,5G
CUST-104611,Alexandria,Sidi Gaber,2024-08-11,Month-to-month,2670.54,1209.84,0.0,Mobile wallet,6,5.0,16023.24,0,DSL Internet,5G
CUST-104612,Delta,Mansoura,2024-08-11,One year,226.06,6.92,0.0,Credit card,6,4.0,1319.43,0,Mobile,4G
CUST-104613,Alexandria,Smouha,2024-08-11,Month-to-month,175.38,15.61,1.0,Cash,6,,989.25,0,Mobile,5G
CUST-104614,Alexandria,Borg El Arab,2024-08-11,One year,537.23,192.36,0.0,Bank transfer,6,4.0,3386.9,0,Fiber Internet,5G
CUST-104615,Cairo,Zamalek,2024-08-12,Month-to-month,219.76,7.2,1.0,Cash,6,,1296.41,0,Mobile,4G
CUST-104616,Cairo,Zamalek,2024-08-13,Month-to-month,383.71,112.57,1.0,Bank transfer,6,5.0,1868.97,1,Fiber Internet,4G
CUST-104617,Delta,Mansoura,2024-08-13,One year,552.18,362.31,1.0,Credit card,6,5.0,3273.28,0,Bundle,5G
CUST-104618,Alexandria,Smouha,2024-08-13,Month-to-month,560.85,328.29,1.0,Cash,6,,2698.06,1,Bundle,4G
CUST-104619,Delta,Tanta,2024-08-14,Month-to-month,447.46,205.55,1.0,Cash,6,4.0,2752.42,0,Fiber Internet,5G
CUST-104620,Cairo,Maadi,2024-08-14,Month-to-month,586.23,258.01,1.0,Bank transfer,6,5.0,3516.12,0,Fiber Internet,4G
CUST-104621,Canal,Ismailia,2024-08-14,One year,618.97,,0.0,Bank transfer,6,4.0,3721.6,0,Bundle,5G
CUST-104622,Delta,Zagazig,2024-08-14,Month-to-month,580.3,261.57,2.0,Mobile wallet,6,4.0,3640.35,0,Bundle,5G
CUST-104623,Canal,Suez,2024-08-14,Two year,198.46,11.55,1.0,Cash,6,3.0,1195.51,0,Mobile,4G
CUST-104624,Cairo,Nasr City,2024-08-14,Two year,662.14,225.41,2.0,Bank transfer,6,5.0,4223.22,0,Fiber Internet,4G
CUST-104625,Delta,Tanta,2024-08-14,Two year,192.4,12.71,0.0,Cash,6,5.0,1153.49,0,Mobile,4G
CUST-104626,Upper Egypt,Minya,2024-08-14,Month-to-month,164.07,6.26,0.0,Bank transfer,6,4.0,925.12,0,Mobile,5G
CUST-104627,Alexandria,Montazah,2024-08-15,One year,234.9,8.7,2.0,Mobile wallet,6,3.0,1359.42,0,Mobile,4G
CUST-104628,Cairo,Maadi,2024-08-15,Month-to-month,535.96,354.61,4.0,Bank transfer,6,2.0,3122.21,0,Fiber Internet,5G
CUST-104629,Cairo,Maadi,2024-08-16,Two year,323.33,126.28,1.0,Credit card,6,5.0,1948.73,0,DSL Internet,4G
CUST-104630,Cairo,Heliopolis,2024-08-16,One year,683.03,428.07,1.0,Cash,6,3.0,3623.08,1,Bundle,5G
CUST-104631,Alexandria,Smouha,2024-08-16,Month-to-month,470.96,207.55,1.0,Credit card,6,4.0,2847.08,0,Fiber Internet,4G
CUST-104632,Alexandria,Borg El Arab,2024-08-16,Month-to-month,478.83,202.97,4.0,Cash,6,3.0,2372.26,1,Fiber Internet,5G
CUST-104633,Cairo,New Cairo,2024-08-16,Two year,252.83,9.04,1.0,Credit card,6,3.0,1498.58,0,Mobile,4G
CUST-104634,Delta,Mansoura,2024-08-17,Two year,181.5,18.14,0.0,Bank transfer,5,4.0,927.3,0,Mobile,4G
CUST-104635,Cairo,New Cairo,2024-08-18,One year,237.09,10.85,2.0,Cash,5,3.0,964.12,1,Mobile,5G
CUST-104636,Alexandria,Smouha,2024-08-18,One year,606.95,83.72,3.0,Mobile wallet,5,4.0,2505.27,1,Bundle,3G
CUST-104637,Upper Egypt,Sohag,2024-08-18,One year,152.47,9.83,0.0,Credit card,5,4.0,740.89,0,Mobile,4G
CUST-104638,Cairo,Zamalek,2024-08-18,Two year,447.25,55.59,4.0,Mobile wallet,5,3.0,2437.59,0,DSL Internet,3G
CUST-104639,Cairo,Maadi,2024-08-18,One year,217.04,17.56,2.0,Credit card,5,3.0,1070.25,0,Mobile,4G
CUST-104640,Cairo,Maadi,2024-08-19,Month-to-month,520.61,688.96,4.0,Cash,5,4.0,2029.52,1,Fiber Internet,5G
CUST-104641,Cairo,Nasr City,2024-08-19,One year,734.02,136.04,1.0,Credit card,5,4.0,3845.48,0,Bundle,3G
CUST-104642,Alexandria,Montazah,2024-08-19,Two year,564.62,352.05,0.0,Mobile wallet,5,5.0,2925.02,0,Bundle,5G
CUST-104643,Cairo,Nasr City,2024-08-19,Month-to-month,174.99,,1.0,Credit card,5,4.0,852.42,0,Mobile,4G
CUST-104644,Cairo,Heliopolis,2024-08-19,Month-to-month,644.3,479.54,2.0,Mobile wallet,5,4.0,2647.08,1,Bundle,5G
CUST-104645,Red Sea,Sharm El Sheikh,2024-08-19,Month-to-month,149.66,4.04,0.0,Cash,5,5.0,735.55,0,Mobile,4G
CUST-104646,Canal,Port Said,2024-08-20,Month-to-month,305.65,103.21,3.0,Cash,5,5.0,1553.86,0,DSL Internet,5G
CUST-104647,Cairo,New Cairo,2024-08-20,One year,220.46,10.75,0.0,Bank transfer,5,4.0,1112.65,0,Mobile,4G
CUST-104648,Alexandria,Borg El Arab,2024-08-20,Month-to-month,402.71,298.69,4.0,Credit card,5,3.0,1774.87,1,Fiber Internet,5G
CUST-104649,Alexandria,Montazah,2024-08-21,One year,338.87,73.27,2.0,,5,3.0,1430.86,1,DSL Internet,4G
CUST-104650,Upper Egypt,Minya,2024-08-21,Month-to-month,436.82,157.11,0.0,Cash,5,4.0,2277.28,0,Bundle,4G
CUST-104651,Upper Egypt,Sohag,2024-08-21,Two year,568.99,195.95,0.0,Credit card,5,5.0,2932.07,0,Bundle,5G
CUST-104652,Cairo,Nasr City,2024-08-21,Two year,228.39,9.67,2.0,Mobile wallet,5,4.0,1084.7,0,Mobile,4G
CUST-104653,Cairo,New Cairo,2024-08-22,One year,723.96,207.09,1.0,Bank transfer,5,4.0,3646.59,0,Bundle,4G
CUST-104654,Alexandria,Sidi Gaber,2024-08-22,One year,227.9,8.77,0.0,Cash,5,5.0,1119.5,0,Mobile,4G
CUST-104655,Canal,Ismailia,2024-08-22,Month-to-month,151.78,14.08,1.0,Mobile wallet,5,3.0,605.87,1,Mobile,5G
CUST-104656,Canal,Suez,2024-08-22,Two year,215.34,16.1,2.0,Mobile wallet,5,4.0,1080.4,0,Mobile,5G
CUST-104657,Cairo,Maadi,2024-08-23,One year,158.66,9.75,0.0,Cash,5,4.0,738.89,0,Mobile,4G
CUST-104658,Delta,Zagazig,2024-08-23,Month-to-month,186.87,12.89,0.0,Cash,5,5.0,923.74,0,Mobile,5G
CUST-104659,Cairo,Heliopolis,2024-08-24,Two year,534.12,264.09,1.0,Mobile wallet,5,4.0,2684.17,0,Fiber Internet,4G
CUST-104660,Upper Egypt,Minya,2024-08-24,Month-to-month,141.43,4.14,4.0,Cash,5,2.0,586.66,1,Mobile,3G
CUST-104661,Canal,Suez,2024-08-24,One year,435.21,159.24,1.0,Mobile wallet,5,4.0,2107.84,0,Fiber Internet,4G
CUST-104662,Alexandria,Smouha,2024-08-24,Month-to-month,159.93,5.41,2.0,Bank transfer,5,3.0,774.37,0,Mobile,3G
CUST-104663,Cairo,New Cairo,2024-08-25,One year,288.47,89.98,0.0,Credit card,5,4.0,1392.92,0,DSL Internet,4G
CUST-104664,Delta,Tanta,2024-08-25,Month-to-month,171.34,7.88,0.0,Mobile wallet,5,4.0,676.64,1,Mobile,4G
CUST-104665,Alexandria,Sidi Gaber,2024-08-25,Month-to-month,196.67,7.26,3.0,,5,2.0,751.2,1,Mobile,3G
CUST-104666,Upper Egypt,Sohag,2024-08-25,Month-to-month,295.32,188.41,0.0,Credit card,5,4.0,1554.97,0,Fiber Internet,4G
CUST-104667,Alexandria,Montazah,2024-08-25,Two year,718.98,347.57,1.0,Credit card,5,5.0,3706.47,0,Bundle,5G
CUST-104668,Canal,Ismailia,2024-08-25,Month-to-month,570.36,289.55,0.0,Mobile wallet,5,4.0,2529.21,1,Bundle,4G
CUST-104669,Cairo,,2024-08-26,One year,219.96,7.06,1.0,Credit card,5,5.0,1076.42,0,Mobile,4G
CUST-104670,Cairo,New Cairo,2024-08-26,One year,598.69,306.3,3.0,Mobile wallet,5,2.0,3096.48,0,Bundle,5G
CUST-104671,Alexandria,Borg El Arab,2024-08-26,Two year,501.34,89.43,4.0,Mobile wallet,5,3.0,1908.02,1,Fiber Internet,3G
CUST-104672,Cairo,Nasr City,2024-08-27,Month-to-month,682.07,366.03,1.0,Bank transfer,5,4.0,3610.82,0,Bundle,5G
CUST-104673,Cairo,Zamalek,2024-08-27,One year,229.57,13.3,0.0,Credit card,5,4.0,910.4,1,Mobile,4G
CUST-104674,Delta,Damanhour,2024-08-27,Two year,174.61,5.72,4.0,Bank transfer,5,2.0,870.11,0,Mobile,3G
CUST-104675,Cairo,Heliopolis,2024-08-27,Month-to-month,222.01,11.82,0.0,Bank transfer,5,3.0,1166.68,0,Mobile,4G
CUST-104676,Cairo,Nasr City,2024-08-27,Month-to-month,352.06,67.32,4.0,Mobile wallet,5,3.0,1476.66,1,DSL Internet,3G
CUST-104677,Cairo,Nasr City,2024-08-27,Two year,222.05,9.94,1.0,Mobile wallet,5,4.0,853.38,1,Mobile,4G
CUST-104678,Cairo,Zamalek,2024-08-28,Month-to-month,201.2,20.23,1.0,Cash,5,4.0,1001.73,0,Mobile,5G
CUST-104679,Canal,Port Said,2024-08-28,Month-to-month,541.07,135.14,0.0,Credit card,5,,2859.55,0,Fiber Internet,4G
CUST-104680,Canal,Suez,2024-08-28,Month-to-month,551.9,,4.0,Mobile wallet,5,2.0,2175.11,1,Bundle,3G
CUST-104681,Cairo,Heliopolis,2024-08-28,Two year,480.95,223.9,1.0,Bank transfer,5,,2434.18,0,Fiber Internet,4G
CUST-104682,Upper Egypt,Sohag,2024-08-28,Two year,228.44,198.98,0.0,Cash,5,5.0,1166.78,0,DSL Internet,5G
CUST-104683,Upper Egypt,Sohag,2024-08-28,One year,142.52,9.99,0.0,Credit card,5,5.0,752.76,0,Mobile,5G
CUST-104684,Red Sea,Sharm El Sheikh,2024-08-28,One year,723.83,243.47,1.0,Mobile wallet,5,4.0,2972.66,1,Bundle,4G
CUST-104685,Alexandria,Borg El Arab,2024-08-28,Month-to-month,190.47,9.22,0.0,Mobile wallet,5,5.0,943.07,0,Mobile,5G
CUST-104686,Cairo,Maadi,2024-08-29,Month-to-month,191.99,11.61,3.0,Bank transfer,5,,707.65,1,Mobile,5G
CUST-104687,Alexandria,Smouha,2024-08-29,Month-to-month,530.45,262.13,2.0,Cash,5,5.0,2726.89,0,Fiber Internet,4G
CUST-104688,Canal,Ismailia,2024-08-29,Month-to-month,172.82,14.05,0.0,Credit card,5,,696.05,1,Mobile,4G
CUST-104689,Upper Egypt,Sohag,2024-08-30,Month-to-month,313.95,134.46,0.0,Credit card,5,4.0,1345.01,1,Fiber Internet,4G
CUST-104690,Alexandria,Montazah,2024-08-31,One year,397.33,136.24,2.0,Mobile wallet,5,3.0,2032.4,0,Fiber Internet,4G
CUST-104691,Cairo,Heliopolis,2024-08-31,Month-to-month,184.96,13.58,0.0,Mobile wallet,5,5.0,903.84,0,Mobile,5G
CUST-104692,Upper Egypt,Assiut,2024-08-31,Month-to-month,119.86,6.05,2.0,Bank transfer,5,4.0,569.42,0,Mobile,5G
CUST-104693,Canal,Ismailia,2024-09-01,Month-to-month,166.7,12.36,0.0,Bank transfer,5,,827.75,0,Mobile,4G
CUST-104694,Alexandria,Montazah,2024-09-02,Month-to-month,162.07,5.78,,Credit card,5,4.0,822.11,0,Mobile,4G
CUST-104695,Delta,Tanta,2024-09-02,Month-to-month,550.11,346.14,,Cash,5,4.0,2762.07,0,Bundle,5G
CUST-104696,Alexandria,Montazah,2024-09-02,Month-to-month,394.86,188.57,1.0,Mobile wallet,5,4.0,1874.63,0,Fiber Internet,4G
CUST-104697,Alexandria,Sidi Gaber,2024-09-02,Month-to-month,203.14,,1.0,,5,4.0,902.48,0,Mobile,4G
CUST-104698,Delta,Tanta,2024-09-03,One year,188.69,14.56,0.0,Bank transfer,5,5.0,907.34,0,Mobile,5G
CUST-104699,Upper Egypt,Assiut,2024-09-03,One year,247.5,91.85,0.0,Cash,5,,1116.76,0,DSL Internet,4G
CUST-104700,Red Sea,Hurghada,2024-09-03,Two year,381.4,141.27,4.0,Cash,5,3.0,1832.13,0,DSL Internet,4G
CUST-104701,Alexandria,Smouha,2024-09-03,One year,792.94,522.73,0.0,Credit card,5,4.0,4003.0,0,Bundle,5G
CUST-104702,Alexandria,Montazah,2024-09-03,One year,180.08,15.43,0.0,Mobile wallet,5,5.0,952.48,0,Mobile,4G
CUST-104703,Alexandria,Smouha,2024-09-04,Two year,559.21,158.0,2.0,,5,4.0,2522.3,0,Fiber Internet,4G
CUST-104704,Cairo,Heliopolis,2024-09-04,One year,243.31,9.28,0.0,Credit card,5,,1166.66,0,Mobile,5G
CUST-104705,Cairo,New Cairo,2024-09-04,One year,380.34,42.87,1.0,Cash,5,3.0,1931.77,0,DSL Internet,3G
CUST-104706,Cairo,Zamalek,2024-09-05,Month-to-month,212.32,5.86,0.0,Cash,5,4.0,1042.47,0,Mobile,4G
CUST-104707,Alexandria,Montazah,2024-09-05,Month-to-month,304.98,74.12,1.0,Credit card,5,3.0,1227.86,1,DSL Internet,4G
CUST-104708,Cairo,Nasr City,2024-09-05,Month-to-month,174.16,8.57,0.0,Cash,5,,883.94,0,Mobile,5G
CUST-104709,Alexandria,Sidi Gaber,2024-09-05,Month-to-month,230.0,76.95,1.0,Mobile wallet,5,4.0,1131.06,0,DSL Internet,4G
CUST-104710,Upper Egypt,Qena,2024-09-05,Two year,156.14,10.53,0.0,Mobile wallet,5,5.0,818.32,0,Mobile,4G
CUST-104711,Cairo,Maadi,2024-09-06,Month-to-month,644.84,293.04,3.0,Cash,5,3.0,3537.46,0,Bundle,4G
CUST-104712,Delta,Damanhour,2024-09-06,One year,178.43,7.42,0.0,Mobile wallet,5,4.0,854.07,0,Mobile,4G
CUST-104713,Canal,Port Said,2024-09-06,Two year,263.08,118.26,1.0,Cash,5,5.0,1364.17,0,DSL Internet,5G
CUST-104714,Delta,Tanta,2024-09-07,One year,154.51,21.44,0.0,Credit card,5,5.0,837.69,0,Mobile,5G
CUST-104715,Cairo,Nasr City,2024-09-08,Month-to-month,446.77,224.67,0.0,Mobile wallet,5,5.0,2363.16,0,Fiber Internet,4G
CUST-104716,Alexandria,Smouha,2024-09-08,Month-to-month,205.75,123.15,0.0,Bank transfer,5,5.0,1000.4,0,DSL Internet,5G
CUST-104717,Delta,Tanta,2024-09-08,Month-to-month,154.46,12.16,1.0,Cash,5,4.0,762.16,0,Mobile,5G
CUST-104718,Delta,Tanta,2024-09-08,Two year,187.75,12.32,0.0,Credit card,5,5.0,873.69,0,Mobile,5G
CUST-104719,Cairo,Zamalek,2024-09-09,One year,244.6,20.34,0.0,Bank transfer,5,4.0,1195.12,0,Mobile,4G
CUST-104720,Alexandria,Montazah,2024-09-09,One year,206.81,5.15,2.0,Mobile wallet,5,3.0,1011.73,0,Mobile,3G
CUST-104721,Delta,Tanta,2024-09-09,One year,510.32,215.74,1.0,Bank transfer,5,5.0,2078.64,1,Fiber Internet,4G
CUST-104722,Cairo,Zamalek,2024-09-09,One year,255.77,7.02,1.0,Credit card,5,4.0,1220.73,0,Mobile,4G
CUST-104723,Delta,Damanhour,2024-09-09,One year,194.36,7.85,2.0,Bank transfer,5,3.0,974.61,0,Mobile,4G
CUST-104724,Cairo,Zamalek,2024-09-09,Month-to-month,219.23,8.76,1.0,Mobile wallet,5,4.0,1105.28,0,Mobile,4G
CUST-104725,Alexandria,Borg El Arab,2024-09-10,Month-to-month,195.9,6.08,2.0,Bank transfer,5,3.0,961.25,0,Mobile,3G
CUST-104726,Upper Egypt,Sohag,2024-09-10,Month-to-month,138.92,5.95,0.0,Bank transfer,5,4.0,574.31,1,Mobile,4G
CUST-104727,Cairo,New Cairo,2024-09-10,One year,338.48,115.93,1.0,Mobile wallet,5,3.0,1661.8,0,DSL Internet,4G
CUST-104728,Delta,Tanta,2024-09-11,Two year,236.44,9.08,1.0,Cash,5,4.0,1197.59,0,Mobile,4G
CUST-104729,Alexandria,Smouha,2024-09-11,One year,624.01,170.58,0.0,Cash,5,5.0,2366.34,1,Bundle,4G
CUST-104730,Alexandria,Smouha,2024-09-12,One year,241.76,35.26,4.0,Credit card,5,2.0,1171.16,0,DSL Internet,3G
CUST-104731,Canal,Suez,2024-09-12,Two year,219.77,9.83,2.0,Cash,5,3.0,1141.06,0,Mobile,4G
CUST-104732,Alexandria,Borg El Arab,2024-09-12,Month-to-month,634.6,359.12,,Cash,5,5.0,2960.92,0,Bundle,5G
CUST-104733,Cairo,Nasr City,2024-09-12,Month-to-month,498.19,191.4,1.0,,5,3.0,2565.94,0,Fiber Internet,4G
CUST-104734,Canal,Port Said,2024-09-13,Two year,355.39,124.73,2.0,Mobile wallet,5,3.0,1753.67,0,Fiber Internet,4G
CUST-104735,Upper Egypt,Qena,2024-09-13,Two year,196.82,13.33,2.0,Credit card,5,3.0,904.12,0,Mobile,5G
CUST-104736,Upper Egypt,Sohag,2024-09-13,One year,379.88,152.3,3.0,Mobile wallet,5,4.0,1865.61,0,Fiber Internet,4G
CUST-104737,Cairo,New Cairo,2024-09-13,Month-to-month,200.86,3.91,3.0,Mobile wallet,5,2.0,827.04,1,Mobile,3G
CUST-104738,Cairo,New Cairo,2024-09-13,Two year,664.7,254.48,1.0,Bank transfer,5,3.0,3630.18,0,Fiber Internet,4G
CUST-104739,Delta,Damanhour,2024-09-13,One year,130.68,12.38,1.0,Credit card,5,4.0,702.16,0,Mobile,4G
CUST-104740,Cairo,Heliopolis,2024-09-14,One year,547.63,207.23,0.0,Credit card,5,4.0,2636.24,0,Fiber Internet,4G
CUST-104741,Cairo,Maadi,2024-09-14,Month-to-month,454.04,122.63,1.0,Mobile wallet,5,3.0,2342.77,0,Fiber Internet,4G
CUST-104742,Upper Egypt,Assiut,2024-09-16,One year,188.74,14.45,0.0,Credit card,5,4.0,926.8,0,Mobile,4G
CUST-104743,Cairo,,2024-09-16,Two year,254.55,16.73,0.0,Mobile wallet,5,3.0,1241.62,0,Mobile,4G
CUST-104744,Cairo,New Cairo,2024-09-16,Two year,316.36,167.5,1.0,Cash,5,4.0,1645.45,0,DSL Internet,4G
CUST-104745,Cairo,Heliopolis,2024-09-16,One year,265.57,16.92,,Bank transfer,5,4.0,1339.92,0,Mobile,5G
CUST-104746,Alexandria,Smouha,2024-09-16,One year,137.71,5.9,0.0,Credit card,5,,694.91,0,Mobile,4G
CUST-104747,Delta,Damanhour,2024-09-16,One year,189.07,7.13,0.0,Credit card,5,4.0,881.92,0,Mobile,4G
CUST-104748,Canal,Suez,2024-09-17,One year,489.31,155.04,2.0,Bank transfer,4,2.0,1881.59,0,Bundle,3G
CUST-104749,Cairo,Heliopolis,2024-09-17,Month-to-month,283.04,236.66,1.0,Cash,4,4.0,818.53,1,DSL Internet,5G
CUST-104750,Cairo,Zamalek,2024-09-17,Month-to-month,471.24,148.03,2.0,Mobile wallet,4,4.0,1923.62,0,Fiber Internet,4G
CUST-104751,Delta,Mansoura,2024-09-17,Month-to-month,556.11,149.05,0.0,Cash,4,5.0,2289.56,0,Bundle,5G
CUST-104752,Alexandria,Smouha,2024-09-17,One year,605.22,231.22,2.0,Cash,4,3.0,1941.7,1,Fiber Internet,4G
CUST-104753,Delta,Mansoura,2024-09-17,Month-to-month,177.46,80.38,0.0,Credit card,4,4.0,683.12,0,DSL Internet,5G
CUST-104754,Canal,Port Said,2024-09-18,Month-to-month,420.33,145.67,2.0,Mobile wallet,4,3.0,1799.63,0,Fiber Internet,4G
CUST-104755,Delta,Damanhour,2024-09-18,Two year,754.11,365.79,0.0,,4,4.0,2238.78,1,Bundle,5G
CUST-104756,Alexandria,Sidi Gaber,2024-09-18,One year,435.42,208.75,1.0,Mobile wallet,4,3.0,1747.19,0,Fiber Internet,4G
CUST-104757,Red Sea,Sharm El Sheikh,2024-09-19,Month-to-month,183.3,7.21,0.0,Bank transfer,4,4.0,547.33,1,Mobile,4G
CUST-104758,Cairo,Heliopolis,2024-09-20,Month-to-month,214.88,15.39,0.0,Bank transfer,4,5.0,868.23,0,Mobile,5G
CUST-104759,Canal,Ismailia,2024-09-20,One year,208.46,13.93,2.0,Mobile wallet,4,3.0,642.82,1,Mobile,5G
CUST-104760,Delta,Zagazig,2024-09-21,Month-to-month,404.84,127.38,1.0,Mobile wallet,4,,1686.57,0,Fiber Internet,5G
CUST-104761,Delta,Tanta,2024-09-21,Month-to-month,474.08,230.56,1.0,Bank transfer,4,,1877.78,0,Bundle,4G
CUST-104762,Canal,Ismailia,2024-09-21,Month-to-month,220.27,73.88,3.0,Credit card,4,,663.16,1,DSL Internet,4G
CUST-104763,Delta,Tanta,2024-09-22,Month-to-month,270.38,66.83,1.0,Mobile wallet,4,3.0,1042.11,0,DSL Internet,4G
CUST-104764,Alexandria,Montazah,2024-09-23,One year,423.09,145.52,3.0,Mobile wallet,4,3.0,1738.24,0,Fiber Internet,4G
CUST-104765,Cairo,,2024-09-23,Month-to-month,487.04,212.05,2.0,Mobile wallet,4,3.0,1476.67,1,Bundle,4G
CUST-104766,Delta,Mansoura,2024-09-23,One year,206.96,82.11,0.0,Credit card,4,4.0,802.1,0,DSL Internet,4G
CUST-104767,Delta,Mansoura,2024-09-23,Month-to-month,147.87,5.23,0.0,Bank transfer,4,4.0,562.06,0,Mobile,3G
CUST-104768,Cairo,Heliopolis,2024-09-24,Month-to-month,580.85,373.33,1.0,Mobile wallet,4,4.0,2338.34,0,Fiber Internet,5G
CUST-104769,Upper Egypt,Assiut,2024-09-26,Month-to-month,120.45,2.63,1.0,Mobile wallet,4,4.0,506.98,0,Mobile,3G
CUST-104770,Delta,Mansoura,2024-09-26,Two year,225.72,4.35,0.0,Credit card,4,4.0,960.16,0,Mobile,4G
CUST-104771,Alexandria,Borg El Arab,2024-09-26,Month-to-month,213.41,10.51,1.0,Bank transfer,4,4.0,809.47,0,Mobile,4G
CUST-104772,Cairo,Heliopolis,2024-09-26,Month-to-month,214.59,12.3,1.0,Bank transfer,4,4.0,890.44,0,Mobile,4G
CUST-104773,Alexandria,Montazah,2024-09-27,Month-to-month,121.97,6.45,0.0,Mobile wallet,4,4.0,503.44,0,Mobile,4G
CUST-104774,Cairo,Zamalek,2024-09-27,One year,194.96,16.82,2.0,Credit card,4,5.0,823.04,0,Mobile,5G
CUST-104775,Cairo,Nasr City,2024-09-27,Month-to-month,595.19,170.0,0.0,Mobile wallet,4,4.0,2426.05,0,Bundle,4G
CUST-104776,Alexandria,Sidi Gaber,2024-09-27,Two year,263.46,10.59,3.0,Cash,4,4.0,779.81,1,Mobile,4G
CUST-104777,Cairo,Nasr City,2024-09-28,One year,663.85,188.02,0.0,Bank transfer,4,5.0,2738.88,0,Bundle,4G
CUST-104778,Cairo,Heliopolis,2024-09-28,One year,207.28,12.25,0.0,Bank transfer,4,5.0,557.74,1,Mobile,4G
CUST-104779,Delta,Mansoura,2024-09-28,One year,563.07,168.06,1.0,Credit card,4,4.0,2162.95,0,Bundle,4G
CUST-104780,Alexandria,Borg El Arab,2024-09-28,Month-to-month,215.22,154.4,0.0,Credit card,4,5.0,623.2,1,DSL Internet,4G
CUST-104781,Red Sea,Hurghada,2024-09-29,Two year,730.47,330.5,1.0,Cash,4,4.0,2132.44,1,Bundle,5G
CUST-104782,Canal,Suez,2024-09-29,Two year,419.75,228.6,0.0,Cash,4,4.0,1576.91,0,Fiber Internet,4G
CUST-104783,Delta,Mansoura,2024-09-29,Month-to-month,503.27,176.41,3.0,Credit card,4,3.0,1967.64,0,Fiber Internet,4G
CUST-104784,Red Sea,Hurghada,2024-09-30,One year,194.48,14.19,2.0,Cash,4,4.0,760.69,0,Mobile,4G
CUST-104785,Canal,Suez,2024-09-30,Month-to-month,496.95,299.04,2.0,Credit card,4,4.0,1966.85,0,Fiber Internet,4G
CUST-104786,Alexandria,Smouha,2024-10-01,One year,248.07,83.42,1.0,Mobile wallet,4,4.0,1003.55,0,DSL Internet,4G
CUST-104787,Upper Egypt,Minya,2024-10-02,One year,162.84,9.11,0.0,Mobile wallet,4,,618.76,0,Mobile,4G
CUST-104788,Cairo,New Cairo,2024-10-02,Two year,261.78,24.86,1.0,Bank transfer,4,3.0,1028.16,0,Mobile,5G
CUST-104789,Upper Egypt,Qena,2024-10-02,Month-to-month,451.39,114.0,1.0,Mobile wallet,4,4.0,1349.21,1,Bundle,3G
CUST-104790,Delta,Damanhour,2024-10-02,One year,178.51,6.79,1.0,Mobile wallet,4,4.0,661.09,0,Mobile,4G
CUST-104791,Cairo,New Cairo,2024-10-02,One year,370.12,124.23,2.0,Credit card,4,4.0,1476.12,0,DSL Internet,4G
CUST-104792,Cairo,Heliopolis,2024-10-03,Month-to-month,219.8,8.27,1.0,Cash,4,3.0,887.6,0,Mobile,4G
CUST-104793,Red Sea,Sharm El Sheikh,2024-10-03,One year,215.86,10.69,0.0,Credit card,4,4.0,889.62,0,Mobile,4G
CUST-104794,Alexandria,Montazah,2024-10-03,One year,183.95,,1.0,Credit card,4,4.0,696.95,0,Mobile,4G
CUST-104795,Cairo,Maadi,2024-10-03,One year,526.08,235.67,2.0,Cash,4,3.0,2091.56,0,Fiber Internet,4G
CUST-104796,Cairo,Zamalek,2024-10-03,Two year,746.98,157.38,2.0,Bank transfer,4,4.0,3136.09,0,Bundle,4G
CUST-104797,Alexandria,Borg El Arab,2024-10-03,Month-to-month,552.95,85.66,3.0,Bank transfer,4,3.0,1543.67,1,Bundle,3G
CUST-104798,Upper Egypt,Assiut,2024-10-03,Month-to-month,143.87,6.06,0.0,Bank transfer,4,5.0,575.32,0,Mobile,4G
CUST-104799,Upper Egypt,Qena,2024-10-04,Month-to-month,116.36,9.16,2.0,Credit card,4,4.0,437.09,0,Mobile,5G
CUST-104800,Alexandria,Borg El Arab,2024-10-04,Month-to-month,491.72,127.61,0.0,Bank transfer,4,4.0,1449.82,1,Bundle,4G
CUST-104801,Cairo,Heliopolis,2024-10-05,Month-to-month,231.03,8.22,0.0,Bank transfer,4,5.0,894.36,0,Mobile,4G
CUST-104802,Cairo,Maadi,2024-10-05,Two year,173.88,,0.0,Mobile wallet,4,5.0,705.93,0,Mobile,4G
CUST-104803,Alexandria,Sidi Gaber,2024-10-05,Month-to-month,491.89,263.15,3.0,Bank transfer,4,4.0,1458.24,1,Fiber Internet,4G
CUST-104804,Upper Egypt,Assiut,2024-10-06,One year,210.92,21.11,2.0,Cash,4,3.0,800.6,0,DSL Internet,3G
CUST-104805,Upper Egypt,Sohag,2024-10-06,Month-to-month,173.38,7.35,0.0,Cash,4,4.0,735.78,0,Mobile,4G
CUST-104806,Alexandria,Montazah,2024-10-07,Month-to-month,211.5,14.77,1.0,Bank transfer,4,4.0,852.03,0,Mobile,4G
CUST-104807,Delta,Zagazig,2024-10-07,Two year,561.3,136.08,1.0,Cash,4,4.0,1750.37,1,Bundle,3G
CUST-104808,Alexandria,Smouha,2024-10-07,One year,609.04,263.64,0.0,Cash,4,4.0,2329.43,0,Bundle,4G
CUST-104809,Delta,Zagazig,2024-10-08,Month-to-month,450.2,123.1,9.0,Cash,4,1.0,1329.36,1,Fiber Internet,3G
CUST-104810,Delta,Damanhour,2024-10-08,Two year,317.24,81.9,1.0,Mobile wallet,4,5.0,1319.67,0,DSL Internet,4G
CUST-104811,Upper Egypt,Assiut,2024-10-09,One year,551.82,127.7,0.0,Credit card,4,4.0,2141.06,0,Bundle,3G
CUST-104812,Delta,Mansoura,2024-10-09,Month-to-month,428.43,304.89,1.0,Credit card,4,5.0,1713.37,0,Fiber Internet,5G
CUST-104813,Canal,Port Said,2024-10-09,One year,233.39,131.89,1.0,Cash,4,4.0,931.12,0,DSL Internet,5G
CUST-104814,Alexandria,Montazah,2024-10-09,One year,483.01,255.77,1.0,Mobile wallet,4,4.0,1749.43,0,Fiber Internet,5G
CUST-104815,Cairo,Heliopolis,2024-10-10,Month-to-month,187.6,9.13,1.0,Cash,4,3.0,561.25,1,Mobile,4G
CUST-104816,Cairo,New Cairo,2024-10-10,Two year,654.02,174.2,1.0,Mobile wallet,4,3.0,2572.25,0,Bundle,4G
CUST-104817,Delta,Zagazig,2024-10-10,One year,260.62,165.89,0.0,Credit card,4,5.0,1035.56,0,DSL Internet,5G
CUST-104818,Delta,Zagazig,2024-10-11,Month-to-month,151.24,7.51,1.0,Bank transfer,4,4.0,440.66,1,Mobile,5G
CUST-104819,Delta,Mansoura,2024-10-11,Two year,430.19,143.29,3.0,Cash,4,4.0,1632.04,0,Fiber Internet,4G
CUST-104820,Upper Egypt,Qena,2024-10-11,Month-to-month,192.4,136.89,0.0,Credit card,4,5.0,744.56,0,DSL Internet,5G
CUST-104821,Cairo,Zamalek,2024-10-11,Month-to-month,174.48,9.61,0.0,Mobile wallet,4,4.0,683.21,0,Mobile,4G
CUST-104822,Delta,Tanta,2024-10-11,Month-to-month,281.8,126.03,1.0,Cash,4,4.0,865.92,1,DSL Internet,5G
CUST-104823,Upper Egypt,Minya,2024-10-12,Month-to-month,145.35,6.72,0.0,Credit card,4,4.0,568.38,0,Mobile,5G
CUST-104824,Alexandria,Montazah,2024-10-12,Month-to-month,345.85,224.69,1.0,Bank transfer,4,4.0,1389.48,0,Fiber Internet,5G
CUST-104825,Alexandria,Smouha,2024-10-12,Month-to-month,5519.12,2242.2,1.0,Mobile wallet,4,4.0,22076.48,0,Bundle,4G
CUST-104826,Cairo,Nasr City,2024-10-12,One year,858.68,342.74,1.0,Cash,4,,3360.41,0,Bundle,4G
CUST-104827,Alexandria,Montazah,2024-10-13,Month-to-month,638.27,206.48,1.0,Mobile wallet,4,4.0,1989.21,1,Bundle,4G
CUST-104828,Upper Egypt,Minya,2024-10-13,Month-to-month,191.9,45.43,0.0,Credit card,4,4.0,756.08,0,DSL Internet,4G
CUST-104829,Canal,Ismailia,2024-10-13,One year,410.86,117.03,0.0,Credit card,4,4.0,1606.56,0,Fiber Internet,4G
CUST-104830,Delta,Tanta,2024-10-13,Month-to-month,326.55,132.78,1.0,Bank transfer,4,4.0,1363.93,0,Fiber Internet,4G
CUST-104831,Cairo,New Cairo,2024-10-14,One year,208.19,10.3,1.0,Bank transfer,4,4.0,837.32,0,Mobile,4G
CUST-104832,Upper Egypt,Sohag,2024-10-14,One year,335.84,108.55,1.0,Credit card,4,3.0,1214.84,0,Fiber Internet,4G
CUST-104833,Upper Egypt,Assiut,2024-10-14,Month-to-month,268.97,152.17,2.0,,4,4.0,721.09,1,Fiber Internet,5G
CUST-104834,Alexandria,Smouha,2024-10-15,Month-to-month,401.09,320.54,2.0,Credit card,4,3.0,1706.62,0,Fiber Internet,5G
CUST-104835,Upper Egypt,Qena,2024-10-15,One year,164.5,11.79,1.0,Cash,4,2.0,660.18,0,Mobile,4G
CUST-104836,Cairo,Zamalek,2024-10-15,Month-to-month,197.26,10.43,0.0,Cash,4,5.0,783.55,0,Mobile,4G
CUST-104837,Cairo,Heliopolis,2024-10-16,One year,236.94,10.02,0.0,Mobile wallet,4,5.0,863.65,0,Mobile,4G
CUST-104838,Cairo,Maadi,2024-10-16,One year,279.02,10.15,1.0,Mobile wallet,4,3.0,1109.55,0,Mobile,4G
CUST-104839,Cairo,Nasr City,2024-10-17,One year,663.35,160.26,2.0,Credit card,3,3.0,1906.1,0,Fiber Internet,3G
CUST-104840,Canal,Suez,2024-10-17,Month-to-month,168.09,11.31,0.0,Mobile wallet,3,5.0,497.9,0,Mobile,5G
CUST-104841,Alexandria,Smouha,2024-10-17,Two year,742.72,512.29,0.0,Bank transfer,3,5.0,2163.24,0,Bundle,5G
CUST-104842,Cairo,Heliopolis,2024-10-17,Month-to-month,203.16,13.11,0.0,Credit card,3,5.0,401.61,1,Mobile,4G
CUST-104843,Alexandria,Smouha,2024-10-17,Two year,624.19,389.23,1.0,Mobile wallet,3,5.0,1887.07,0,Bundle,5G
CUST-104844,Alexandria,Smouha,2024-10-17,Two year,183.12,11.38,5.0,Credit card,3,3.0,371.7,1,Mobile,5G
CUST-104845,Alexandria,Sidi Gaber,2024-10-18,Month-to-month,571.67,285.29,0.0,Bank transfer,3,4.0,1710.53,0,Bundle,5G
CUST-104846,Cairo,Zamalek,2024-10-18,Month-to-month,342.24,101.97,0.0,Mobile wallet,3,4.0,687.4,1,DSL Internet,5G
CUST-104847,Delta,Tanta,2024-10-18,Month-to-month,413.25,175.06,1.0,Bank transfer,3,4.0,1151.26,0,Bundle,4G
CUST-104848,Cairo,Nasr City,2024-10-19,Two year,733.24,375.69,2.0,Credit card,3,4.0,2192.34,0,Bundle,5G
CUST-104849,Upper Egypt,Minya,2024-10-19,Month-to-month,196.03,74.78,1.0,Credit card,3,5.0,592.96,0,DSL Internet,5G
CUST-104850,Cairo,Heliopolis,2024-10-19,Two year,252.68,23.19,0.0,Bank transfer,3,4.0,755.64,0,Mobile,4G
CUST-104851,Upper Egypt,Assiut,2024-10-20,One year,378.46,197.74,2.0,Mobile wallet,3,3.0,1202.86,0,Fiber Internet,4G
CUST-104852,Upper Egypt,Minya,2024-10-20,Month-to-month,151.81,6.21,0.0,Mobile wallet,3,5.0,450.62,0,Mobile,4G
CUST-104853,Cairo,New Cairo,2024-10-21,One year,890.16,563.58,2.0,Credit card,3,3.0,2529.02,0,Bundle,4G
CUST-104854,Cairo,Heliopolis,2024-10-22,Month-to-month,572.95,279.33,1.0,Mobile wallet,3,4.0,1718.82,0,Bundle,5G
CUST-104855,Canal,Suez,2024-10-22,Month-to-month,149.19,10.12,0.0,Cash,3,4.0,291.53,1,Mobile,4G
CUST-104856,Alexandria,Sidi Gaber,2024-10-22,Two year,515.92,309.45,0.0,Mobile wallet,3,,1440.97,0,Fiber Internet,5G
CUST-104857,Delta,Zagazig,2024-10-22,Month-to-month,189.27,11.77,1.0,Mobile wallet,3,5.0,373.93,1,Mobile,5G
CUST-104858,Cairo,New Cairo,2024-10-22,Two year,462.65,174.09,3.0,Mobile wallet,3,2.0,979.92,1,Fiber Internet,4G
CUST-104859,Cairo,New Cairo,2024-10-22,Two year,595.86,353.82,3.0,Cash,3,3.0,1761.2,0,Fiber Internet,4G
CUST-104860,Delta,Damanhour,2024-10-23,Month-to-month,361.76,305.79,1.0,Cash,3,,754.87,1,Fiber Internet,5G
CUST-104861,Canal,Port Said,2024-10-24,One year,647.92,234.86,1.0,Credit card,3,5.0,1999.55,0,Bundle,4G
CUST-104862,Cairo,Heliopolis,2024-10-25,Month-to-month,224.62,8.24,0.0,Credit card,3,5.0,737.66,0,Mobile,5G
CUST-104863,Upper Egypt,Minya,2024-10-25,One year,227.98,137.66,2.0,Credit card,3,5.0,696.36,0,DSL Internet,5G
CUST-104864,Delta,Zagazig,2024-10-25,Two year,288.3,70.26,1.0,Mobile wallet,3,4.0,867.54,0,DSL Internet,4G
CUST-104865,Cairo,Zamalek,2024-10-26,Two year,223.87,12.32,0.0,Credit card,3,,674.01,0,Mobile,4G
CUST-104866,Cairo,Zamalek,2024-10-26,Two year,630.68,280.03,2.0,Cash,3,3.0,1913.12,0,Fiber Internet,5G
CUST-104867,Cairo,Nasr City,2024-10-26,Month-to-month,245.09,13.49,0.0,Credit card,3,4.0,727.63,0,Mobile,5G
CUST-104868,Alexandria,Borg El Arab,2024-10-26,One year,474.71,161.94,3.0,Mobile wallet,3,4.0,1395.17,0,Fiber Internet,4G
CUST-104869,Delta,Mansoura,2024-10-26,Month-to-month,469.04,382.71,0.0,Bank transfer,3,4.0,1433.07,0,Bundle,5G
CUST-104870,Alexandria,Sidi Gaber,2024-10-27,Two year,210.18,5.91,0.0,Bank transfer,3,4.0,614.58,0,Mobile,4G
CUST-104871,Cairo,Heliopolis,2024-10-28,Month-to-month,228.98,7.31,2.0,Bank transfer,3,2.0,635.64,0,Mobile,3G
CUST-104872,Upper Egypt,Qena,2024-10-30,Month-to-month,329.3,168.23,0.0,Mobile wallet,3,5.0,936.12,0,Fiber Internet,4G
CUST-104873,Delta,Mansoura,2024-10-30,Month-to-month,134.38,10.41,1.0,Mobile wallet,3,4.0,286.46,1,Mobile,5G
CUST-104874,Delta,Tanta,2024-10-31,Month-to-month,178.91,11.36,0.0,Bank transfer,3,4.0,529.88,0,Mobile,5G
CUST-104875,Delta,Tanta,2024-10-31,Month-to-month,324.02,,1.0,Mobile wallet,3,4.0,1001.93,0,Fiber Internet,3G
CUST-104876,Cairo,Nasr City,2024-10-31,Month-to-month,219.12,9.05,1.0,Cash,3,3.0,639.01,0,Mobile,4G
CUST-104877,Upper Egypt,Assiut,2024-11-01,Two year,394.19,150.38,0.0,Cash,3,5.0,1224.63,0,Bundle,4G
CUST-104878,Alexandria,Sidi Gaber,2024-11-01,One year,475.2,290.06,2.0,Mobile wallet,3,3.0,1448.54,0,Fiber Internet,5G
CUST-104879,Alexandria,Borg El Arab,2024-11-02,Month-to-month,420.21,437.38,3.0,Mobile wallet,3,3.0,907.35,1,Fiber Internet,5G
CUST-104880,Cairo,Maadi,2024-11-03,Two year,182.22,5.77,0.0,Cash,3,4.0,575.45,0,Mobile,4G
CUST-104881,Delta,Damanhour,2024-11-03,Month-to-month,166.1,14.34,1.0,Mobile wallet,3,3.0,341.98,1,Mobile,5G
CUST-104882,Delta,Zagazig,2024-11-03,One year,351.8,152.32,1.0,Cash,3,3.0,1030.55,0,Fiber Internet,4G
CUST-104883,Alexandria,Borg El Arab,2024-11-04,Month-to-month,265.35,130.78,0.0,Cash,3,4.0,505.74,1,DSL Internet,5G
CUST-104884,Canal,Port Said,2024-11-04,One year,551.94,199.73,0.0,Credit card,3,4.0,1646.53,0,Bundle,5G
CUST-104885,Upper Egypt,Minya,2024-11-05,Month-to-month,114.59,3.87,0.0,Credit card,3,5.0,344.03,0,Mobile,4G
CUST-104886,Cairo,Zamalek,2024-11-05,Month-to-month,418.67,288.38,2.0,Mobile wallet,3,3.0,823.64,1,Fiber Internet,5G
CUST-104887,Upper Egypt,Assiut,2024-11-05,One year,320.02,,1.0,Mobile wallet,3,3.0,987.14,0,Fiber Internet,4G
CUST-104888,Alexandria,Montazah,2024-11-06,One year,226.48,20.79,2.0,Mobile wallet,3,3.0,454.36,1,Mobile,5G
CUST-104889,Red Sea,Hurghada,2024-11-07,One year,758.67,200.62,0.0,Cash,3,4.0,2275.79,0,Bundle,4G
CUST-104890,Cairo,Zamalek,2024-11-07,Month-to-month,266.91,20.28,3.0,Mobile wallet,3,2.0,566.36,1,Mobile,5G
CUST-104891,Cairo,Zamalek,2024-11-09,One year,666.55,209.08,0.0,Bank transfer,3,4.0,1338.68,1,Bundle,4G
CUST-104892,Alexandria,Borg El Arab,2024-11-09,One year,435.46,84.2,1.0,Mobile wallet,3,5.0,1235.56,0,Fiber Internet,3G
CUST-104893,Cairo,Zamalek,2024-11-10,Month-to-month,211.3,11.1,0.0,Credit card,3,5.0,439.91,1,Mobile,5G
CUST-104894,Upper Egypt,Sohag,2024-11-10,Month-to-month,195.5,,1.0,Mobile wallet,3,4.0,591.42,0,DSL Internet,4G
CUST-104895,Delta,Tanta,2024-11-10,Month-to-month,147.15,,0.0,Cash,3,4.0,291.09,1,Mobile,3G
CUST-104896,Cairo,Heliopolis,2024-11-10,Month-to-month,302.08,139.18,0.0,Credit card,3,5.0,871.59,0,DSL Internet,5G
CUST-104897,Delta,Tanta,2024-11-11,Month-to-month,251.0,110.67,0.0,Cash,3,4.0,527.32,1,DSL Internet,4G
CUST-104898,Canal,Ismailia,2024-11-12,Month-to-month,287.06,138.43,4.0,Cash,3,3.0,919.41,0,Fiber Internet,4G
CUST-104899,Upper Egypt,Sohag,2024-11-13,One year,145.17,7.52,1.0,Credit card,3,5.0,423.8,0,Mobile,5G
CUST-104900,Delta,Zagazig,2024-11-13,One year,335.71,172.38,4.0,Cash,3,2.0,679.41,1,Fiber Internet,4G
CUST-104901,Cairo,Maadi,2024-11-14,Two year,559.83,110.62,2.0,Mobile wallet,3,3.0,1139.32,1,Fiber Internet,3G
CUST-104902,Cairo,Zamalek,2024-11-16,One year,563.43,146.33,0.0,Mobile wallet,2,4.0,1048.27,0,Fiber Internet,5G
CUST-104903,Canal,Suez,2024-11-16,Month-to-month,451.38,244.14,2.0,Credit card,2,4.0,450.59,1,Fiber Internet,5G
CUST-104904,Upper Egypt,Sohag,2024-11-16,Two year,157.24,4.93,0.0,Bank transfer,2,4.0,292.58,0,Mobile,4G
CUST-104905,Delta,Tanta,2024-11-16,One year,256.67,65.07,0.0,Mobile wallet,2,4.0,512.96,0,DSL Internet,4G
CUST-104906,Canal,Suez,2024-11-17,One year,210.71,76.1,0.0,Credit card,2,5.0,459.57,0,DSL Internet,4G
CUST-104907,Cairo,Zamalek,2024-11-17,Month-to-month,265.35,51.82,2.0,Bank transfer,2,4.0,249.97,1,DSL Internet,3G
CUST-104908,Upper Egypt,Minya,2024-11-18,One year,160.43,6.46,1.0,Cash,2,4.0,344.94,0,Mobile,4G
CUST-104909,Cairo,New Cairo,2024-11-18,One year,439.19,315.45,3.0,Mobile wallet,2,3.0,940.79,0,Fiber Internet,5G
CUST-104910,Cairo,Maadi,2024-11-19,One year,619.22,228.23,1.0,Mobile wallet,2,3.0,1238.16,0,Fiber Internet,4G
CUST-104911,Alexandria,Montazah,2024-11-19,Two year,329.18,98.67,0.0,Cash,2,4.0,671.93,0,DSL Internet,4G
CUST-104912,Alexandria,Montazah,2024-11-19,Two year,271.96,144.02,1.0,Credit card,2,4.0,268.88,1,DSL Internet,5G
CUST-104913,Canal,Port Said,2024-11-20,Two year,500.19,291.8,1.0,Credit card,2,4.0,982.49,0,Bundle,4G
CUST-104914,Alexandria,Montazah,2024-11-20,One year,181.33,6.88,0.0,Mobile wallet,2,4.0,365.61,0,Mobile,5G
CUST-104915,Upper Egypt,Qena,2024-11-20,Two year,212.55,176.66,1.0,Bank transfer,2,,411.93,0,DSL Internet,5G
CUST-104916,Upper Egypt,Qena,2024-11-21,Two year,436.4,153.56,0.0,Credit card,2,4.0,889.32,0,Bundle,4G
CUST-104917,Delta,Mansoura,2024-11-21,Month-to-month,129.58,5.66,1.0,Cash,2,4.0,129.8,1,Mobile,4G
CUST-104918,Canal,Ismailia,2024-11-22,One year,181.11,8.01,2.0,Credit card,2,3.0,173.38,1,Mobile,4G
CUST-104919,Alexandria,Montazah,2024-11-22,Month-to-month,198.22,7.38,0.0,Mobile wallet,2,4.0,407.69,0,Mobile,4G
CUST-104920,Alexandria,Montazah,2024-11-22,Month-to-month,383.26,123.56,0.0,Mobile wallet,2,5.0,394.54,1,Fiber Internet,4G
CUST-104921,Cairo,Heliopolis,2024-11-22,Month-to-month,510.54,266.04,0.0,Mobile wallet,2,4.0,533.47,1,Fiber Internet,4G
CUST-104922,Cairo,Nasr City,2024-11-24,One year,218.87,10.83,0.0,Bank transfer,2,4.0,214.67,1,Mobile,4G
CUST-104923,Canal,Ismailia,2024-11-26,Month-to-month,425.52,148.17,0.0,Credit card,2,4.0,886.07,0,Fiber Internet,5G
CUST-104924,Alexandria,Montazah,2024-11-26,Month-to-month,234.7,108.25,1.0,Cash,2,3.0,255.04,1,DSL Internet,4G
CUST-104925,Alexandria,Smouha,2024-11-27,Month-to-month,583.64,265.36,0.0,Cash,2,5.0,1168.67,0,Bundle,4G
CUST-104926,Cairo,Heliopolis,2024-11-27,One year,335.38,72.73,2.0,Mobile wallet,2,5.0,673.94,0,DSL Internet,4G
CUST-104927,Delta,Damanhour,2024-11-28,Two year,684.65,267.3,0.0,Credit card,2,5.0,1406.47,0,Bundle,4G
CUST-104928,Upper Egypt,Minya,2024-11-28,Two year,417.06,312.86,1.0,Mobile wallet,2,3.0,380.93,1,Fiber Internet,5G
CUST-104929,Cairo,New Cairo,2024-11-28,Month-to-month,664.92,222.32,0.0,Bank transfer,2,4.0,1257.17,0,Bundle,5G
CUST-104930,Upper Egypt,Sohag,2024-11-29,Month-to-month,114.33,7.14,1.0,Credit card,2,4.0,223.62,0,Mobile,4G
CUST-104931,Delta,Mansoura,2024-11-30,Two year,541.92,175.59,1.0,Credit card,2,3.0,1069.05,0,Bundle,4G
CUST-104932,Upper Egypt,Minya,2024-11-30,Month-to-month,393.98,202.38,1.0,Credit card,2,,791.5,0,Bundle,4G
CUST-104933,Cairo,Maadi,2024-11-30,Two year,314.59,118.96,0.0,Bank transfer,2,4.0,635.91,0,DSL Internet,5G
CUST-104934,Delta,Mansoura,2024-12-02,One year,409.79,241.87,0.0,Bank transfer,2,4.0,774.57,0,Fiber Internet,4G
CUST-104935,Cairo,Nasr City,2024-12-02,One year,235.77,14.65,0.0,Cash,2,,246.64,1,Mobile,5G
CUST-104936,Alexandria,Borg El Arab,2024-12-02,Month-to-month,187.57,7.7,1.0,Mobile wallet,2,2.0,380.14,0,Mobile,4G
CUST-104937,Upper Egypt,Qena,2024-12-03,Month-to-month,164.52,6.8,0.0,Bank transfer,2,5.0,329.83,0,Mobile,4G
CUST-104938,Delta,Tanta,2024-12-03,One year,186.29,11.98,1.0,Credit card,2,4.0,379.89,0,Mobile,4G
CUST-104939,Cairo,Heliopolis,2024-12-05,Month-to-month,173.83,3.89,2.0,Cash,2,2.0,169.55,1,Mobile,3G
CUST-104940,Canal,Ismailia,2024-12-05,Two year,204.39,13.52,0.0,Credit card,2,5.0,404.88,0,Mobile,4G
CUST-104941,Cairo,Nasr City,2024-12-05,One year,765.28,291.86,4.0,Credit card,2,3.0,1464.28,0,Bundle,4G
CUST-104942,Delta,Damanhour,2024-12-06,Month-to-month,430.73,120.9,2.0,Mobile wallet,2,4.0,392.76,1,Fiber Internet,4G
CUST-104943,Red Sea,Marsa Alam,2024-12-07,Month-to-month,604.33,339.11,0.0,Mobile wallet,2,,1197.23,0,Bundle,5G
CUST-104944,Delta,Tanta,2024-12-07,One year,401.29,97.25,6.0,Cash,2,1.0,857.95,0,Fiber Internet,3G
CUST-104945,Upper Egypt,Sohag,2024-12-07,Month-to-month,161.17,7.89,2.0,Bank transfer,2,4.0,315.01,0,Mobile,5G
CUST-104946,Delta,Damanhour,2024-12-08,One year,179.34,9.0,1.0,Bank transfer,2,4.0,168.17,1,Mobile,4G
CUST-104947,Upper Egypt,Sohag,2024-12-08,One year,385.03,199.15,0.0,Bank transfer,2,5.0,787.45,0,Bundle,4G
CUST-104948,Delta,Tanta,2024-12-08,Two year,142.9,5.91,1.0,Mobile wallet,2,4.0,280.33,0,Mobile,3G
CUST-104949,Upper Egypt,Sohag,2024-12-10,Month-to-month,253.02,187.11,1.0,Bank transfer,2,5.0,257.45,1,DSL Internet,5G
CUST-104950,Cairo,Heliopolis,2024-12-10,Month-to-month,160.76,24.69,0.0,Bank transfer,2,5.0,165.01,1,Mobile,5G
CUST-104951,Upper Egypt,Minya,2024-12-10,Two year,163.01,8.4,2.0,Credit card,2,3.0,319.41,0,Mobile,4G
CUST-104952,Cairo,Nasr City,2024-12-10,One year,254.86,13.56,0.0,Cash,2,4.0,518.18,0,Mobile,4G
CUST-104953,Red Sea,Sharm El Sheikh,2024-12-10,One year,393.94,143.49,1.0,Credit card,2,3.0,786.76,0,Fiber Internet,4G
CUST-104954,Cairo,Heliopolis,2024-12-11,One year,196.47,24.42,2.0,Bank transfer,2,4.0,362.01,0,Mobile,5G
CUST-104955,Cairo,Maadi,2024-12-11,Two year,635.7,266.84,0.0,Cash,2,4.0,1244.72,0,Bundle,5G
CUST-104956,Canal,Ismailia,2024-12-11,Month-to-month,208.47,17.32,1.0,Mobile wallet,2,5.0,403.1,0,Mobile,4G
CUST-104957,Cairo,Heliopolis,2024-12-11,Month-to-month,261.11,28.29,1.0,Mobile wallet,2,4.0,490.72,0,Mobile,5G
CUST-104958,Alexandria,Sidi Gaber,2024-12-12,Two year,193.01,7.47,0.0,Mobile wallet,2,4.0,372.94,0,Mobile,4G
CUST-104959,Upper Egypt,Qena,2024-12-12,Month-to-month,472.86,266.7,1.0,Credit card,2,4.0,971.11,0,Bundle,4G
CUST-104960,Cairo,Heliopolis,2024-12-13,Two year,591.78,262.43,1.0,Cash,2,3.0,1184.22,0,Fiber Internet,4G
CUST-104961,Cairo,Heliopolis,2024-12-14,Month-to-month,465.01,93.95,3.0,Credit card,2,2.0,430.49,1,Fiber Internet,3G
CUST-104962,Delta,Tanta,2024-12-14,Month-to-month,291.77,133.92,2.0,Cash,2,4.0,278.8,1,Fiber Internet,4G
CUST-104963,Cairo,New Cairo,2024-12-15,Month-to-month,836.54,457.5,0.0,Credit card,2,5.0,1674.1,0,Bundle,5G
CUST-104964,Cairo,Nasr City,2024-12-16,Two year,186.29,14.89,1.0,Mobile wallet,2,4.0,372.54,0,Mobile,5G
CUST-104965,Cairo,Heliopolis,2024-12-16,One year,339.33,179.21,1.0,Mobile wallet,2,4.0,334.98,1,DSL Internet,4G
CUST-104966,Alexandria,Smouha,2024-12-16,Month-to-month,239.42,58.54,1.0,Credit card,2,3.0,493.27,0,DSL Internet,3G
CUST-104967,Alexandria,Borg El Arab,2024-12-17,Month-to-month,203.89,4.29,2.0,Bank transfer,1,3.0,206.9,0,Mobile,3G
CUST-104968,Cairo,Maadi,2024-12-17,Month-to-month,228.68,13.3,0.0,Cash,1,5.0,223.45,0,Mobile,4G
CUST-104969,Delta,Tanta,2024-12-17,Month-to-month,321.65,88.4,0.0,Credit card,1,4.0,312.96,0,Fiber Internet,4G
CUST-104970,Delta,Mansoura,2024-12-17,One year,156.64,7.27,0.0,Cash,1,4.0,155.38,0,Mobile,4G
CUST-104971,Cairo,Zamalek,2024-12-18,Month-to-month,164.5,4.26,2.0,Bank transfer,1,2.0,150.79,0,Mobile,3G
CUST-104972,Alexandria,Sidi Gaber,2024-12-18,Month-to-month,184.83,16.2,0.0,Mobile wallet,1,,0.0,1,Mobile,5G
CUST-104973,Canal,Suez,2024-12-18,Month-to-month,183.8,15.53,3.0,Mobile wallet,1,3.0,174.56,0,Mobile,4G
CUST-104974,Delta,Damanhour,2024-12-19,One year,237.69,95.24,0.0,Bank transfer,1,4.0,249.19,0,DSL Internet,4G
CUST-104975,Alexandria,Smouha,2024-12-19,One year,450.11,245.81,0.0,Mobile wallet,1,4.0,419.29,0,Fiber Internet,5G
CUST-104976,Alexandria,Sidi Gaber,2024-12-20,One year,580.21,183.03,3.0,Mobile wallet,1,3.0,588.79,0,Fiber Internet,4G
CUST-104977,Cairo,Nasr City,2024-12-20,One year,595.98,295.43,4.0,Mobile wallet,1,3.0,0.0,1,Fiber Internet,4G
CUST-104978,Upper Egypt,Assiut,2024-12-21,Two year,195.05,4.94,0.0,Mobile wallet,1,4.0,190.01,0,Mobile,3G
CUST-104979,Canal,Suez,2024-12-22,Month-to-month,278.16,116.0,1.0,Mobile wallet,1,3.0,0.0,1,Fiber Internet,4G
CUST-104980,Canal,Suez,2024-12-22,Two year,661.01,476.59,2.0,Bank transfer,1,4.0,685.27,0,Bundle,5G
CUST-104981,Cairo,New Cairo,2024-12-23,One year,235.15,22.35,0.0,Credit card,1,4.0,243.31,0,Mobile,5G
CUST-104982,Alexandria,Sidi Gaber,2024-12-24,Month-to-month,352.17,65.63,0.0,Credit card,1,3.0,361.85,0,Fiber Internet,3G
CUST-104983,Cairo,New Cairo,2024-12-24,Two year,653.1,156.38,3.0,Mobile wallet,1,4.0,673.95,0,Bundle,4G
CUST-104984,Alexandria,Sidi Gaber,2024-12-24,One year,451.7,183.93,0.0,Cash,1,5.0,467.65,0,Fiber Internet,4G
CUST-104985,Alexandria,Borg El Arab,2024-12-24,One year,164.48,8.7,0.0,Credit card,1,4.0,160.76,0,Mobile,5G
CUST-104986,Delta,Mansoura,2024-12-24,Month-to-month,141.55,7.52,0.0,Mobile wallet,1,4.0,139.35,0,Mobile,5G
CUST-104987,Cairo,Nasr City,2024-12-25,Month-to-month,451.87,138.65,1.0,Credit card,1,4.0,463.97,0,Fiber Internet,4G
CUST-104988,Canal,Suez,2024-12-26,Two year,307.88,146.37,0.0,Mobile wallet,1,3.0,321.27,0,DSL Internet,4G
CUST-104989,Cairo,New Cairo,2024-12-27,Month-to-month,270.24,172.02,1.0,Mobile wallet,1,5.0,268.41,0,DSL Internet,5G
CUST-104990,Cairo,Zamalek,2024-12-27,Month-to-month,280.28,303.46,2.0,Mobile wallet,1,3.0,0.0,1,DSL Internet,5G
CUST-104991,Canal,Port Said,2024-12-27,Month-to-month,190.66,7.73,2.0,Mobile wallet,1,4.0,186.16,0,Mobile,4G
CUST-104992,Upper Egypt,Qena,2024-12-27,One year,173.21,106.54,0.0,Mobile wallet,1,4.0,167.3,0,DSL Internet,4G
CUST-104993,Alexandria,,2024-12-27,Two year,510.55,239.29,0.0,Credit card,1,4.0,519.62,0,Fiber Internet,4G
CUST-104994,Delta,Zagazig,2024-12-27,One year,570.62,188.64,1.0,Mobile wallet,1,3.0,595.9,0,Bundle,4G
CUST-104995,Cairo,Heliopolis,2024-12-28,Two year,369.85,116.35,1.0,,1,4.0,376.64,0,DSL Internet,4G
CUST-104996,Cairo,Heliopolis,2024-12-30,Month-to-month,449.38,159.48,2.0,Cash,1,4.0,0.0,1,Fiber Internet,4G
CUST-104997,Alexandria,Montazah,2024-12-30,Month-to-month,362.4,175.44,2.0,Cash,1,3.0,0.0,1,Fiber Internet,4G
CUST-104998,Alexandria,Sidi Gaber,2024-12-31,Month-to-month,503.71,,1.0,Credit card,1,3.0,0.0,1,Fiber Internet,4G
CUST-104999,Delta,Mansoura,2024-12-31,Month-to-month,140.36,6.77,0.0,Credit card,1,4.0,148.05,0,Mobile,4G
